stableId,id,sourceType,questionScope,sectionIds,entryId,level,displayLevel,prompt,correctAnswer,distractorB,distractorBFeedback,distractorC,distractorCFeedback,distractorD,distractorDFeedback,visibleCorrectExplanation,visibleConnection,visibleTakeaway,qualityProfile,sourceUrl
L100_introductory-questions_1_067,question.introductory-questions.100.001,entry.quizQuestions,Raw Content,introductory-questions,raw.introductory-questions.001,1,100,What is the main job of the opening questions?,"They frame the big question through arrival, progress, and endings",They replace the detailed examples in later sections,"That answer changes the point: They frame the big question through arrival, progress, and endings.",They reduce the opening to facts instead of asking what arrival means,"That answer changes the point: They frame the big question through arrival, progress, and endings.",They settle the answer too early instead of opening the problem,"That answer changes the point: They frame the big question through arrival, progress, and endings.","They frame the big question through arrival, progress, and endings.",,,,https://wsc-2026-study-routes.vercel.app/raw-content-bank.js?v=20260504f
L100_introductory-questions_2_054,question.introductory-questions.100.002,entry.quizQuestions,Raw Content,introductory-questions,raw.introductory-questions.002,1,100,What does “My Way” mainly turn the end into?,A moment for looking back at a life path,A joke about avoiding every consequence,That answer changes the point: A moment for looking back at a life path.,A song about planning another vacation,That answer changes the point: A moment for looking back at a life path.,A final judgment on travel rather than a life looking backward,That answer changes the point: A moment for looking back at a life path.,A moment for looking back at a life path.,,,,https://wsc-2026-study-routes.vercel.app/raw-content-bank.js?v=20260504f
L100_introductory-questions_3_077,question.introductory-questions.100.003,entry.quizQuestions,Raw Content,introductory-questions,raw.introductory-questions.003,1,100,What changed when viewers watched long films at home?,They could check the time remaining more easily,They could rewrite the ending while watching,That answer changes the point: They could check the time remaining more easily.,Watching at home adds control without changing the filmed ending,That answer changes the point: They could check the time remaining more easily.,"Checking time changes expectation, not the work itself",That answer changes the point: They could check the time remaining more easily.,They could check the time remaining more easily.,,,,https://wsc-2026-study-routes.vercel.app/raw-content-bank.js?v=20260504f
L100_introductory-questions_4_035,question.introductory-questions.100.004,entry.quizQuestions,Raw Content,introductory-questions,raw.introductory-questions.004,1,100,What does Simba want before he is ready?,The freedom and status of being king,A map showing every possible route,That answer changes the point: The freedom and status of being king.,A wish for freedom without admitting the burden of rule,That answer changes the point: The freedom and status of being king.,A wish to arrive at power before being ready for it,That answer changes the point: The freedom and status of being king.,The freedom and status of being king.,,,,https://wsc-2026-study-routes.vercel.app/raw-content-bank.js?v=20260504f
L100_introductory-questions_5_075,question.introductory-questions.100.005,entry.quizQuestions,Raw Content,introductory-questions,raw.introductory-questions.005,1,100,"What do nuclear cars, food pills, and 3D TVs share?",They promised futures that did not become normal,They all became required parts of daily life,That answer changes the point: They promised futures that did not become normal.,They were imagined strongly but never became ordinary life,That answer changes the point: They promised futures that did not become normal.,They show that prediction can fail even when it sounds close,That answer changes the point: They promised futures that did not become normal.,They promised futures that did not become normal.,,,,https://wsc-2026-study-routes.vercel.app/raw-content-bank.js?v=20260504f
L100_introductory-questions_6_090,question.introductory-questions.100.006,entry.quizQuestions,Raw Content,introductory-questions,raw.introductory-questions.006,1,100,What do unfinished games and unfinished degrees both show?,Starting and completing are different challenges,Digital goals are always harder than school goals,That answer changes the point: Starting and completing are different challenges.,People often stop even when the goal remains possible,That answer changes the point: Starting and completing are different challenges.,Every unfinished route is a personal failure,That answer changes the point: Starting and completing are different challenges.,Starting and completing are different challenges.,,,,https://wsc-2026-study-routes.vercel.app/raw-content-bank.js?v=20260504f
L200_introductory-questions_1_179,question.introductory-questions.200.001,entry.quizQuestions,Raw Content,introductory-questions,raw.introductory-questions.001,2,200,Why does “Are we there yet?” work as a big question?,"It can be literal, emotional, academic, and philosophical",It applies only to children sitting in cars on trips,"That answer changes the point: It can be literal, emotional, academic, and philosophical.",It proves destinations matter more than journeys,"That answer changes the point: It can be literal, emotional, academic, and philosophical.",It turns a question into a fixed answer instead of a lens,"That answer changes the point: It can be literal, emotional, academic, and philosophical.","It can be literal, emotional, academic, and philosophical.",,,,https://wsc-2026-study-routes.vercel.app/raw-content-bank.js?v=20260504f
L200_introductory-questions_2_212,question.introductory-questions.200.002,entry.quizQuestions,Raw Content,introductory-questions,raw.introductory-questions.002,2,200,"What more specific detail from ""Frank Sinatra, My Way"" should an alpaca remember after the obvious fact?","It turns a threshold into a moral pressure point: after crossing it, choices are judged by cost, timing, and lost reversibility.",It gives the future emotional weight before it arrives; the wait starts changing behavior before the destination exists.,"That answer changes the point: It turns a threshold into a moral pressure point: after crossing it, choices are judged by cost, timing, and lost reversibility.","It moves journey language from travel into identity, work, recovery, and growth, where distance is harder to measure than change.","That answer changes the point: It turns a threshold into a moral pressure point: after crossing it, choices are judged by cost, timing, and lost reversibility.",It turns arrival into a contested reward: institutions can recognize the endpoint even when the route did more of the real changing.,"That answer changes the point: It turns a threshold into a moral pressure point: after crossing it, choices are judged by cost, timing, and lost reversibility.","It turns a threshold into a moral pressure point: after crossing it, choices are judged by cost, timing, and lost reversibility.",,,,WSC_2026_updated_level_100_200_300_questions.csv
L200_introductory-questions_3_211,question.introductory-questions.200.003,entry.quizQuestions,Raw Content,introductory-questions,raw.introductory-questions.003,2,200,"Why does False endings and near-endings matter to ""Are we there yet?""","It makes almost-finished status unstable: the audience feels closure before the system, story, or conflict is actually done.",It interrupts the direct route and tests whether the destination still matters after the path has changed.,"That answer changes the point: It makes almost-finished status unstable: the audience feels closure before the system, story, or conflict is actually done.","It turns a threshold into a moral pressure point: after crossing it, choices are judged by cost, timing, and lost reversibility.","That answer changes the point: It makes almost-finished status unstable: the audience feels closure before the system, story, or conflict is actually done.",It gives the future emotional weight before it arrives; the wait starts changing behavior before the destination exists.,"That answer changes the point: It makes almost-finished status unstable: the audience feels closure before the system, story, or conflict is actually done.","It makes almost-finished status unstable: the audience feels closure before the system, story, or conflict is actually done.",,,,WSC_2026_updated_level_100_200_300_questions.csv
L200_introductory-questions_4_210,question.introductory-questions.200.004,entry.quizQuestions,Raw Content,introductory-questions,raw.introductory-questions.004,2,200,"Why does Ordinary life as journey matter to ""Are we there yet?""","It moves journey language from travel into identity, work, recovery, and growth, where distance is harder to measure than change.",It turns arrival into a contested reward: institutions can recognize the endpoint even when the route did more of the real changing.,"That answer changes the point: It moves journey language from travel into identity, work, recovery, and growth, where distance is harder to measure than change.","It exposes ending as a decision point, not a natural fact; a rule, audience, institution, or feeling can each declare the finish at a different time.","That answer changes the point: It moves journey language from travel into identity, work, recovery, and growth, where distance is harder to measure than change.","It makes almost-finished status unstable: the audience feels closure before the system, story, or conflict is actually done.","That answer changes the point: It moves journey language from travel into identity, work, recovery, and growth, where distance is harder to measure than change.","It moves journey language from travel into identity, work, recovery, and growth, where distance is harder to measure than change.",,,,WSC_2026_updated_level_100_200_300_questions.csv
L200_introductory-questions_5_214,question.introductory-questions.200.005,entry.quizQuestions,Raw Content,introductory-questions,raw.introductory-questions.005,2,200,"What more specific detail from ""Technologies That Seemed Close but Never Arrived"" should an alpaca remember after the obvious fact?","At the entry level, this teaches students to question predictions instead of simply believing them. At the section level, it gives the introduction a bridge into futurism. Key examples to keep available: Nuclear-Powered Cars; Food Pills; 3D Television; Why Some Futures Stay “Almost There”.",The entry mainly proves that every predicted technology eventually succeeds if people wait long enough.,That reverses the point: some futures stay almost there because real-world adoption never catches up to the prediction.,"The key lesson is that nuclear cars, food pills, and 3D television failed only because they were never imagined clearly.","The problem was not only imagination; the entry stresses practical limits such as safety, cost, usefulness, comfort, and adoption.",Students should remember that technical possibility alone guarantees adoption once a prototype exists.,"The entry says the opposite: a technology can be technically possible and still fail if it is inconvenient, risky, costly, or not useful enough.","The entry uses nuclear-powered cars, food pills, and 3D television to show that prediction needs reality checks about use, risk, cost, comfort, and adoption.",,,,WSC_2026_updated_level_100_200_300_questions.csv
L200_introductory-questions_6_213,question.introductory-questions.200.006,entry.quizQuestions,Raw Content,introductory-questions,raw.introductory-questions.006,2,200,"What more specific detail from ""Things We Commit To but Do Not Finish"" should an alpaca remember after the obvious fact?","At the entry level, this helps students separate starting from finishing. At the section level, it gives the introduction a realistic counterpoint: some routes do not end in arrival. Key examples to keep available: The truth is that sometimes we’ll never get there at all; Most videogames are left unfinished; nearly half of those who start university don’t get a degree; Unfinished Video Games.",The entry says unfinished games and degrees mostly prove that people should never begin difficult routes.,"That overcorrects: the entry asks why commitments are not completed, not whether difficult routes should be avoided.",The key detail is that modern technology always makes completion easier by removing distraction.,"The entry is more balanced: technology can help organize work, but it can also create new exits and distractions.",Students should remember that non-completion is always irrational failure rather than sometimes a changed cost-benefit decision.,"The entry says not finishing can be failure, but it can also be a rational decision when the destination no longer justifies the cost.","The entry uses unfinished games, university degrees, and unfinished goals to show that starting and finishing are different problems shaped by time, support, pressure, distraction, and changing value.",,,,WSC_2026_updated_level_100_200_300_questions.csv
L300_introductory-questions__235,question.introductory-questions.300.007,section.guideQuestions,Section Journey,introductory-questions,,3,300,"Start with this detail: Some goals are destination-centered (finish line, graduation, arrival city). Which idea gives the best comparison?",What counts as an ending,False endings and near-endings,That answer changes the point: What counts as an ending.,Detours,That answer changes the point: What counts as an ending.,Point of no return,That answer changes the point: What counts as an ending.,Correct: What counts as an ending.,"The question starts from a concrete detail in Destination vs journey: Some goals are destination-centered (finish line, graduation, arrival city). It is really asking which answer handles a similar pressure. What counts as an ending is the best connection because it exposes ending as a decision point, not a natural fact; a rule, audience, institution, or feeling can each declare the finish at a different time. Both ideas ask alpacas to notice that People love process talk, but schools, jobs, contests, and governments still reward visible endpoints. That tension drives the whole theme.",,,WSC_2026_updated_level_100_200_300_questions.csv
L300_introductory-questions__236,question.introductory-questions.300.008,section.guideQuestions,Section Journey,introductory-questions,,3,300,Which idea gives the clearest comparison to False endings and near-endings?,Detours,Point of no return,That answer changes the point: Detours.,Waiting and anticipation,That answer changes the point: Detours.,Ordinary life as journey,That answer changes the point: Detours.,Correct: Detours.,"The question starts from a concrete detail in False endings and near-endings: Beta products may look finished but are still drafts. It is really asking which answer handles a similar pressure. Detours is the best connection because it interrupts the direct route and tests whether the destination still matters after the path has changed. Both ideas ask alpacas to notice that Near-completion is psychologically loud. It can comfort people, trick them, or make the final stretch feel strangely longer.",,,WSC_2026_updated_level_100_200_300_questions.csv
L300_introductory-questions__237,question.introductory-questions.300.009,section.guideQuestions,Section Journey,introductory-questions,,3,300,Which idea turns the same pressure behind Point of no return into a different form?,Waiting and anticipation,Ordinary life as journey,That answer changes the point: Waiting and anticipation.,Destination vs journey,That answer changes the point: Waiting and anticipation.,What counts as an ending,That answer changes the point: Waiting and anticipation.,Correct: Waiting and anticipation.,"The question starts from a concrete detail in Point of no return: Used in travel, stories, aviation, war, ethics, climate, and medicine. It is really asking which answer handles a similar pressure. Waiting and anticipation is the best connection because it gives the future emotional weight before it arrives; the wait starts changing behavior before the destination exists. Both ideas ask alpacas to notice that Thresholds matter because people rarely recognize them with perfect timing. The judgment often comes after reversibility has already disappeared.",,,WSC_2026_updated_level_100_200_300_questions.csv
L300_introductory-questions__238,question.introductory-questions.300.010,section.guideQuestions,Section Journey,introductory-questions,,3,300,Which idea gives the clearest comparison for Ordinary life as journey?,Destination vs journey,What counts as an ending,That answer changes the point: Destination vs journey.,False endings and near-endings,That answer changes the point: Destination vs journey.,Detours,That answer changes the point: Destination vs journey.,Correct: Destination vs journey.,"The question starts from a concrete detail in Ordinary life as journey: Life journeys are often nonlinear. It is really asking which answer handles a similar pressure. Destination vs journey is the best connection because it turns arrival into a contested reward: institutions can recognize the endpoint even when the route did more of the real changing. Both ideas ask alpacas to notice that Journey language helps people explain growth, but it can also hide the fact that life rarely offers a single finish line.",,,WSC_2026_updated_level_100_200_300_questions.csv
L300_introductory-questions__239,question.introductory-questions.300.011,section.guideQuestions,Section Journey,introductory-questions,,3,300,Which idea carries the same logic as What counts as an ending?,Point of no return,Waiting and anticipation,That answer changes the point: Point of no return.,Ordinary life as journey,That answer changes the point: Point of no return.,Destination vs journey,That answer changes the point: Point of no return.,Correct: Point of no return.,"The question starts from a concrete detail in What counts as an ending: A story ending is not the same as a historical ending. It is really asking which answer handles a similar pressure. Point of no return is the best connection because it turns a threshold into a moral pressure point: after crossing it, choices are judged by cost, timing, and lost reversibility. Both ideas ask alpacas to notice that Endings are often declared by systems before people feel them, or felt by people before systems admit them.",,,WSC_2026_updated_level_100_200_300_questions.csv
L300_introductory-questions_1_316,question.introductory-questions.300.001,section.guideQuestions,Section Journey,introductory-questions,,3,300,"Why does the introduction mention products, projects, and everyday life?",To show that progress questions reach beyond physical travel,To prove that business questions are more important than art,That answer changes the point: To show that progress questions reach beyond physical travel.,To make the big question only about productivity and planning,That answer changes the point: To show that progress questions reach beyond physical travel.,To avoid the harder questions about endings and meaning,That answer changes the point: To show that progress questions reach beyond physical travel.,Correct: To show that progress questions reach beyond physical travel.,,,,https://wsc-2026-study-routes.vercel.app/raw-content-bank.js?v=20260504f
L300_introductory-questions_2_317,question.introductory-questions.300.002,section.guideQuestions,Section Journey,introductory-questions,,3,300,Why does “My Way” fit the idea of a point of no return?,The speaker reviews choices that cannot simply be replayed,The song says every ending can be easily reversed,That answer changes the point: The speaker reviews choices that cannot simply be replayed.,The speaker avoids responsibility for the route taken,That answer changes the point: The speaker reviews choices that cannot simply be replayed.,The song treats the future as completely open,That answer changes the point: The speaker reviews choices that cannot simply be replayed.,Correct: The speaker reviews choices that cannot simply be replayed.,,,,https://wsc-2026-study-routes.vercel.app/raw-content-bank.js?v=20260504f
L300_introductory-questions_3_318,question.introductory-questions.300.003,section.guideQuestions,Section Journey,introductory-questions,,3,300,Why can repeated endings affect an audience?,They reset expectations of closure several times,They make every story easier to understand,That answer changes the point: They reset expectations of closure several times.,They prove the final scene has no importance,That answer changes the point: They reset expectations of closure several times.,They remove the emotional weight of farewell,That answer changes the point: They reset expectations of closure several times.,Correct: They reset expectations of closure several times.,,,,https://wsc-2026-study-routes.vercel.app/raw-content-bank.js?v=20260504f
L300_introductory-questions_4_319,question.introductory-questions.300.004,section.guideQuestions,Section Journey,introductory-questions,,3,300,Why does Simba fit the idea of liminality?,He is between childhood and expected responsibility,He has already completed every adult duty,That answer changes the point: He is between childhood and expected responsibility.,He has no connection to growth or change,That answer changes the point: He is between childhood and expected responsibility.,He rejects the idea of becoming older,That answer changes the point: He is between childhood and expected responsibility.,Correct: He is between childhood and expected responsibility.,,,,https://wsc-2026-study-routes.vercel.app/raw-content-bank.js?v=20260504f
L300_introductory-questions_5_320,question.introductory-questions.300.005,section.guideQuestions,Section Journey,introductory-questions,,3,300,Why do exciting technologies sometimes fail to arrive?,"Safety, cost, usefulness, timing, or demand can block them",People always reject new inventions for no reason,"That answer changes the point: Safety, cost, usefulness, timing, or demand can block them.",Science stops working after the prototype stage,"That answer changes the point: Safety, cost, usefulness, timing, or demand can block them.",The most exciting idea is always the most practical,"That answer changes the point: Safety, cost, usefulness, timing, or demand can block them.","Correct: Safety, cost, usefulness, timing, or demand can block them.",,,,https://wsc-2026-study-routes.vercel.app/raw-content-bank.js?v=20260504f
L300_introductory-questions_6_321,question.introductory-questions.300.006,section.guideQuestions,Section Journey,introductory-questions,,3,300,Why can modern technology make finishing harder?,It can create distractions and endless alternative options,It always removes the need for self-control,That answer changes the point: It can create distractions and endless alternative options.,It makes every long project simpler to complete,That answer changes the point: It can create distractions and endless alternative options.,It prevents people from tracking progress,That answer changes the point: It can create distractions and endless alternative options.,Correct: It can create distractions and endless alternative options.,,,,https://wsc-2026-study-routes.vercel.app/raw-content-bank.js?v=20260504f
L100_progress-not-regress_1_103,question.progress-not-regress.100.001,entry.quizQuestions,Raw Content,progress-not-regress,raw.progress-not-regress.001,1,100,What problem did early progress indicators help computer users solve?,They showed that a process was still active,They made slow programs work without delay,That answer changes the point: They showed that a process was still active.,They prevented computers from ever freezing,That answer changes the point: They showed that a process was still active.,They replaced the need for saving files,That answer changes the point: They showed that a process was still active.,They showed that a process was still active.,,,,https://wsc-2026-study-routes.vercel.app/raw-content-bank.js?v=20260504f
L100_progress-not-regress_2_091,question.progress-not-regress.100.002,entry.quizQuestions,Raw Content,progress-not-regress,raw.progress-not-regress.002,1,100,What is a percent-done progress indicator designed to show?,How much of a process appears complete,That a page has no structure yet,That answer changes the point: How much of a process appears complete.,A decorative logo before an app opens,That answer changes the point: How much of a process appears complete.,A command line with only error messages,That answer changes the point: How much of a process appears complete.,How much of a process appears complete.,,,,https://wsc-2026-study-routes.vercel.app/raw-content-bank.js?v=20260504f
L100_progress-not-regress_3_011,question.progress-not-regress.100.003,entry.quizQuestions,Raw Content,progress-not-regress,raw.progress-not-regress.003,1,100,What is a placebo button?,A control that feels active but may not change the system,A button that always speeds up a machine,That answer changes the point: A control that feels active but may not change the system.,A broken control that no one is meant to press,That answer changes the point: A control that feels active but may not change the system.,A safety switch used only in emergencies,That answer changes the point: A control that feels active but may not change the system.,A control that feels active but may not change the system.,,,,https://wsc-2026-study-routes.vercel.app/raw-content-bank.js?v=20260504f
L100_progress-not-regress_4_099,question.progress-not-regress.100.004,entry.quizQuestions,Raw Content,progress-not-regress,raw.progress-not-regress.004,1,100,What change helped Houston airport reduce baggage-claim complaints?,Passengers walked longer before waiting at the carousel,Passengers received meals during long layovers,That answer changes the point: Passengers walked longer before waiting at the carousel.,Passengers were given gifts after landing,That answer changes the point: Passengers walked longer before waiting at the carousel.,Passengers waited in seats beside the aircraft,That answer changes the point: Passengers walked longer before waiting at the carousel.,Passengers walked longer before waiting at the carousel.,,,,https://wsc-2026-study-routes.vercel.app/raw-content-bank.js?v=20260504f
L100_progress-not-regress_5_094,question.progress-not-regress.100.005,entry.quizQuestions,Raw Content,progress-not-regress,raw.progress-not-regress.005,1,100,What is one basic purpose of a progress indicator in a task?,To show movement toward completion,To hide how the task is structured,That answer changes the point: To show movement toward completion.,To make users restart from zero,That answer changes the point: To show movement toward completion.,To remove the goal from view,That answer changes the point: To show movement toward completion.,To show movement toward completion.,,,,https://wsc-2026-study-routes.vercel.app/raw-content-bank.js?v=20260504f
L100_progress-not-regress_6_097,question.progress-not-regress.100.006,entry.quizQuestions,Raw Content,progress-not-regress,raw.progress-not-regress.006,1,100,What game appears in Google Chrome when a device goes offline?,The Dinosaur game,Galaxian,That answer changes the point: The Dinosaur game.,Tetris,That answer changes the point: The Dinosaur game.,Ridge Racer,That answer changes the point: The Dinosaur game.,The Dinosaur game.,,,,https://wsc-2026-study-routes.vercel.app/raw-content-bank.js?v=20260504f
L100_progress-not-regress_7_018,question.progress-not-regress.100.007,entry.quizQuestions,Raw Content,progress-not-regress,raw.progress-not-regress.007,1,100,What does GDP mainly measure?,Economic production within a country,Average personal happiness,That answer changes the point: Economic production within a country.,Passport travel freedom,That answer changes the point: Economic production within a country.,Income inequality inside households,That answer changes the point: Economic production within a country.,Economic production within a country.,,,,https://wsc-2026-study-routes.vercel.app/raw-content-bank.js?v=20260504f
L100_progress-not-regress_8_104,question.progress-not-regress.100.008,entry.quizQuestions,Raw Content,progress-not-regress,raw.progress-not-regress.008,1,100,What does the Second Law of Thermodynamics suggest about closed systems?,They tend toward greater disorder over time,They naturally become cleaner and more organized,That answer changes the point: They tend toward greater disorder over time.,They improve morally when left alone,That answer changes the point: They tend toward greater disorder over time.,They always produce social justice,That answer changes the point: They tend toward greater disorder over time.,They tend toward greater disorder over time.,,,,https://wsc-2026-study-routes.vercel.app/raw-content-bank.js?v=20260504f
L200_progress-not-regress_1_173,question.progress-not-regress.200.001,entry.quizQuestions,Raw Content,progress-not-regress,raw.progress-not-regress.001,2,200,Why can an imperfect progress bar still feel helpful?,It reduces uncertainty while users are waiting,It proves the estimate is always exact,That answer changes the point: It reduces uncertainty while users are waiting.,It removes the need for user patience,That answer changes the point: It reduces uncertainty while users are waiting.,It makes the computer finish instantly,That answer changes the point: It reduces uncertainty while users are waiting.,It reduces uncertainty while users are waiting.,,,,https://wsc-2026-study-routes.vercel.app/raw-content-bank.js?v=20260504f
L200_progress-not-regress_2_180,question.progress-not-regress.200.002,entry.quizQuestions,Raw Content,progress-not-regress,raw.progress-not-regress.002,2,200,What is an indeterminate progress bar most useful for?,Showing activity when exact progress is unknown,Showing the exact number of seconds remaining,That answer changes the point: Showing activity when exact progress is unknown.,Replacing all feedback with a fixed percentage,That answer changes the point: Showing activity when exact progress is unknown.,Proving the task has already finished,That answer changes the point: Showing activity when exact progress is unknown.,Showing activity when exact progress is unknown.,,,,https://wsc-2026-study-routes.vercel.app/raw-content-bank.js?v=20260504f
L200_progress-not-regress_3_198,question.progress-not-regress.200.003,entry.quizQuestions,Raw Content,progress-not-regress,raw.progress-not-regress.003,2,200,Which example is often discussed as a possible placebo button?,An elevator close-door button with little effect,A phone volume button changing sound level,That answer changes the point: An elevator close-door button with little effect.,A school alarm button triggering evacuation,That answer changes the point: An elevator close-door button with little effect.,A television power button turning it off,That answer changes the point: An elevator close-door button with little effect.,An elevator close-door button with little effect.,,,,https://wsc-2026-study-routes.vercel.app/raw-content-bank.js?v=20260504f
L200_progress-not-regress_4_174,question.progress-not-regress.200.004,entry.quizQuestions,Raw Content,progress-not-regress,raw.progress-not-regress.004,2,200,Why did the longer walk make travelers complain less?,Walking made more of the wait feel occupied,Walking made bags arrive in half the time,That answer changes the point: Walking made more of the wait feel occupied.,Walking made travelers forget their luggage,That answer changes the point: Walking made more of the wait feel occupied.,Walking removed the need for baggage claim,That answer changes the point: Walking made more of the wait feel occupied.,Walking made more of the wait feel occupied.,,,,https://wsc-2026-study-routes.vercel.app/raw-content-bank.js?v=20260504f
L200_progress-not-regress_5_187,question.progress-not-regress.200.005,entry.quizQuestions,Raw Content,progress-not-regress,raw.progress-not-regress.005,2,200,Why can small easy first steps increase task completion?,They make people feel they have already begun,They make the task harder to understand,That answer changes the point: They make people feel they have already begun.,They remove the need for motivation,That answer changes the point: They make people feel they have already begun.,They prove the final result is guaranteed,That answer changes the point: They make people feel they have already begun.,They make people feel they have already begun.,,,,https://wsc-2026-study-routes.vercel.app/raw-content-bank.js?v=20260504f
L200_progress-not-regress_6_175,question.progress-not-regress.200.006,entry.quizQuestions,Raw Content,progress-not-regress,raw.progress-not-regress.006,2,200,What did Ridge Racer famously include during loading?,A playable Galaxian-style waiting game,A full driving tutorial before every race,That answer changes the point: A playable Galaxian-style waiting game.,A restaurant payment game with a fee,That answer changes the point: A playable Galaxian-style waiting game.,A blank screen with no user feedback,That answer changes the point: A playable Galaxian-style waiting game.,A playable Galaxian-style waiting game.,,,,https://wsc-2026-study-routes.vercel.app/raw-content-bank.js?v=20260504f
L200_progress-not-regress_7_143,question.progress-not-regress.200.007,entry.quizQuestions,Raw Content,progress-not-regress,raw.progress-not-regress.007,2,200,What does the Gini coefficient help measure?,How income or wealth is distributed,How many goods a country produces,That answer changes the point: How income or wealth is distributed.,How powerful a passport is abroad,That answer changes the point: How income or wealth is distributed.,How expensive burgers are worldwide,That answer changes the point: How income or wealth is distributed.,How income or wealth is distributed.,,,,https://wsc-2026-study-routes.vercel.app/raw-content-bank.js?v=20260504f
L200_progress-not-regress_8_208,question.progress-not-regress.200.008,entry.quizQuestions,Raw Content,progress-not-regress,raw.progress-not-regress.008,2,200,"What does the phrase 'the arc of the moral universe is long, but it bends toward justice' express?",A belief that moral progress can happen over time,A law that history improves automatically,That answer changes the point: A belief that moral progress can happen over time.,A claim that science replaces all politics,That answer changes the point: A belief that moral progress can happen over time.,A warning that justice is impossible to reach,That answer changes the point: A belief that moral progress can happen over time.,A belief that moral progress can happen over time.,,,,https://wsc-2026-study-routes.vercel.app/raw-content-bank.js?v=20260504f
L300_progress-not-regress__255,question.progress-not-regress.300.009,section.guideQuestions,Section Journey,progress-not-regress,,3,300,Start with this detail: Progress bars reduce uncertainty. Which idea gives the best comparison?,Determinate vs indeterminate indicators,Skeleton screens and placebo progress,That answer changes the point: Determinate vs indeterminate indicators.,Progress as measurement problem,That answer changes the point: Determinate vs indeterminate indicators.,Moral and social progress,That answer changes the point: Determinate vs indeterminate indicators.,Correct: Determinate vs indeterminate indicators.,"The question starts from a concrete detail in Progress bars: Progress bars reduce uncertainty. It is really asking which answer handles a similar pressure. Determinate vs indeterminate indicators is the best connection because it separates measurable progress from mere activity, forcing users to decide whether they are seeing information or reassurance. Both ideas ask alpacas to notice that People are calmer when waiting has shape. The danger is that shape can feel like evidence even when the system is guessing or stalling.",,,WSC_2026_updated_level_100_200_300_questions.csv
L300_progress-not-regress__256,question.progress-not-regress.300.010,section.guideQuestions,Section Journey,progress-not-regress,,3,300,Which idea gives the clearest comparison to Skeleton screens and placebo progress?,Progress as measurement problem,Moral and social progress,That answer changes the point: Progress as measurement problem.,"Entropy, maintenance, and regress",That answer changes the point: Progress as measurement problem.,Personal progress is non-linear,That answer changes the point: Progress as measurement problem.,Correct: Progress as measurement problem.,"The question starts from a concrete detail in Skeleton screens and placebo progress: Skeleton screens preview layout before content arrives. It is really asking which answer handles a similar pressure. Progress as measurement problem is the best connection because it turns progress into a choice about value: the metric does not just report the goal, it quietly defines it. Both ideas ask alpacas to notice that People tolerate uncertainty better when a system gives them something to look at or press. The ethical line appears when comfort becomes staged control.",,,WSC_2026_updated_level_100_200_300_questions.csv
L300_progress-not-regress__257,question.progress-not-regress.300.011,section.guideQuestions,Section Journey,progress-not-regress,,3,300,Which idea turns the same pressure behind Moral and social progress into a different form?,"Entropy, maintenance, and regress",Personal progress is non-linear,"That answer changes the point: Entropy, maintenance, and regress.",Progress bars,"That answer changes the point: Entropy, maintenance, and regress.",Determinate vs indeterminate indicators,"That answer changes the point: Entropy, maintenance, and regress.","Correct: Entropy, maintenance, and regress.","The question starts from a concrete detail in Moral and social progress: Rights can expand over time. It is really asking which answer handles a similar pressure. Entropy, maintenance, and regress is the best connection because it makes maintenance the hidden condition of progress; without upkeep, systems slide backward without needing a dramatic collapse. Both ideas ask alpacas to notice that Progress stories can inspire action, but they can also hide who is still excluded after victory has been announced.",,,WSC_2026_updated_level_100_200_300_questions.csv
L300_progress-not-regress__258,question.progress-not-regress.300.012,section.guideQuestions,Section Journey,progress-not-regress,,3,300,Which idea gives the clearest comparison for Personal progress is non-linear?,Progress bars,Determinate vs indeterminate indicators,That answer changes the point: Progress bars.,Skeleton screens and placebo progress,That answer changes the point: Progress bars.,Progress as measurement problem,That answer changes the point: Progress bars.,Correct: Progress bars.,"The question starts from a concrete detail in Personal progress is non-linear: Plateaus are not failure. It is really asking which answer handles a similar pressure. Progress bars is the best connection because it turns invisible processing into a visible promise that completion is approaching, even when the user cannot verify real progress. Both ideas ask alpacas to notice that Visible improvement is easy to reward. Invisible consolidation, recovery, and plateau are harder to see but often more real.",,,WSC_2026_updated_level_100_200_300_questions.csv
L300_progress-not-regress__259,question.progress-not-regress.300.013,section.guideQuestions,Section Journey,progress-not-regress,,3,300,Which idea carries the same logic as Determinate vs indeterminate indicators?,Moral and social progress,"Entropy, maintenance, and regress",That answer changes the point: Moral and social progress.,Personal progress is non-linear,That answer changes the point: Moral and social progress.,Progress bars,That answer changes the point: Moral and social progress.,Correct: Moral and social progress.,"The question starts from a concrete detail in Determinate vs indeterminate indicators: Determinate indicators have a visible percentage or fixed path. It is really asking which answer handles a similar pressure. Moral and social progress is the best connection because it tests the belief that history improves by revealing backlash, uneven benefit, and progress that can be declared too early. Both ideas ask alpacas to notice that Users want honesty and comfort at the same time. Interface design often has to choose which kind of trust it is building.",,,WSC_2026_updated_level_100_200_300_questions.csv
L300_progress-not-regress_1_341,question.progress-not-regress.300.001,section.guideQuestions,Section Journey,progress-not-regress,,3,300,What did Brad A. Myers's research suggest about visible progress feedback?,Users often prefer feedback to a blank wait,Users prefer silence during every delay,That answer changes the point: Users often prefer feedback to a blank wait.,Users ignore all interface information,That answer changes the point: Users often prefer feedback to a blank wait.,Users reject progress if timing shifts,That answer changes the point: Users often prefer feedback to a blank wait.,Correct: Users often prefer feedback to a blank wait.,,,,https://wsc-2026-study-routes.vercel.app/raw-content-bank.js?v=20260504f
L300_progress-not-regress_2_342,question.progress-not-regress.300.002,section.guideQuestions,Section Journey,progress-not-regress,,3,300,What does a skeleton screen usually communicate to users?,The page structure is loading before content appears,The computer is restarting in the background,That answer changes the point: The page structure is loading before content appears.,The task has failed and needs a retry,That answer changes the point: The page structure is loading before content appears.,The final image has been removed from storage,That answer changes the point: The page structure is loading before content appears.,Correct: The page structure is loading before content appears.,,,,https://wsc-2026-study-routes.vercel.app/raw-content-bank.js?v=20260504f
L300_progress-not-regress_3_343,question.progress-not-regress.300.003,section.guideQuestions,Section Journey,progress-not-regress,,3,300,Why can placebo buttons make waiting feel easier?,They give people a sense of agency during delay,They secretly reduce the total waiting time,That answer changes the point: They give people a sense of agency during delay.,They guarantee the system is working correctly,That answer changes the point: They give people a sense of agency during delay.,They make people forget the task completely,That answer changes the point: They give people a sense of agency during delay.,Correct: They give people a sense of agency during delay.,,,,https://wsc-2026-study-routes.vercel.app/raw-content-bank.js?v=20260504f
L300_progress-not-regress_4_344,question.progress-not-regress.300.004,section.guideQuestions,Section Journey,progress-not-regress,,3,300,What does the airport example show about perceived waiting?,Occupied time often feels easier than idle time,All waiting feels the same if the clock is unchanged,That answer changes the point: Occupied time often feels easier than idle time.,People always prefer standing still to walking,That answer changes the point: Occupied time often feels easier than idle time.,Only the final wait time shapes complaints,That answer changes the point: Occupied time often feels easier than idle time.,Correct: Occupied time often feels easier than idle time.,,,,https://wsc-2026-study-routes.vercel.app/raw-content-bank.js?v=20260504f
L300_progress-not-regress_5_345,question.progress-not-regress.300.005,section.guideQuestions,Section Journey,progress-not-regress,,3,300,What is the endowed progress effect?,People persist more when they feel partly advanced toward a goal,People quit faster when rewards feel close,That answer changes the point: People persist more when they feel partly advanced toward a goal.,People ignore tasks once progress becomes visible,That answer changes the point: People persist more when they feel partly advanced toward a goal.,People prefer goals that never show advancement,That answer changes the point: People persist more when they feel partly advanced toward a goal.,Correct: People persist more when they feel partly advanced toward a goal.,,,,https://wsc-2026-study-routes.vercel.app/raw-content-bank.js?v=20260504f
L300_progress-not-regress_6_346,question.progress-not-regress.300.006,section.guideQuestions,Section Journey,progress-not-regress,,3,300,What is an auxiliary game in this context?,A small game that supports another waiting process,A second game played for tournament ranking,That answer changes the point: A small game that supports another waiting process.,A route-planning game for travelers only,That answer changes the point: A small game that supports another waiting process.,A multiplayer game that replaces the main app,That answer changes the point: A small game that supports another waiting process.,Correct: A small game that supports another waiting process.,,,,https://wsc-2026-study-routes.vercel.app/raw-content-bank.js?v=20260504f
L300_progress-not-regress_7_347,question.progress-not-regress.300.007,section.guideQuestions,Section Journey,progress-not-regress,,3,300,Why is the Big Mac Index useful but limited?,"It compares prices simply, but cannot define whole social progress",It measures national happiness better than surveys,"That answer changes the point: It compares prices simply, but cannot define whole social progress.",It replaces all serious economic indicators,"That answer changes the point: It compares prices simply, but cannot define whole social progress.",It proves fast food quality determines development,"That answer changes the point: It compares prices simply, but cannot define whole social progress.","Correct: It compares prices simply, but cannot define whole social progress.",,,,https://wsc-2026-study-routes.vercel.app/raw-content-bank.js?v=20260504f
L300_progress-not-regress_8_348,question.progress-not-regress.300.008,section.guideQuestions,Section Journey,progress-not-regress,,3,300,Why is the modern idea of historical progress important to question?,Many societies did not always assume humans could improve the future,Ancient people measured progress with the Big Mac Index,That answer changes the point: Many societies did not always assume humans could improve the future.,Everyone has always believed history moves upward,That answer changes the point: Many societies did not always assume humans could improve the future.,The future can be predicted from physics alone,That answer changes the point: Many societies did not always assume humans could improve the future.,Correct: Many societies did not always assume humans could improve the future.,,,,https://wsc-2026-study-routes.vercel.app/raw-content-bank.js?v=20260504f
L100_more-to-do-than-can-ever-be-listed_1_080,question.more-to-do-than-can-ever-be-listed.100.001,entry.quizQuestions,Raw Content,more-to-do-than-can-ever-be-listed,raw.more-to-do-than-can-ever-be-listed.001,1,100,Who is mentioned as a famous historical user of lists?,Benjamin Franklin,George Washington,That answer changes the point: Benjamin Franklin.,Barack Obama,That answer changes the point: Benjamin Franklin.,Harry Truman,That answer changes the point: Benjamin Franklin.,Benjamin Franklin.,,,,https://wsc-2026-study-routes.vercel.app/raw-content-bank.js?v=20260504f
L100_more-to-do-than-can-ever-be-listed_2_036,question.more-to-do-than-can-ever-be-listed.100.002,entry.quizQuestions,Raw Content,more-to-do-than-can-ever-be-listed,raw.more-to-do-than-can-ever-be-listed.002,1,100,What does the Zeigarnik Effect describe?,Unfinished tasks can stay active in memory,Completed tasks always feel more urgent,That answer changes the point: Unfinished tasks can stay active in memory.,Lists make memory unnecessary,That answer changes the point: Unfinished tasks can stay active in memory.,Planning works only after success,That answer changes the point: Unfinished tasks can stay active in memory.,Unfinished tasks can stay active in memory.,,,,https://wsc-2026-study-routes.vercel.app/raw-content-bank.js?v=20260504f
L100_more-to-do-than-can-ever-be-listed_3_055,question.more-to-do-than-can-ever-be-listed.100.003,entry.quizQuestions,Raw Content,more-to-do-than-can-ever-be-listed,raw.more-to-do-than-can-ever-be-listed.003,1,100,What is a practical list mainly meant to do?,Organize real tasks or real objects,Suggest endless poetic abundance,That answer changes the point: Organize real tasks or real objects.,Avoid all real-world usefulness,That answer changes the point: Organize real tasks or real objects.,Replace action with imagination,That answer changes the point: Organize real tasks or real objects.,Organize real tasks or real objects.,,,,https://wsc-2026-study-routes.vercel.app/raw-content-bank.js?v=20260504f
L200_more-to-do-than-can-ever-be-listed_1_158,question.more-to-do-than-can-ever-be-listed.200.001,entry.quizQuestions,Raw Content,more-to-do-than-can-ever-be-listed,raw.more-to-do-than-can-ever-be-listed.001,2,200,What is the main purpose of a strong to-do list?,"To turn vague goals into clear, prioritized actions",To make every task feel equally urgent,"That answer changes the point: To turn vague goals into clear, prioritized actions.",To guarantee every plan gets finished,"That answer changes the point: To turn vague goals into clear, prioritized actions.",To avoid choosing what matters,"That answer changes the point: To turn vague goals into clear, prioritized actions.","To turn vague goals into clear, prioritized actions.",,,,https://wsc-2026-study-routes.vercel.app/raw-content-bank.js?v=20260504f
L200_more-to-do-than-can-ever-be-listed_2_156,question.more-to-do-than-can-ever-be-listed.200.002,entry.quizQuestions,Raw Content,more-to-do-than-can-ever-be-listed,raw.more-to-do-than-can-ever-be-listed.002,2,200,Why can an unfinished task feel mentally noisy?,It leaves an open goal demanding attention,It becomes easier after every deadline,That answer changes the point: It leaves an open goal demanding attention.,It stops mattering once written down,That answer changes the point: It leaves an open goal demanding attention.,It turns every plan into a habit,That answer changes the point: It leaves an open goal demanding attention.,It leaves an open goal demanding attention.,,,,https://wsc-2026-study-routes.vercel.app/raw-content-bank.js?v=20260504f
L200_more-to-do-than-can-ever-be-listed_3_124,question.more-to-do-than-can-ever-be-listed.200.003,entry.quizQuestions,Raw Content,more-to-do-than-can-ever-be-listed,raw.more-to-do-than-can-ever-be-listed.003,2,200,What are Eco’s two main types of lists?,Practical lists and poetic lists,Duty lists and freedom lists,That answer changes the point: Practical lists and poetic lists.,Short lists and school lists,That answer changes the point: Practical lists and poetic lists.,Public lists and private lists,That answer changes the point: Practical lists and poetic lists.,Practical lists and poetic lists.,,,,https://wsc-2026-study-routes.vercel.app/raw-content-bank.js?v=20260504f
L300_more-to-do-than-can-ever-be-listed__245,question.more-to-do-than-can-ever-be-listed.300.004,section.guideQuestions,Section Journey,more-to-do-than-can-ever-be-listed,,3,300,Start with this detail: Lists externalize memory. Which idea gives the best comparison?,Lists as control systems,Historical list traditions,That answer changes the point: Lists as control systems.,Task methods and prioritization,That answer changes the point: Lists as control systems.,The Zeigarnik Effect,That answer changes the point: Lists as control systems.,Correct: Lists as control systems.,"The question starts from a concrete detail in Why humans make lists: Lists externalize memory. It is really asking which answer handles a similar pressure. Lists as control systems is the best connection because it imposes order on messy reality by sorting tasks, priorities, and attention into a sequence that looks manageable. Both ideas ask alpacas to notice that Lists calm the mind by moving burdens onto paper, but the page can become a mirror of everything still not done.",,,WSC_2026_updated_level_100_200_300_questions.csv
L300_more-to-do-than-can-ever-be-listed__246,question.more-to-do-than-can-ever-be-listed.300.005,section.guideQuestions,Section Journey,more-to-do-than-can-ever-be-listed,,3,300,Which idea gives the clearest comparison to Historical list traditions?,Task methods and prioritization,The Zeigarnik Effect,That answer changes the point: Task methods and prioritization.,Done lists and visible accomplishment,That answer changes the point: Task methods and prioritization.,Bucket lists and aspirational lists,That answer changes the point: Task methods and prioritization.,Correct: Task methods and prioritization.,"The question starts from a concrete detail in Historical list traditions: Inventories and ledgers supported early administration. It is really asking which answer handles a similar pressure. Task methods and prioritization is the best connection because it turns limited time into a sorting problem, deciding which tasks deserve action and which must be sacrificed. Both ideas ask alpacas to notice that Lists are never only practical. They show what a culture wants to preserve, audit, rank, or control.",,,WSC_2026_updated_level_100_200_300_questions.csv
L300_more-to-do-than-can-ever-be-listed__247,question.more-to-do-than-can-ever-be-listed.300.006,section.guideQuestions,Section Journey,more-to-do-than-can-ever-be-listed,,3,300,Which idea turns the same pressure behind The Zeigarnik Effect into a different form?,Done lists and visible accomplishment,Bucket lists and aspirational lists,That answer changes the point: Done lists and visible accomplishment.,The failure of lists,That answer changes the point: Done lists and visible accomplishment.,Why humans make lists,That answer changes the point: Done lists and visible accomplishment.,Correct: Done lists and visible accomplishment.,The question starts from a concrete detail in The Zeigarnik Effect: Incomplete tasks may feel mentally louder than completed ones. It is really asking which answer handles a similar pressure. Done lists and visible accomplishment is the best connection because it restores evidence of completed labor that ordinary to-do lists erase the moment a task is crossed off. Both ideas ask alpacas to notice that Unfinished tasks have social and mental power because they keep asking for attention after action has stopped.,,,WSC_2026_updated_level_100_200_300_questions.csv
L300_more-to-do-than-can-ever-be-listed__248,question.more-to-do-than-can-ever-be-listed.300.007,section.guideQuestions,Section Journey,more-to-do-than-can-ever-be-listed,,3,300,Which idea gives the clearest comparison for Bucket lists and aspirational lists?,Why humans make lists,Lists as control systems,That answer changes the point: Why humans make lists.,Historical list traditions,That answer changes the point: Why humans make lists.,Task methods and prioritization,That answer changes the point: Why humans make lists.,Correct: Why humans make lists.,"The question starts from a concrete detail in Bucket lists and aspirational lists: Bucket lists are tied to mortality and aspiration. It is really asking which answer handles a similar pressure. Why humans make lists is the best connection because it turns mental overload into an external sequence, then makes the unfinished items easier to see than the completed work. Both ideas ask alpacas to notice that A bucket list can inspire life, but it can also turn desire into a performance of having lived correctly.",,,WSC_2026_updated_level_100_200_300_questions.csv
L300_more-to-do-than-can-ever-be-listed__249,question.more-to-do-than-can-ever-be-listed.300.008,section.guideQuestions,Section Journey,more-to-do-than-can-ever-be-listed,,3,300,Which idea carries the same logic as Lists as control systems?,The Zeigarnik Effect,Done lists and visible accomplishment,That answer changes the point: The Zeigarnik Effect.,Bucket lists and aspirational lists,That answer changes the point: The Zeigarnik Effect.,The failure of lists,That answer changes the point: The Zeigarnik Effect.,Correct: The Zeigarnik Effect.,"The question starts from a concrete detail in Lists as control systems: Lists break big goals into smaller units. It is really asking which answer handles a similar pressure. The Zeigarnik Effect is the best connection because it keeps unfinished work mentally active, making incompletion louder than completion in memory. Both ideas ask alpacas to notice that A list looks humble, but it decides sequence, importance, and what disappears from attention.",,,WSC_2026_updated_level_100_200_300_questions.csv
L300_more-to-do-than-can-ever-be-listed_1_328,question.more-to-do-than-can-ever-be-listed.300.001,section.guideQuestions,Section Journey,more-to-do-than-can-ever-be-listed,,3,300,Which method sorts tasks by urgency and importance?,The Eisenhower Method,The Ivy Lee Method,That answer changes the point: The Eisenhower Method.,The Bullet Journal Method,That answer changes the point: The Eisenhower Method.,The 1-2-3 Method,That answer changes the point: The Eisenhower Method.,Correct: The Eisenhower Method.,,,,https://wsc-2026-study-routes.vercel.app/raw-content-bank.js?v=20260504f
L300_more-to-do-than-can-ever-be-listed_2_329,question.more-to-do-than-can-ever-be-listed.300.002,section.guideQuestions,Section Journey,more-to-do-than-can-ever-be-listed,,3,300,How can a specific plan help with unfinished work?,It gives the mind a credible next step,It finishes the task without effort,That answer changes the point: It gives the mind a credible next step.,It makes the task less important,That answer changes the point: It gives the mind a credible next step.,It removes the need to return,That answer changes the point: It gives the mind a credible next step.,Correct: It gives the mind a credible next step.,,,,https://wsc-2026-study-routes.vercel.app/raw-content-bank.js?v=20260504f
L300_more-to-do-than-can-ever-be-listed_3_330,question.more-to-do-than-can-ever-be-listed.300.003,section.guideQuestions,Section Journey,more-to-do-than-can-ever-be-listed,,3,300,What kind of list is a normal to-do list?,"Mostly practical, because it guides action","Mostly poetic, because it avoids use","That answer changes the point: Mostly practical, because it guides action.","Mostly fictional, because tasks are invented","That answer changes the point: Mostly practical, because it guides action.","Mostly historical, because it records culture","That answer changes the point: Mostly practical, because it guides action.","Correct: Mostly practical, because it guides action.",,,,https://wsc-2026-study-routes.vercel.app/raw-content-bank.js?v=20260504f
L100_the-end-is-nearish_1_068,question.the-end-is-nearish.100.001,entry.quizQuestions,Raw Content,the-end-is-nearish,raw.the-end-is-nearish.001,1,100,What is the main role of a caretaker government?,Keep daily government running during transition,Replace elections with expert administration,That answer changes the point: Keep daily government running during transition.,Begin a new long-term political program,That answer changes the point: Keep daily government running during transition.,Transfer all power to the opposition,That answer changes the point: Keep daily government running during transition.,Keep daily government running during transition.,,,,https://wsc-2026-study-routes.vercel.app/raw-content-bank.js?v=20260504f
L100_the-end-is-nearish_10_095,question.the-end-is-nearish.100.010,entry.quizQuestions,Raw Content,the-end-is-nearish,raw.the-end-is-nearish.010,1,100,What is the core ethical problem in profiting from disaster?,Financial gain may grow from others’ harm,Profit is never allowed during emergencies,That answer changes the point: Financial gain may grow from others’ harm.,All adaptation businesses cause disasters,That answer changes the point: Financial gain may grow from others’ harm.,Climate change has no market effects,That answer changes the point: Financial gain may grow from others’ harm.,Financial gain may grow from others’ harm.,,,,https://wsc-2026-study-routes.vercel.app/raw-content-bank.js?v=20260504f
L100_the-end-is-nearish_2_014,question.the-end-is-nearish.100.002,entry.quizQuestions,Raw Content,the-end-is-nearish,raw.the-end-is-nearish.002,1,100,What is a lame duck leader?,A leader still in office but losing influence,A leader elected without any opposition,That answer changes the point: A leader still in office but losing influence.,A leader who governs only in wartime,That answer changes the point: A leader still in office but losing influence.,A leader chosen by the court system,That answer changes the point: A leader still in office but losing influence.,A leader still in office but losing influence.,,,,https://wsc-2026-study-routes.vercel.app/raw-content-bank.js?v=20260504f
L100_the-end-is-nearish_3_048,question.the-end-is-nearish.100.003,entry.quizQuestions,Raw Content,the-end-is-nearish,raw.the-end-is-nearish.003,1,100,Why might a ruler delay naming a successor?,To keep loyalty focused on the current ruler,To make succession laws disappear completely,That answer changes the point: To keep loyalty focused on the current ruler.,To guarantee the best future ruler is chosen,That answer changes the point: To keep loyalty focused on the current ruler.,To prevent people from thinking about politics,That answer changes the point: To keep loyalty focused on the current ruler.,To keep loyalty focused on the current ruler.,,,,https://wsc-2026-study-routes.vercel.app/raw-content-bank.js?v=20260504f
L100_the-end-is-nearish_4_086,question.the-end-is-nearish.100.004,entry.quizQuestions,Raw Content,the-end-is-nearish,raw.the-end-is-nearish.004,1,100,What is the Doomsday Clock mainly meant to communicate?,Global danger through a symbolic countdown,Exact dates for future disasters,That answer changes the point: Global danger through a symbolic countdown.,Weather forecasts for every country,That answer changes the point: Global danger through a symbolic countdown.,Election timing during emergencies,That answer changes the point: Global danger through a symbolic countdown.,Global danger through a symbolic countdown.,,,,https://wsc-2026-study-routes.vercel.app/raw-content-bank.js?v=20260504f
L100_the-end-is-nearish_5_038,question.the-end-is-nearish.100.005,entry.quizQuestions,Raw Content,the-end-is-nearish,raw.the-end-is-nearish.005,1,100,What do many doomsday predictions share?,They grow during fear and uncertainty,They come only from modern technology,That answer changes the point: They grow during fear and uncertainty.,They become true after being delayed,That answer changes the point: They grow during fear and uncertainty.,They avoid emotional storytelling,That answer changes the point: They grow during fear and uncertainty.,They grow during fear and uncertainty.,,,,https://wsc-2026-study-routes.vercel.app/raw-content-bank.js?v=20260504f
L100_the-end-is-nearish_6_069,question.the-end-is-nearish.100.006,entry.quizQuestions,Raw Content,the-end-is-nearish,raw.the-end-is-nearish.006,1,100,What do many Renaissance apocalypse images show?,A division between salvation and doom,A world without moral judgment,That answer changes the point: A division between salvation and doom.,A purely scientific future collapse,That answer changes the point: A division between salvation and doom.,A peaceful landscape without symbols,That answer changes the point: A division between salvation and doom.,A division between salvation and doom.,,,,https://wsc-2026-study-routes.vercel.app/raw-content-bank.js?v=20260504f
L100_the-end-is-nearish_7_059,question.the-end-is-nearish.100.007,entry.quizQuestions,Raw Content,the-end-is-nearish,raw.the-end-is-nearish.007,1,100,What changes in many modern apocalypse works?,Human-made collapse becomes central,Religious judgment disappears from history,That answer changes the point: Human-made collapse becomes central.,Fear becomes impossible to represent,That answer changes the point: Human-made collapse becomes central.,Artists stop using symbolic imagery,That answer changes the point: Human-made collapse becomes central.,Human-made collapse becomes central.,,,,https://wsc-2026-study-routes.vercel.app/raw-content-bank.js?v=20260504f
L100_the-end-is-nearish_8_031,question.the-end-is-nearish.100.008,entry.quizQuestions,Raw Content,the-end-is-nearish,raw.the-end-is-nearish.008,1,100,What can music add to apocalyptic art?,Atmosphere through sound and rhythm,Exact scientific predictions of collapse,That answer changes the point: Atmosphere through sound and rhythm.,Visual maps of damaged cities,That answer changes the point: Atmosphere through sound and rhythm.,Legal arguments about disaster policy,That answer changes the point: Atmosphere through sound and rhythm.,Atmosphere through sound and rhythm.,,,,https://wsc-2026-study-routes.vercel.app/raw-content-bank.js?v=20260504f
L100_the-end-is-nearish_9_082,question.the-end-is-nearish.100.009,entry.quizQuestions,Raw Content,the-end-is-nearish,raw.the-end-is-nearish.009,1,100,What can signal that an ecosystem is nearing collapse?,More unstable swings in system behavior,Perfectly steady conditions over time,That answer changes the point: More unstable swings in system behavior.,Less change in every measured variable,That answer changes the point: More unstable swings in system behavior.,Immediate recovery after every disturbance,That answer changes the point: More unstable swings in system behavior.,More unstable swings in system behavior.,,,,https://wsc-2026-study-routes.vercel.app/raw-content-bank.js?v=20260504f
L200_the-end-is-nearish_1_185,question.the-end-is-nearish.200.001,entry.quizQuestions,Raw Content,the-end-is-nearish,raw.the-end-is-nearish.001,2,200,Why do caretaker governments avoid major new decisions?,Those choices may bind the next government,They have no ministers or public duties,That answer changes the point: Those choices may bind the next government.,They are designed to cancel normal laws,That answer changes the point: Those choices may bind the next government.,Those choices are always unconstitutional,That answer changes the point: Those choices may bind the next government.,Those choices may bind the next government.,,,,https://wsc-2026-study-routes.vercel.app/raw-content-bank.js?v=20260504f
L200_the-end-is-nearish_10_157,question.the-end-is-nearish.200.010,entry.quizQuestions,Raw Content,the-end-is-nearish,raw.the-end-is-nearish.010,2,200,How is preparation different from exploitation?,Preparation reduces harm; exploitation rewards harm,Preparation always makes investors richer,That answer changes the point: Preparation reduces harm; exploitation rewards harm.,Exploitation is useful if it creates jobs,That answer changes the point: Preparation reduces harm; exploitation rewards harm.,Both have identical ethical consequences,That answer changes the point: Preparation reduces harm; exploitation rewards harm.,Preparation reduces harm; exploitation rewards harm.,,,,https://wsc-2026-study-routes.vercel.app/raw-content-bank.js?v=20260504f
L200_the-end-is-nearish_2_161,question.the-end-is-nearish.200.002,entry.quizQuestions,Raw Content,the-end-is-nearish,raw.the-end-is-nearish.002,2,200,Why do term limits often create lame-duck periods?,People start looking toward the next leader,Leaders lose all formal powers immediately,That answer changes the point: People start looking toward the next leader.,Election laws stop applying after one term,That answer changes the point: People start looking toward the next leader.,Opposition parties must join the cabinet,That answer changes the point: People start looking toward the next leader.,People start looking toward the next leader.,,,,https://wsc-2026-study-routes.vercel.app/raw-content-bank.js?v=20260504f
L200_the-end-is-nearish_3_159,question.the-end-is-nearish.200.003,entry.quizQuestions,Raw Content,the-end-is-nearish,raw.the-end-is-nearish.003,2,200,What is one benefit of naming a successor early?,It can make the future feel more stable,It removes all rivalry inside government,That answer changes the point: It can make the future feel more stable.,It transfers power before the ruler leaves,That answer changes the point: It can make the future feel more stable.,It makes public opinion unimportant,That answer changes the point: It can make the future feel more stable.,It can make the future feel more stable.,,,,https://wsc-2026-study-routes.vercel.app/raw-content-bank.js?v=20260504f
L200_the-end-is-nearish_4_111,question.the-end-is-nearish.200.004,entry.quizQuestions,Raw Content,the-end-is-nearish,raw.the-end-is-nearish.004,2,200,Why is the Doomsday Clock symbolic?,It dramatizes risk rather than measuring time exactly,It has no connection to real public concerns,That answer changes the point: It dramatizes risk rather than measuring time exactly.,It changes automatically every few minutes,That answer changes the point: It dramatizes risk rather than measuring time exactly.,It predicts only one type of catastrophe,That answer changes the point: It dramatizes risk rather than measuring time exactly.,It dramatizes risk rather than measuring time exactly.,,,,https://wsc-2026-study-routes.vercel.app/raw-content-bank.js?v=20260504f
L200_the-end-is-nearish_5_151,question.the-end-is-nearish.200.005,entry.quizQuestions,Raw Content,the-end-is-nearish,raw.the-end-is-nearish.005,2,200,Why can a fixed doomsday date feel persuasive?,It gives vague fear a clear deadline,It removes the need for belief,That answer changes the point: It gives vague fear a clear deadline.,It proves the prediction is scientific,That answer changes the point: It gives vague fear a clear deadline.,It makes every warning harmless,That answer changes the point: It gives vague fear a clear deadline.,It gives vague fear a clear deadline.,,,,https://wsc-2026-study-routes.vercel.app/raw-content-bank.js?v=20260504f
L200_the-end-is-nearish_6_144,question.the-end-is-nearish.200.006,entry.quizQuestions,Raw Content,the-end-is-nearish,raw.the-end-is-nearish.006,2,200,Why is apocalypse art more than destruction?,It also imagines judgment and destiny,It avoids emotion and interpretation,That answer changes the point: It also imagines judgment and destiny.,It works only as church decoration,That answer changes the point: It also imagines judgment and destiny.,It rejects stories about the future,That answer changes the point: It also imagines judgment and destiny.,It also imagines judgment and destiny.,,,,https://wsc-2026-study-routes.vercel.app/raw-content-bank.js?v=20260504f
L200_the-end-is-nearish_7_125,question.the-end-is-nearish.200.007,entry.quizQuestions,Raw Content,the-end-is-nearish,raw.the-end-is-nearish.007,2,200,Why does war fit modern apocalypse art?,It makes destruction historical and human-caused,It makes the end feel distant and mythical,That answer changes the point: It makes destruction historical and human-caused.,It removes politics from visual culture,That answer changes the point: It makes destruction historical and human-caused.,It turns catastrophe into harmless fantasy,That answer changes the point: It makes destruction historical and human-caused.,It makes destruction historical and human-caused.,,,,https://wsc-2026-study-routes.vercel.app/raw-content-bank.js?v=20260504f
L200_the-end-is-nearish_8_152,question.the-end-is-nearish.200.008,entry.quizQuestions,Raw Content,the-end-is-nearish,raw.the-end-is-nearish.008,2,200,Why can very different songs feel apocalyptic?,"Endings can sound calm, heavy, or chaotic",All apocalyptic music uses the same style,"That answer changes the point: Endings can sound calm, heavy, or chaotic.",Lyrics matter but sound never matters,"That answer changes the point: Endings can sound calm, heavy, or chaotic.",Only classical music can express endings,"That answer changes the point: Endings can sound calm, heavy, or chaotic.","Endings can sound calm, heavy, or chaotic.",,,,https://wsc-2026-study-routes.vercel.app/raw-content-bank.js?v=20260504f
L200_the-end-is-nearish_9_113,question.the-end-is-nearish.200.009,entry.quizQuestions,Raw Content,the-end-is-nearish,raw.the-end-is-nearish.009,2,200,What does “point of no return” mean?,A threshold where reversal becomes very hard,A deadline chosen for media attention,That answer changes the point: A threshold where reversal becomes very hard.,A normal delay in political planning,That answer changes the point: A threshold where reversal becomes very hard.,A prediction that removes uncertainty,That answer changes the point: A threshold where reversal becomes very hard.,A threshold where reversal becomes very hard.,,,,https://wsc-2026-study-routes.vercel.app/raw-content-bank.js?v=20260504f
L300_the-end-is-nearish__260,question.the-end-is-nearish.300.011,section.guideQuestions,Section Journey,the-end-is-nearish,,3,300,Start with this detail: It is usually limited in scope. Which idea gives the best comparison?,Lame-duck periods,Doomsday predictions,That answer changes the point: Lame-duck periods.,Climate tipping points,That answer changes the point: Lame-duck periods.,Apocalyptic aesthetics,That answer changes the point: Lame-duck periods.,Correct: Lame-duck periods.,The question starts from a concrete detail in Caretaker governments: It is usually limited in scope. It is really asking which answer handles a similar pressure. Lame-duck periods is the best connection because it exposes the gap between formal office and actual influence; the ending has arrived socially before it arrives legally. Both ideas ask alpacas to notice that A transition system survives only if temporary authority knows it is temporary. Restraint is the source of legitimacy.,,,WSC_2026_updated_level_100_200_300_questions.csv
L300_the-end-is-nearish__261,question.the-end-is-nearish.300.012,section.guideQuestions,Section Journey,the-end-is-nearish,,3,300,Which idea gives the clearest comparison to Doomsday predictions?,Climate tipping points,Apocalyptic aesthetics,That answer changes the point: Climate tipping points.,Last-chance psychology,That answer changes the point: Climate tipping points.,Caretaker governments,That answer changes the point: Climate tipping points.,Correct: Climate tipping points.,"The question starts from a concrete detail in Doomsday predictions: Apocalyptic predictions can be religious, scientific, or political. It is really asking which answer handles a similar pressure. Climate tipping points is the best connection because it makes near-ending scientific rather than theatrical: a threshold can matter before anyone can see the full collapse. Both ideas ask alpacas to notice that Apocalyptic stories often reveal the present more than the future. They give a culture’s fears a clock.",,,WSC_2026_updated_level_100_200_300_questions.csv
L300_the-end-is-nearish__262,question.the-end-is-nearish.300.013,section.guideQuestions,Section Journey,the-end-is-nearish,,3,300,Which idea turns the same pressure behind Apocalyptic aesthetics into a different form?,Last-chance psychology,Caretaker governments,That answer changes the point: Last-chance psychology.,Lame-duck periods,That answer changes the point: Last-chance psychology.,Doomsday predictions,That answer changes the point: Last-chance psychology.,Correct: Last-chance psychology.,"The question starts from a concrete detail in Apocalyptic aesthetics: Endings in art may be grand, terrifying, tragic, or strangely peaceful. It is really asking which answer handles a similar pressure. Last-chance psychology is the best connection because it uses perceived finality to sharpen attention, raise urgency, and sometimes push people into worse decisions. Both ideas ask alpacas to notice that Art makes endings visible because real endings are often too slow, abstract, or distributed to grasp directly.",,,WSC_2026_updated_level_100_200_300_questions.csv
L300_the-end-is-nearish__263,question.the-end-is-nearish.300.014,section.guideQuestions,Section Journey,the-end-is-nearish,,3,300,Which idea gives the clearest comparison for Climate tipping points?,Apocalyptic aesthetics,Last-chance psychology,That answer changes the point: Apocalyptic aesthetics.,Caretaker governments,That answer changes the point: Apocalyptic aesthetics.,Lame-duck periods,That answer changes the point: Apocalyptic aesthetics.,Correct: Apocalyptic aesthetics.,"The question starts from a concrete detail in Climate tipping points: A tipping point is not just gradual change It is really asking which answer handles a similar pressure. Apocalyptic aesthetics is the best connection because it turns endings into images, moods, and moral landscapes so viewers can rehearse collapse before it happens. Both ideas ask alpacas to notice that Scientific uncertainty does not make a threat imaginary. It makes timing, thresholds, and precaution harder to communicate.",,,WSC_2026_updated_level_100_200_300_questions.csv
L300_the-end-is-nearish__264,question.the-end-is-nearish.300.015,section.guideQuestions,Section Journey,the-end-is-nearish,,3,300,Which idea carries the same logic as Lame-duck periods?,Apocalyptic aesthetics,Last-chance psychology,That answer changes the point: Apocalyptic aesthetics.,Caretaker governments,That answer changes the point: Apocalyptic aesthetics.,Doomsday predictions,That answer changes the point: Apocalyptic aesthetics.,Correct: Apocalyptic aesthetics.,"The question starts from a concrete detail in Lame-duck periods: Formal authority may remain while influence declines. It is really asking which answer handles a similar pressure. Apocalyptic aesthetics is the best connection because it turns endings into images, moods, and moral landscapes so viewers can rehearse collapse before it happens. Both ideas ask alpacas to notice that A lame-duck period proves that power is not the same as office. Attention may already have moved to the next regime.",,,WSC_2026_updated_level_100_200_300_questions.csv
L300_the-end-is-nearish_1_349,question.the-end-is-nearish.300.002,section.guideQuestions,Section Journey,the-end-is-nearish,,3,300,Why did Bangladesh’s caretaker-government debate matter?,It was tied to trust in election fairness,It removed elections from the constitution,That answer changes the point: It was tied to trust in election fairness.,It made courts replace all politicians,That answer changes the point: It was tied to trust in election fairness.,It ended all party competition permanently,That answer changes the point: It was tied to trust in election fairness.,Correct: It was tied to trust in election fairness.,,,,https://wsc-2026-study-routes.vercel.app/raw-content-bank.js?v=20260504f
L300_the-end-is-nearish_10_358,question.the-end-is-nearish.300.001,section.guideQuestions,Section Journey,the-end-is-nearish,,3,300,Why is solar geoengineering politically sensitive?,It could affect the planet with uncertain side effects,It is already fully regulated worldwide,That answer changes the point: It could affect the planet with uncertain side effects.,It solves climate change without trade-offs,That answer changes the point: It could affect the planet with uncertain side effects.,It can be controlled by any one customer,That answer changes the point: It could affect the planet with uncertain side effects.,Correct: It could affect the planet with uncertain side effects.,,,,https://wsc-2026-study-routes.vercel.app/raw-content-bank.js?v=20260504f
L300_the-end-is-nearish_2_350,question.the-end-is-nearish.300.003,section.guideQuestions,Section Journey,the-end-is-nearish,,3,300,What is one benefit of presidential term limits?,They reduce the risk of permanent rule,They guarantee strong final-year influence,That answer changes the point: They reduce the risk of permanent rule.,They remove succession problems entirely,That answer changes the point: They reduce the risk of permanent rule.,They make every successor more qualified,That answer changes the point: They reduce the risk of permanent rule.,Correct: They reduce the risk of permanent rule.,,,,https://wsc-2026-study-routes.vercel.app/raw-content-bank.js?v=20260504f
L300_the-end-is-nearish_3_351,question.the-end-is-nearish.300.004,section.guideQuestions,Section Journey,the-end-is-nearish,,3,300,What is one danger of hiding succession too long?,It can increase uncertainty and competition,It makes the current ruler more democratic,That answer changes the point: It can increase uncertainty and competition.,It removes ambition from political rivals,That answer changes the point: It can increase uncertainty and competition.,It guarantees a peaceful transfer later,That answer changes the point: It can increase uncertainty and competition.,Correct: It can increase uncertainty and competition.,,,,https://wsc-2026-study-routes.vercel.app/raw-content-bank.js?v=20260504f
L300_the-end-is-nearish_4_352,question.the-end-is-nearish.300.005,section.guideQuestions,Section Journey,the-end-is-nearish,,3,300,Why can a dramatic symbol still be useful?,It focuses attention on dangers people ignore,It replaces evidence with emotional design,That answer changes the point: It focuses attention on dangers people ignore.,It proves every warning is equally accurate,That answer changes the point: It focuses attention on dangers people ignore.,It solves global conflict by itself,That answer changes the point: It focuses attention on dangers people ignore.,Correct: It focuses attention on dangers people ignore.,,,,https://wsc-2026-study-routes.vercel.app/raw-content-bank.js?v=20260504f
L300_the-end-is-nearish_5_353,question.the-end-is-nearish.300.006,section.guideQuestions,Section Journey,the-end-is-nearish,,3,300,What does the 1666 panic show?,Crisis can make symbols feel prophetic,Fire always confirms religious predictions,That answer changes the point: Crisis can make symbols feel prophetic.,Scientific progress prevents fear entirely,That answer changes the point: Crisis can make symbols feel prophetic.,Printed pamphlets make rumors disappear,That answer changes the point: Crisis can make symbols feel prophetic.,Correct: Crisis can make symbols feel prophetic.,,,,https://wsc-2026-study-routes.vercel.app/raw-content-bank.js?v=20260504f
L300_the-end-is-nearish_6_354,question.the-end-is-nearish.300.007,section.guideQuestions,Section Journey,the-end-is-nearish,,3,300,How do Dürer’s horsemen create apocalyptic force?,Motion and crowding make danger feel immediate,Calm symmetry removes all fear,That answer changes the point: Motion and crowding make danger feel immediate.,Empty space makes the scene peaceful,That answer changes the point: Motion and crowding make danger feel immediate.,Modern technology creates the threat,That answer changes the point: Motion and crowding make danger feel immediate.,Correct: Motion and crowding make danger feel immediate.,,,,https://wsc-2026-study-routes.vercel.app/raw-content-bank.js?v=20260504f
L300_the-end-is-nearish_7_355,question.the-end-is-nearish.300.008,section.guideQuestions,Section Journey,the-end-is-nearish,,3,300,What does industrial or digital anxiety add?,Fear of systems people built but cannot control,Confidence that technology always saves society,That answer changes the point: Fear of systems people built but cannot control.,A belief that collapse is only religious,That answer changes the point: Fear of systems people built but cannot control.,Proof that modern art avoids the future,That answer changes the point: Fear of systems people built but cannot control.,Correct: Fear of systems people built but cannot control.,,,,https://wsc-2026-study-routes.vercel.app/raw-content-bank.js?v=20260504f
L300_the-end-is-nearish_8_356,question.the-end-is-nearish.300.009,section.guideQuestions,Section Journey,the-end-is-nearish,,3,300,What makes Messiaen’s music feel suspended?,Slow space and unusual time create stillness,Constant percussion creates violent motion,That answer changes the point: Slow space and unusual time create stillness.,Fast lyrics create information overload,That answer changes the point: Slow space and unusual time create stillness.,Electric distortion creates nuclear dread,That answer changes the point: Slow space and unusual time create stillness.,Correct: Slow space and unusual time create stillness.,,,,https://wsc-2026-study-routes.vercel.app/raw-content-bank.js?v=20260504f
L300_the-end-is-nearish_9_357,question.the-end-is-nearish.300.010,section.guideQuestions,Section Journey,the-end-is-nearish,,3,300,Why does climate volatility matter?,Instability can strain health and ecosystems,It proves all climate action has failed,That answer changes the point: Instability can strain health and ecosystems.,It affects weather but never societies,That answer changes the point: Instability can strain health and ecosystems.,It removes the need for adaptation,That answer changes the point: Instability can strain health and ecosystems.,Correct: Instability can strain health and ecosystems.,,,,https://wsc-2026-study-routes.vercel.app/raw-content-bank.js?v=20260504f
L100_theres-a-draft-in-here_1_039,question.theres-a-draft-in-here.100.001,entry.quizQuestions,Raw Content,theres-a-draft-in-here,raw.theres-a-draft-in-here.001,1,100,What is a draft in the creative process?,An early version used to develop a work,A final version prepared for public display,That answer changes the point: An early version used to develop a work.,A copy made only after a work is famous,That answer changes the point: An early version used to develop a work.,A label used only for unfinished schoolwork,That answer changes the point: An early version used to develop a work.,An early version used to develop a work.,,,,https://wsc-2026-study-routes.vercel.app/raw-content-bank.js?v=20260504f
L100_theres-a-draft-in-here_2_020,question.theres-a-draft-in-here.100.002,entry.quizQuestions,Raw Content,theres-a-draft-in-here,raw.theres-a-draft-in-here.002,1,100,What is a demo in songwriting?,An early recording that tests a song idea,A final master prepared for official release,That answer changes the point: An early recording that tests a song idea.,A concert version recorded after a tour,That answer changes the point: An early recording that tests a song idea.,A remix made only for radio promotion,That answer changes the point: An early recording that tests a song idea.,An early recording that tests a song idea.,,,,https://wsc-2026-study-routes.vercel.app/raw-content-bank.js?v=20260504f
L100_theres-a-draft-in-here_3_003,question.theres-a-draft-in-here.100.003,entry.quizQuestions,Raw Content,theres-a-draft-in-here,raw.theres-a-draft-in-here.003,1,100,What is a cut song?,A song written or recorded but left out of the final work,A song shortened only for radio play after release,That answer changes the point: A song written or recorded but left out of the final work.,A song performed only during the closing credits,That answer changes the point: A song written or recorded but left out of the final work.,A song that becomes popular before it is written,That answer changes the point: A song written or recorded but left out of the final work.,A song written or recorded but left out of the final work.,,,,https://wsc-2026-study-routes.vercel.app/raw-content-bank.js?v=20260504f
question.theres-a-draft-in-here.100.004,question.theres-a-draft-in-here.100.004,entry.quizQuestions,Raw Content,theres-a-draft-in-here,raw.theres-a-draft-in-here.004,1,100,What is mental rehearsal?,Simulating a future action or performance without fully carrying it out,Repeating a physical action until the muscles are exhausted,That is physical overpractice. Mental rehearsal can occur without the full movement or its muscular load.,Reading the same instructions until they feel familiar,"Rereading can increase familiarity, but it does not show that the learner can simulate or perform the process.",Activating every movement-related brain region exactly as physical practice does,Imagery and execution overlap only partly; the regions and strength of activity are not identical.,"Mental rehearsal runs through an action, sequence, sound, or exchange in the mind. It may use visual, auditory, verbal, or kinesthetic imagery without executing the whole action.",,,wsc-evidence-v1,https://pmc.ncbi.nlm.nih.gov/articles/PMC8500882/
L200_theres-a-draft-in-here_1_209,question.theres-a-draft-in-here.200.001,entry.quizQuestions,Raw Content,theres-a-draft-in-here,raw.theres-a-draft-in-here.001,2,200,What do the artwork pairs in the creative process mainly show?,Famous works can grow through versions and revisions,Great artists never repeat the same idea twice,That answer changes the point: Famous works can grow through versions and revisions.,Drafts are useful only when they look unfinished,That answer changes the point: Famous works can grow through versions and revisions.,Final artworks always erase earlier versions completely,That answer changes the point: Famous works can grow through versions and revisions.,Famous works can grow through versions and revisions.,,,,https://wsc-2026-study-routes.vercel.app/raw-content-bank.js?v=20260504f
L200_theres-a-draft-in-here_2_194,question.theres-a-draft-in-here.200.002,entry.quizQuestions,Raw Content,theres-a-draft-in-here,raw.theres-a-draft-in-here.002,2,200,What can listeners compare between a demo and a final song?,"Changes in arrangement, performance, and production",Only the number of people in the audience,"That answer changes the point: Changes in arrangement, performance, and production.",Whether the song title has become shorter,"That answer changes the point: Changes in arrangement, performance, and production.",The legal owner of the recording contract,"That answer changes the point: Changes in arrangement, performance, and production.","Changes in arrangement, performance, and production.",,,,https://wsc-2026-study-routes.vercel.app/raw-content-bank.js?v=20260504f
L200_theres-a-draft-in-here_3_199,question.theres-a-draft-in-here.200.003,entry.quizQuestions,Raw Content,theres-a-draft-in-here,raw.theres-a-draft-in-here.003,2,200,Why might a good song still be removed from a film or musical?,"It may no longer fit the story, tone, or pacing",It always means the song was poorly written,"That answer changes the point: It may no longer fit the story, tone, or pacing.",It proves the composer wanted fewer songs overall,"That answer changes the point: It may no longer fit the story, tone, or pacing.",It usually happens because audiences heard it early,"That answer changes the point: It may no longer fit the story, tone, or pacing.","It may no longer fit the story, tone, or pacing.",,,,https://wsc-2026-study-routes.vercel.app/raw-content-bank.js?v=20260504f
question.theres-a-draft-in-here.200.004,question.theres-a-draft-in-here.200.004,entry.quizQuestions,Raw Content,theres-a-draft-in-here,raw.theres-a-draft-in-here.004,2,200,Which statement best matches current evidence about the brain during mental rehearsal?,"The networks recruited depend on the task, and imagery overlaps only partly with real execution",A single rehearsal centre controls every kind of practice,"Rehearsal can involve movement, language, memory, attention, emotion, or social response, so no single centre explains every form.",Mental imagery activates the entire motor system at the same strength as movement,"Premotor-parietal overlap is common, but imagery and execution differ; primary motor activity is weaker and less consistent during imagery.",Only the primary motor cortex is involved in every rehearsal,"Motor imagery uses a distributed network, and verbal rehearsal recruits additional frontal, parietal, cerebellar, and speech-related systems.","Motor imagery often involves premotor, supplementary motor, parietal, cerebellar, and basal-ganglia regions. Verbal rehearsal involves a distributed working-memory and speech network. The exact pattern depends on the task.",,,wsc-evidence-v1,https://pubmed.ncbi.nlm.nih.gov/30098990/
question.theres-a-draft-in-here.200.005,question.theres-a-draft-in-here.200.005,entry.quizQuestions,Raw Content,theres-a-draft-in-here,raw.theres-a-draft-in-here.004,2,200,Which test gives the strongest evidence that a performer has rehearsed enough?,They can repeat the performance accurately after a delay and adapt when conditions change,The performance feels easy immediately after several identical repetitions,Immediate ease can be temporary fluency. It does not show that the skill will be retained or transferred.,They have completed a fixed number of hours,"No universal hour count fits every task, learner, difficulty level, or performance standard.",They can picture a perfect ending without imagining any difficult step,"Outcome imagery may be motivating, but it does not test the process or expose the step most likely to fail.",A useful stopping rule uses a defined criterion. Delayed retention and transfer to realistic variation distinguish durable learning from performance that only looks fluent during practice.,,,wsc-evidence-v1,https://pubmed.ncbi.nlm.nih.gov/22142953/
L300_theres-a-draft-in-here__270,question.theres-a-draft-in-here.300.004,section.guideQuestions,Section Journey,theres-a-draft-in-here,,3,300,Start with this detail: Drafts are exploratory. Which idea gives the best comparison?,Revision as thinking,Demo culture in music,That answer changes the point: Revision as thinking.,Manuscripts and crossed-out thinking,That answer changes the point: Revision as thinking.,Unfinished masterpieces,That answer changes the point: Revision as thinking.,Correct: Revision as thinking.,"The question starts from a concrete detail in Draft vs final version: Drafts are exploratory. It is really asking which answer handles a similar pressure. Revision as thinking is the best connection because it treats revision as discovery, not cleanup; the work finds its shape while being changed. Both ideas ask alpacas to notice that A draft can be less polished and more revealing. It shows choices before they harden into the official version.",,,WSC_2026_updated_level_100_200_300_questions.csv
L300_theres-a-draft-in-here__271,question.theres-a-draft-in-here.300.005,section.guideQuestions,Section Journey,theres-a-draft-in-here,,3,300,Which idea gives the clearest comparison to Demo culture in music?,Manuscripts and crossed-out thinking,Unfinished masterpieces,That answer changes the point: Manuscripts and crossed-out thinking.,Premature polish,That answer changes the point: Manuscripts and crossed-out thinking.,Educational draft culture,That answer changes the point: Manuscripts and crossed-out thinking.,Correct: Manuscripts and crossed-out thinking.,"The question starts from a concrete detail in Demo culture in music: Demos are often rougher and less polished. It is really asking which answer handles a similar pressure. Manuscripts and crossed-out thinking is the best connection because it makes thought visible on the page, turning deleted words and revisions into evidence of decisions. Both ideas ask alpacas to notice that Demos attract listeners because roughness can feel closer to the moment of creation than the polished release.",,,WSC_2026_updated_level_100_200_300_questions.csv
L300_theres-a-draft-in-here__272,question.theres-a-draft-in-here.300.006,section.guideQuestions,Section Journey,theres-a-draft-in-here,,3,300,Which idea turns the same pressure behind Unfinished masterpieces into a different form?,Premature polish,Educational draft culture,That answer changes the point: Premature polish.,Draft vs final version,That answer changes the point: Premature polish.,Revision as thinking,That answer changes the point: Premature polish.,Correct: Premature polish.,"The question starts from a concrete detail in Unfinished masterpieces: An unfinished work invites interpretation. It is really asking which answer handles a similar pressure. Premature polish is the best connection because it makes something look finished before the thinking is finished, hiding weak structure under smooth presentation. Both ideas ask alpacas to notice that Audiences often complete unfinished works with imagination, which can make absence more powerful than closure.",,,WSC_2026_updated_level_100_200_300_questions.csv
L300_theres-a-draft-in-here__273,question.theres-a-draft-in-here.300.007,section.guideQuestions,Section Journey,theres-a-draft-in-here,,3,300,Which idea gives the clearest comparison for Educational draft culture?,Draft vs final version,Revision as thinking,That answer changes the point: Draft vs final version.,Demo culture in music,That answer changes the point: Draft vs final version.,Manuscripts and crossed-out thinking,That answer changes the point: Draft vs final version.,Correct: Draft vs final version.,"The question starts from a concrete detail in Educational draft culture: Drafts support growth mindset. It is really asking which answer handles a similar pressure. Draft vs final version is the best connection because it makes unfinishedness visible as process evidence; the route to completion becomes part of the work itself. Both ideas ask alpacas to notice that A real draft culture treats feedback as part of making, not as punishment for being unfinished.",,,WSC_2026_updated_level_100_200_300_questions.csv
L300_theres-a-draft-in-here__274,question.theres-a-draft-in-here.300.008,section.guideQuestions,Section Journey,theres-a-draft-in-here,,3,300,Which idea carries the same logic as Revision as thinking?,Unfinished masterpieces,Premature polish,That answer changes the point: Unfinished masterpieces.,Educational draft culture,That answer changes the point: Unfinished masterpieces.,Draft vs final version,That answer changes the point: Unfinished masterpieces.,Correct: Unfinished masterpieces.,"The question starts from a concrete detail in Revision as thinking: Writers and artists often understand their work better during revision. It is really asking which answer handles a similar pressure. Unfinished masterpieces is the best connection because it lets absence become part of value: what is missing invites myth, speculation, and ownership by the audience. Both ideas ask alpacas to notice that Revision is where creators often discover what they were trying to make. Correction is only one small part of it.",,,WSC_2026_updated_level_100_200_300_questions.csv
L300_theres-a-draft-in-here_1_368,question.theres-a-draft-in-here.300.001,section.guideQuestions,Section Journey,theres-a-draft-in-here,,3,300,Why must the actual artwork images be used in the creative process?,The visible differences between real versions are the content,Any similar image can explain the same idea well,That answer changes the point: The visible differences between real versions are the content.,Generated art is usually more historically accurate,That answer changes the point: The visible differences between real versions are the content.,The titles matter more than the visual comparison,That answer changes the point: The visible differences between real versions are the content.,Correct: The visible differences between real versions are the content.,,,,https://wsc-2026-study-routes.vercel.app/raw-content-bank.js?v=20260504f
L300_theres-a-draft-in-here_2_369,question.theres-a-draft-in-here.300.002,section.guideQuestions,Section Journey,theres-a-draft-in-here,,3,300,Why is Strawberry Fields Forever useful for studying drafts?,It lets listeners hear a raw demo beside a famous final version,It is famous because it never changed after the first demo,That answer changes the point: It lets listeners hear a raw demo beside a famous final version.,It proves home recordings are always better than studio work,That answer changes the point: It lets listeners hear a raw demo beside a famous final version.,It shows that demos are usually unrelated to final songs,That answer changes the point: It lets listeners hear a raw demo beside a famous final version.,Correct: It lets listeners hear a raw demo beside a famous final version.,,,,https://wsc-2026-study-routes.vercel.app/raw-content-bank.js?v=20260504f
L300_theres-a-draft-in-here_3_370,question.theres-a-draft-in-here.300.003,section.guideQuestions,Section Journey,theres-a-draft-in-here,,3,300,Why was First to Dance not used in Pocahontas?,"The story and tone shifted, so the song no longer fit",The melody was moved unchanged into Aladdin,"That answer changes the point: The story and tone shifted, so the song no longer fit.",The song was rejected because animation was finished,"That answer changes the point: The story and tone shifted, so the song no longer fit.",The final film had no room for music at all,"That answer changes the point: The story and tone shifted, so the song no longer fit.","Correct: The story and tone shifted, so the song no longer fit.",,,,https://wsc-2026-study-routes.vercel.app/raw-content-bank.js?v=20260504f
question.theres-a-draft-in-here.300.009,question.theres-a-draft-in-here.300.009,section.guideQuestions,Section Journey,theres-a-draft-in-here,,3,300,A debater memorizes one perfect speech but freezes when the opposing team makes an unexpected argument. Which change best treats rehearsal as revision?,Role-play several plausible rebuttals and use feedback to adjust the argument,Repeat the same speech faster until no pause remains,Speed would polish the fixed routine without solving its failure to transfer when the debate changes.,Imagine winning without practising any reply,"This rehearses a desired outcome, not the process needed to listen, choose, and reply.",Add more facts without testing how they connect,More information does not fix the inability to select and connect an argument under pressure.,Rehearsal becomes revision when feedback changes the next attempt. Varied rebuttals test whether the debater understands the argument well enough to adapt it.,The debater’s speech is an action draft. Role-play exposes a weak assumption just as comparing an artwork or demo exposes a creative choice.,Practice shows progress when variation and feedback improve the next attempt.,wsc-evidence-v1,https://pmc.ncbi.nlm.nih.gov/articles/PMC8500882/
question.theres-a-draft-in-here.300.010,question.theres-a-draft-in-here.300.010,section.guideQuestions,Section Journey,theres-a-draft-in-here,,3,300,"One 2025 trial found that twenty minutes of motor imagery improved force steadiness, while another found no improvement in five walking tasks after four weeks. What is the best conclusion?","Mental rehearsal is task- and population-dependent, and success in one outcome does not guarantee broad transfer",Twenty minutes of rehearsal is always better than four weeks,"The studies did not compare two doses of the same task in the same population, so their durations cannot be ranked directly.",The walking result proves that mental rehearsal never works,"A null result for five walking tasks cannot cancel benefits found for every other task, outcome, or population.",Improved imagery clarity guarantees improved physical performance,"The walking trial improved visual clarity for imagined non-walking tasks without improving the tested walking performance, so clarity did not guarantee transfer.","The studies used different participants, tasks, measures, and baselines. They demonstrate task specificity, so duration cannot be isolated as the explanation for the different outcomes.","The two studies turn scientific evidence into a version comparison: the important change is the task and test, not simply how polished the rehearsal feels.","Match a practice claim to the exact task, population, measure, and transfer test that support it.",wsc-evidence-v1,https://pubmed.ncbi.nlm.nih.gov/40684972/
L100_were-all-in-this-to-get-there_1_096,question.were-all-in-this-to-get-there.100.001,entry.quizQuestions,Raw Content,were-all-in-this-to-get-there,raw.were-all-in-this-to-get-there.001,1,100,Which project is a famous long-running basilica in Barcelona?,La Sagrada Familia,Berlin Brandenburg Airport,That answer changes the point: La Sagrada Familia.,Ryugyong Hotel,That answer changes the point: La Sagrada Familia.,Crazy Horse Memorial,That answer changes the point: La Sagrada Familia.,La Sagrada Familia.,,,,https://wsc-2026-study-routes.vercel.app/raw-content-bank.js?v=20260504f
L100_were-all-in-this-to-get-there_2_076,question.were-all-in-this-to-get-there.100.002,entry.quizQuestions,Raw Content,were-all-in-this-to-get-there,raw.were-all-in-this-to-get-there.002,1,100,What is the simplest purpose of project management?,Coordinating work so a goal can be completed,Replacing workers with charts and software,That answer changes the point: Coordinating work so a goal can be completed.,Making every project larger than necessary,That answer changes the point: Coordinating work so a goal can be completed.,Avoiding schedules until the end,That answer changes the point: Coordinating work so a goal can be completed.,Coordinating work so a goal can be completed.,,,,https://wsc-2026-study-routes.vercel.app/raw-content-bank.js?v=20260504f
L100_were-all-in-this-to-get-there_3_027,question.were-all-in-this-to-get-there.100.003,entry.quizQuestions,Raw Content,were-all-in-this-to-get-there,raw.were-all-in-this-to-get-there.003,1,100,What does a Gantt chart mainly show?,Tasks arranged across time,Only the final budget,That answer changes the point: Tasks arranged across time.,A team popularity ranking,That answer changes the point: Tasks arranged across time.,"A schedule view, not a feeling chart",That answer changes the point: Tasks arranged across time.,Tasks arranged across time.,,,,https://wsc-2026-study-routes.vercel.app/raw-content-bank.js?v=20260504f
L100_were-all-in-this-to-get-there_4_070,question.were-all-in-this-to-get-there.100.004,entry.quizQuestions,Raw Content,were-all-in-this-to-get-there,raw.were-all-in-this-to-get-there.004,1,100,What three parts does the Iron Triangle connect?,"Scope, time, and cost","Speed, fame, and creativity","That answer changes the point: Scope, time, and cost.","People, profit, and mood","That answer changes the point: Scope, time, and cost.","Budget, weather, and luck","That answer changes the point: Scope, time, and cost.","Scope, time, and cost.",,,,https://wsc-2026-study-routes.vercel.app/raw-content-bank.js?v=20260504f
L100_were-all-in-this-to-get-there_5_102,question.were-all-in-this-to-get-there.100.005,entry.quizQuestions,Raw Content,were-all-in-this-to-get-there,raw.were-all-in-this-to-get-there.005,1,100,What is one major difference between waterfall and agile approaches?,"Waterfall follows a sequence, while agile expects change","Agile rejects teamwork, while waterfall requires it","That answer changes the point: Waterfall follows a sequence, while agile expects change.",Waterfall is always faster than every agile method,"That answer changes the point: Waterfall follows a sequence, while agile expects change.",Agile is used only outside technology,"That answer changes the point: Waterfall follows a sequence, while agile expects change.","Waterfall follows a sequence, while agile expects change.",,,,https://wsc-2026-study-routes.vercel.app/raw-content-bank.js?v=20260504f
L100_were-all-in-this-to-get-there_6_023,question.were-all-in-this-to-get-there.100.006,entry.quizQuestions,Raw Content,were-all-in-this-to-get-there,raw.were-all-in-this-to-get-there.006,1,100,What was Taylorism trying to find?,The one best way to perform a task efficiently,The most creative way to avoid routine,That answer changes the point: The one best way to perform a task efficiently.,The slowest safe method for factories,That answer changes the point: The one best way to perform a task efficiently.,The fairest possible leisure schedule,That answer changes the point: The one best way to perform a task efficiently.,The one best way to perform a task efficiently.,,,,https://wsc-2026-study-routes.vercel.app/raw-content-bank.js?v=20260504f
L100_were-all-in-this-to-get-there_7_034,question.were-all-in-this-to-get-there.100.007,entry.quizQuestions,Raw Content,were-all-in-this-to-get-there,raw.were-all-in-this-to-get-there.007,1,100,What does the Hawthorne Effect suggest?,People may change behavior when observed,Workers always become slower in teams,That answer changes the point: People may change behavior when observed.,Deadlines make every project simple,That answer changes the point: People may change behavior when observed.,All management problems come from laziness,That answer changes the point: People may change behavior when observed.,People may change behavior when observed.,,,,https://wsc-2026-study-routes.vercel.app/raw-content-bank.js?v=20260504f
L100_were-all-in-this-to-get-there_8_060,question.were-all-in-this-to-get-there.100.008,entry.quizQuestions,Raw Content,were-all-in-this-to-get-there,raw.were-all-in-this-to-get-there.008,1,100,What does the Pareto principle usually claim?,A small share of causes can produce many outcomes,All work produces equal results,That answer changes the point: A small share of causes can produce many outcomes.,The last task always matters most,That answer changes the point: A small share of causes can produce many outcomes.,Hard work never changes results,That answer changes the point: A small share of causes can produce many outcomes.,A small share of causes can produce many outcomes.,,,,https://wsc-2026-study-routes.vercel.app/raw-content-bank.js?v=20260504f
L200_were-all-in-this-to-get-there_1_162,question.were-all-in-this-to-get-there.200.001,entry.quizQuestions,Raw Content,were-all-in-this-to-get-there,raw.were-all-in-this-to-get-there.001,2,200,What do delayed megaprojects often have in common?,"They face layers of technical, political, financial, or symbolic pressure",They are delayed only because workers refuse to finish them,"That answer changes the point: They face layers of technical, political, financial, or symbolic pressure.",They all fail because architecture is impossible to manage,"That answer changes the point: They face layers of technical, political, financial, or symbolic pressure.",They are always cheaper when the schedule stretches,"That answer changes the point: They face layers of technical, political, financial, or symbolic pressure.","They face layers of technical, political, financial, or symbolic pressure.",,,,https://wsc-2026-study-routes.vercel.app/raw-content-bank.js?v=20260504f
L200_were-all-in-this-to-get-there_2_201,question.were-all-in-this-to-get-there.200.002,entry.quizQuestions,Raw Content,were-all-in-this-to-get-there,raw.were-all-in-this-to-get-there.002,2,200,Why can ancient monuments count as project-management examples?,"They required labor, resources, timing, authority, and logistics",They were built using modern project software,"That answer changes the point: They required labor, resources, timing, authority, and logistics.",They avoided planning by using only tradition,"That answer changes the point: They required labor, resources, timing, authority, and logistics.",They were small enough for one person to manage,"That answer changes the point: They required labor, resources, timing, authority, and logistics.","They required labor, resources, timing, authority, and logistics.",,,,https://wsc-2026-study-routes.vercel.app/raw-content-bank.js?v=20260504f
L200_were-all-in-this-to-get-there_3_146,question.were-all-in-this-to-get-there.200.003,entry.quizQuestions,Raw Content,were-all-in-this-to-get-there,raw.were-all-in-this-to-get-there.003,2,200,What is one useful feature of a Gantt chart?,It shows tasks that overlap or depend on earlier work,It removes all uncertainty from construction,That answer changes the point: It shows tasks that overlap or depend on earlier work.,It proves which worker is most valuable,That answer changes the point: It shows tasks that overlap or depend on earlier work.,It replaces the need for communication,That answer changes the point: It shows tasks that overlap or depend on earlier work.,It shows tasks that overlap or depend on earlier work.,,,,https://wsc-2026-study-routes.vercel.app/raw-content-bank.js?v=20260504f
L200_were-all-in-this-to-get-there_4_109,question.were-all-in-this-to-get-there.200.004,entry.quizQuestions,Raw Content,were-all-in-this-to-get-there,raw.were-all-in-this-to-get-there.004,2,200,What is a dependency in a project?,A task that must wait for another task,A risk that has already happened,That answer changes the point: A task that must wait for another task.,A worker who refuses to cooperate,That answer changes the point: A task that must wait for another task.,A budget item with no deadline,That answer changes the point: A task that must wait for another task.,A task that must wait for another task.,,,,https://wsc-2026-study-routes.vercel.app/raw-content-bank.js?v=20260504f
L200_were-all-in-this-to-get-there_5_119,question.were-all-in-this-to-get-there.200.005,entry.quizQuestions,Raw Content,were-all-in-this-to-get-there,raw.were-all-in-this-to-get-there.005,2,200,Why can a company pivot be a strength?,It can respond to evidence that the first plan is not working,It proves the original team had no useful idea,That answer changes the point: It can respond to evidence that the first plan is not working.,It removes all risk from the business model,That answer changes the point: It can respond to evidence that the first plan is not working.,It means planning never matters again,That answer changes the point: It can respond to evidence that the first plan is not working.,It can respond to evidence that the first plan is not working.,,,,https://wsc-2026-study-routes.vercel.app/raw-content-bank.js?v=20260504f
L200_were-all-in-this-to-get-there_6_116,question.were-all-in-this-to-get-there.200.006,entry.quizQuestions,Raw Content,were-all-in-this-to-get-there,raw.were-all-in-this-to-get-there.006,2,200,What does an assembly line mainly do?,It divides production into repeated stages,It lets every worker design a whole product alone,That answer changes the point: It divides production into repeated stages.,It removes all need for timing and sequence,That answer changes the point: It divides production into repeated stages.,It turns a factory into a voting system,That answer changes the point: It divides production into repeated stages.,It divides production into repeated stages.,,,,https://wsc-2026-study-routes.vercel.app/raw-content-bank.js?v=20260504f
L200_were-all-in-this-to-get-there_7_131,question.were-all-in-this-to-get-there.200.007,entry.quizQuestions,Raw Content,were-all-in-this-to-get-there,raw.were-all-in-this-to-get-there.007,2,200,What is the warning in Hofstadter’s Law?,Tasks often take longer than expected,Estimates become perfect with practice,That answer changes the point: Tasks often take longer than expected.,Every project speeds up near the end,That answer changes the point: Tasks often take longer than expected.,Delays happen only without managers,That answer changes the point: Tasks often take longer than expected.,Tasks often take longer than expected.,,,,https://wsc-2026-study-routes.vercel.app/raw-content-bank.js?v=20260504f
L200_were-all-in-this-to-get-there_8_141,question.were-all-in-this-to-get-there.200.008,entry.quizQuestions,Raw Content,were-all-in-this-to-get-there,raw.were-all-in-this-to-get-there.008,2,200,How can 80/20 thinking help a project team?,It can focus attention on the work with the highest impact,It proves most preparation can be skipped safely,That answer changes the point: It can focus attention on the work with the highest impact.,It makes every low-value task disappear by itself,That answer changes the point: It can focus attention on the work with the highest impact.,It replaces practice with a simple percentage rule,That answer changes the point: It can focus attention on the work with the highest impact.,It can focus attention on the work with the highest impact.,,,,https://wsc-2026-study-routes.vercel.app/raw-content-bank.js?v=20260504f
L300_were-all-in-this-to-get-there__275,question.were-all-in-this-to-get-there.300.009,section.guideQuestions,Section Journey,were-all-in-this-to-get-there,,3,300,Start with this detail: Individual incentives may not align with group goals. Which idea gives the best comparison?,Project dependencies,Shared destinations and unequal benefits,That answer changes the point: Project dependencies.,Leadership and coordination,That answer changes the point: Project dependencies.,Morale and visible progress,That answer changes the point: Project dependencies.,Correct: Project dependencies.,"The question starts from a concrete detail in Collective action: Individual incentives may not align with group goals. It is really asking which answer handles a similar pressure. Project dependencies is the best connection because it shows that one person’s progress can be another person’s bottleneck; the route is chained, not individual. Both ideas ask alpacas to notice that Groups say “we” easily. The hard part is whether the work, benefit, and risk are actually shared.",,,WSC_2026_updated_level_100_200_300_questions.csv
L300_were-all-in-this-to-get-there__276,question.were-all-in-this-to-get-there.300.010,section.guideQuestions,Section Journey,were-all-in-this-to-get-there,,3,300,Which idea gives the clearest comparison to Shared destinations and unequal benefits?,Leadership and coordination,Morale and visible progress,That answer changes the point: Leadership and coordination.,Consensus vs speed,That answer changes the point: Leadership and coordination.,Collective action,That answer changes the point: Leadership and coordination.,Correct: Leadership and coordination.,"The question starts from a concrete detail in Shared destinations and unequal benefits: The same destination may not mean the same thing to everyone. It is really asking which answer handles a similar pressure. Leadership and coordination is the best connection because it converts group movement into a design problem: someone must set direction without pretending direction equals consent. Both ideas ask alpacas to notice that A shared destination can be a slogan. The serious question is who arrives safer, richer, or more recognized.",,,WSC_2026_updated_level_100_200_300_questions.csv
L300_were-all-in-this-to-get-there__277,question.were-all-in-this-to-get-there.300.011,section.guideQuestions,Section Journey,were-all-in-this-to-get-there,,3,300,Which idea turns the same pressure behind Morale and visible progress into a different form?,Consensus vs speed,Collective action,That answer changes the point: Consensus vs speed.,Project dependencies,That answer changes the point: Consensus vs speed.,Shared destinations and unequal benefits,That answer changes the point: Consensus vs speed.,Correct: Consensus vs speed.,The question starts from a concrete detail in Morale and visible progress: Morale can collapse when effort feels invisible. It is really asking which answer handles a similar pressure. Consensus vs speed is the best connection because it turns group arrival into a trade-off between fast movement and legitimate movement. Both ideas ask alpacas to notice that Teams often need visible signs of movement before the work itself becomes rewarding.,,,WSC_2026_updated_level_100_200_300_questions.csv
L300_were-all-in-this-to-get-there__278,question.were-all-in-this-to-get-there.300.012,section.guideQuestions,Section Journey,were-all-in-this-to-get-there,,3,300,Which idea gives the clearest comparison for Leadership and coordination?,Morale and visible progress,Consensus vs speed,That answer changes the point: Morale and visible progress.,Collective action,That answer changes the point: Morale and visible progress.,Project dependencies,That answer changes the point: Morale and visible progress.,Correct: Morale and visible progress.,The question starts from a concrete detail in Leadership and coordination: Leadership is not the same as control. It is really asking which answer handles a similar pressure. Morale and visible progress is the best connection because it uses signs of advancement to keep people moving when the real finish is distant or uncertain. Both ideas ask alpacas to notice that Leadership is not just choosing direction. It is making movement legible enough that others can trust the route.,,,WSC_2026_updated_level_100_200_300_questions.csv
L300_were-all-in-this-to-get-there__279,question.were-all-in-this-to-get-there.300.013,section.guideQuestions,Section Journey,were-all-in-this-to-get-there,,3,300,Which idea carries the same logic as Project dependencies?,Morale and visible progress,Consensus vs speed,That answer changes the point: Morale and visible progress.,Collective action,That answer changes the point: Morale and visible progress.,Shared destinations and unequal benefits,That answer changes the point: Morale and visible progress.,Correct: Morale and visible progress.,"The question starts from a concrete detail in Project dependencies: A late dependency can delay the whole project. It is really asking which answer handles a similar pressure. Morale and visible progress is the best connection because it uses signs of advancement to keep people moving when the real finish is distant or uncertain. Both ideas ask alpacas to notice that Modern work often fails at the handoff, not the individual task. Dependency is where hidden delays live.",,,WSC_2026_updated_level_100_200_300_questions.csv
L300_were-all-in-this-to-get-there_1_371,question.were-all-in-this-to-get-there.300.001,section.guideQuestions,Section Journey,were-all-in-this-to-get-there,,3,300,Why is Nusantara a strong example of project delay?,"It links construction timelines to politics, budgets, and national priorities",It was a private hotel that ran out of guests before opening,"That answer changes the point: It links construction timelines to politics, budgets, and national priorities.",It was a medieval cathedral rebuilt after a civil war,"That answer changes the point: It links construction timelines to politics, budgets, and national priorities.",It shows how one amusement park became a finished capital city,"That answer changes the point: It links construction timelines to politics, budgets, and national priorities.","Correct: It links construction timelines to politics, budgets, and national priorities.",,,,https://wsc-2026-study-routes.vercel.app/raw-content-bank.js?v=20260504f
L300_were-all-in-this-to-get-there_2_372,question.were-all-in-this-to-get-there.300.002,section.guideQuestions,Section Journey,were-all-in-this-to-get-there,,3,300,What changed most from ancient coordination to modern project management?,"The tools became more formal, measurable, and specialized",The need for coordination disappeared completely,"That answer changes the point: The tools became more formal, measurable, and specialized.",Human projects became simple and risk-free,"That answer changes the point: The tools became more formal, measurable, and specialized.",Ancient builders had no methods for organization,"That answer changes the point: The tools became more formal, measurable, and specialized.","Correct: The tools became more formal, measurable, and specialized.",,,,https://wsc-2026-study-routes.vercel.app/raw-content-bank.js?v=20260504f
L300_were-all-in-this-to-get-there_3_373,question.were-all-in-this-to-get-there.300.003,section.guideQuestions,Section Journey,were-all-in-this-to-get-there,,3,300,Why is Hoover Dam useful in the creative process?,It connects scheduling tools to a real large construction project,It shows that charts matter only in software design,That answer changes the point: It connects scheduling tools to a real large construction project.,It proves ancient builders used modern scheduling apps,That answer changes the point: It connects scheduling tools to a real large construction project.,It replaces the need to understand Gantt charts,That answer changes the point: It connects scheduling tools to a real large construction project.,Correct: It connects scheduling tools to a real large construction project.,,,,https://wsc-2026-study-routes.vercel.app/raw-content-bank.js?v=20260504f
L300_were-all-in-this-to-get-there_4_374,question.were-all-in-this-to-get-there.300.004,section.guideQuestions,Section Journey,were-all-in-this-to-get-there,,3,300,Why is a risk register useful?,It records possible problems before they become crises,It guarantees that no risk can happen,That answer changes the point: It records possible problems before they become crises.,It replaces scheduling and communication,That answer changes the point: It records possible problems before they become crises.,It is only a list of finished tasks,That answer changes the point: It records possible problems before they become crises.,Correct: It records possible problems before they become crises.,,,,https://wsc-2026-study-routes.vercel.app/raw-content-bank.js?v=20260504f
L300_were-all-in-this-to-get-there_5_375,question.were-all-in-this-to-get-there.300.005,section.guideQuestions,Section Journey,were-all-in-this-to-get-there,,3,300,"What do YouTube, Netflix, Amazon, and Slack show in the creative process?",A project can become valuable after changing direction,Every successful company begins as a video game feature,That answer changes the point: A project can become valuable after changing direction.,A business should always abandon its first product,That answer changes the point: A project can become valuable after changing direction.,Pivots work only when companies sell books online,That answer changes the point: A project can become valuable after changing direction.,Correct: A project can become valuable after changing direction.,,,,https://wsc-2026-study-routes.vercel.app/raw-content-bank.js?v=20260504f
L300_were-all-in-this-to-get-there_6_376,question.were-all-in-this-to-get-there.300.006,section.guideQuestions,Section Journey,were-all-in-this-to-get-there,,3,300,Why can bureaucracy be useful in large organizations?,"It creates predictable rules, roles, and authority",It makes every decision personal and improvised,"That answer changes the point: It creates predictable rules, roles, and authority.",It removes the need for records or hierarchy,"That answer changes the point: It creates predictable rules, roles, and authority.",It guarantees workers always feel free,"That answer changes the point: It creates predictable rules, roles, and authority.","Correct: It creates predictable rules, roles, and authority.",,,,https://wsc-2026-study-routes.vercel.app/raw-content-bank.js?v=20260504f
L300_were-all-in-this-to-get-there_7_377,question.were-all-in-this-to-get-there.300.007,section.guideQuestions,Section Journey,were-all-in-this-to-get-there,,3,300,What does Brooks’ Law warn about?,Adding people to a late project can make it later,A larger team always finishes faster,That answer changes the point: Adding people to a late project can make it later.,Understaffing is the only reason for delay,That answer changes the point: Adding people to a late project can make it later.,More communication always removes complexity,That answer changes the point: Adding people to a late project can make it later.,Correct: Adding people to a late project can make it later.,,,,https://wsc-2026-study-routes.vercel.app/raw-content-bank.js?v=20260504f
L300_were-all-in-this-to-get-there_8_378,question.were-all-in-this-to-get-there.300.008,section.guideQuestions,Section Journey,were-all-in-this-to-get-there,,3,300,Why can the Pareto principle be misleading?,People may guess the important 20% without evidence,It has no connection to work or studying,That answer changes the point: People may guess the important 20% without evidence.,It always forces people to overwork,That answer changes the point: People may guess the important 20% without evidence.,It applies only to factories and never to learning,That answer changes the point: People may guess the important 20% without evidence.,Correct: People may guess the important 20% without evidence.,,,,https://wsc-2026-study-routes.vercel.app/raw-content-bank.js?v=20260504f
L100_where-the-sidewalk-starts_1_052,question.where-the-sidewalk-starts.100.001,entry.quizQuestions,Raw Content,where-the-sidewalk-starts,raw.where-the-sidewalk-starts.001,1,100,What is the basic urban role of a sidewalk?,It gives pedestrians space beside streets and buildings,It replaces the road for cars,That answer changes the point: It gives pedestrians space beside streets and buildings.,It marks only private property lines,That answer changes the point: It gives pedestrians space beside streets and buildings.,It exists mainly as decoration,That answer changes the point: It gives pedestrians space beside streets and buildings.,It gives pedestrians space beside streets and buildings.,,,,https://wsc-2026-study-routes.vercel.app/raw-content-bank.js?v=20260504f
L100_where-the-sidewalk-starts_2_083,question.where-the-sidewalk-starts.100.002,entry.quizQuestions,Raw Content,where-the-sidewalk-starts,raw.where-the-sidewalk-starts.002,1,100,Where are moving sidewalks most commonly useful today?,Airports and other controlled high-traffic spaces,Quiet residential streets,That answer changes the point: Airports and other controlled high-traffic spaces.,Small private gardens,That answer changes the point: Airports and other controlled high-traffic spaces.,Rural mountain roads,That answer changes the point: Airports and other controlled high-traffic spaces.,Airports and other controlled high-traffic spaces.,,,,https://wsc-2026-study-routes.vercel.app/raw-content-bank.js?v=20260504f
L100_where-the-sidewalk-starts_3_079,question.where-the-sidewalk-starts.100.003,entry.quizQuestions,Raw Content,where-the-sidewalk-starts,raw.where-the-sidewalk-starts.003,1,100,What does parking mainly store in an urban landscape?,Cars when they are not moving,Public buses during routes,That answer changes the point: Cars when they are not moving.,People waiting for trains,That answer changes the point: Cars when they are not moving.,Road signs between intersections,That answer changes the point: Cars when they are not moving.,Cars when they are not moving.,,,,https://wsc-2026-study-routes.vercel.app/raw-content-bank.js?v=20260504f
L100_where-the-sidewalk-starts_4_106,question.where-the-sidewalk-starts.100.004,entry.quizQuestions,Raw Content,where-the-sidewalk-starts,raw.where-the-sidewalk-starts.004,1,100,What makes an architectural parking garage different from a basic parking structure?,"Its design adds visual, civic, or cultural meaning to a functional space",It no longer stores cars,"That answer changes the point: Its design adds visual, civic, or cultural meaning to a functional space.",It must become a museum,"That answer changes the point: Its design adds visual, civic, or cultural meaning to a functional space.",It removes all need for streets,"That answer changes the point: Its design adds visual, civic, or cultural meaning to a functional space.","Its design adds visual, civic, or cultural meaning to a functional space.",,,,https://wsc-2026-study-routes.vercel.app/raw-content-bank.js?v=20260504f
L100_where-the-sidewalk-starts_5_008,question.where-the-sidewalk-starts.100.005,entry.quizQuestions,Raw Content,where-the-sidewalk-starts,raw.where-the-sidewalk-starts.005,1,100,What is a snout house?,A house whose garage projects prominently toward the street,A house built only for car repair,That answer changes the point: A house whose garage projects prominently toward the street.,The entrance is not the point; the garage dominates the front,That answer changes the point: A house whose garage projects prominently toward the street.,"The shape is about the projecting garage, not a tunnel form",That answer changes the point: A house whose garage projects prominently toward the street.,A house whose garage projects prominently toward the street.,,,,https://wsc-2026-study-routes.vercel.app/raw-content-bank.js?v=20260504f
L100_where-the-sidewalk-starts_6_012,question.where-the-sidewalk-starts.100.006,entry.quizQuestions,Raw Content,where-the-sidewalk-starts,raw.where-the-sidewalk-starts.006,1,100,Who designed Robie House?,Frank Lloyd Wright,Paul Rudolph,That answer changes the point: Frank Lloyd Wright.,Daniel Buren,That answer changes the point: Frank Lloyd Wright.,Henry Grabar,That answer changes the point: Frank Lloyd Wright.,Frank Lloyd Wright.,,,,https://wsc-2026-study-routes.vercel.app/raw-content-bank.js?v=20260504f
L100_where-the-sidewalk-starts_7_100,question.where-the-sidewalk-starts.100.007,entry.quizQuestions,Raw Content,where-the-sidewalk-starts,raw.where-the-sidewalk-starts.007,1,100,What is the basic idea behind converting parking into public space?,Turning car-storage land into a place people can gather and use,Making parking lots larger and more permanent,That answer changes the point: Turning car-storage land into a place people can gather and use.,Replacing sidewalks with private garages,That answer changes the point: Turning car-storage land into a place people can gather and use.,Moving all parks underground,That answer changes the point: Turning car-storage land into a place people can gather and use.,Turning car-storage land into a place people can gather and use.,,,,https://wsc-2026-study-routes.vercel.app/raw-content-bank.js?v=20260504f
L200_where-the-sidewalk-starts_1_207,question.where-the-sidewalk-starts.200.001,entry.quizQuestions,Raw Content,where-the-sidewalk-starts,raw.where-the-sidewalk-starts.001,2,200,Why are Pompeii’s raised pavements and stepping stones useful for understanding sidewalks?,They show early separation between pedestrians and street traffic,They prove sidewalks began as luxury gardens,That answer changes the point: They show early separation between pedestrians and street traffic.,They show that carts were banned from ancient streets,That answer changes the point: They show early separation between pedestrians and street traffic.,They were built mainly for modern tourism,That answer changes the point: They show early separation between pedestrians and street traffic.,They show early separation between pedestrians and street traffic.,,,,https://wsc-2026-study-routes.vercel.app/raw-content-bank.js?v=20260504f
L200_where-the-sidewalk-starts_2_191,question.where-the-sidewalk-starts.200.002,entry.quizQuestions,Raw Content,where-the-sidewalk-starts,raw.where-the-sidewalk-starts.002,2,200,What was important about the 1893 Chicago moving sidewalk?,It was an early real example of movable pedestrian infrastructure,It was the first sidewalk ever built in a city,That answer changes the point: It was an early real example of movable pedestrian infrastructure.,It replaced all walking at the exposition,That answer changes the point: It was an early real example of movable pedestrian infrastructure.,"A real infrastructure experiment, not a fictional device",That answer changes the point: It was an early real example of movable pedestrian infrastructure.,It was an early real example of movable pedestrian infrastructure.,,,,https://wsc-2026-study-routes.vercel.app/raw-content-bank.js?v=20260504f
L200_where-the-sidewalk-starts_3_202,question.where-the-sidewalk-starts.200.003,entry.quizQuestions,Raw Content,where-the-sidewalk-starts,raw.where-the-sidewalk-starts.003,2,200,Why did parking become such a large part of many modern cities?,Car-centered planning created demand for storage near daily destinations,Sidewalks naturally turned into parking lots,That answer changes the point: Car-centered planning created demand for storage near daily destinations.,Most cities were founded mainly for cars,That answer changes the point: Car-centered planning created demand for storage near daily destinations.,Parking lots use no valuable land,That answer changes the point: Car-centered planning created demand for storage near daily destinations.,Car-centered planning created demand for storage near daily destinations.,,,,https://wsc-2026-study-routes.vercel.app/raw-content-bank.js?v=20260504f
L200_where-the-sidewalk-starts_4_203,question.where-the-sidewalk-starts.200.004,entry.quizQuestions,Raw Content,where-the-sidewalk-starts,raw.where-the-sidewalk-starts.004,2,200,Why is the Michigan Theater parking garage especially striking?,It combines a former movie palace with car storage,It was designed only as a suburban mall garage,That answer changes the point: It combines a former movie palace with car storage.,It is famous for having no historical memory,That answer changes the point: It combines a former movie palace with car storage.,It hides all traces of its original purpose,That answer changes the point: It combines a former movie palace with car storage.,It combines a former movie palace with car storage.,,,,https://wsc-2026-study-routes.vercel.app/raw-content-bank.js?v=20260504f
L200_where-the-sidewalk-starts_5_114,question.where-the-sidewalk-starts.200.005,entry.quizQuestions,Raw Content,where-the-sidewalk-starts,raw.where-the-sidewalk-starts.005,2,200,Why do critics dislike snout houses?,They make the garage dominate the front and emphasize cars over people,They cannot contain real garages,That answer changes the point: They make the garage dominate the front and emphasize cars over people.,They are always unsafe to live in,That answer changes the point: They make the garage dominate the front and emphasize cars over people.,They exist only in rural areas,That answer changes the point: They make the garage dominate the front and emphasize cars over people.,They make the garage dominate the front and emphasize cars over people.,,,,https://wsc-2026-study-routes.vercel.app/raw-content-bank.js?v=20260504f
L200_where-the-sidewalk-starts_6_177,question.where-the-sidewalk-starts.200.006,entry.quizQuestions,Raw Content,where-the-sidewalk-starts,raw.where-the-sidewalk-starts.006,2,200,What design idea is Robie House especially known for?,Connecting the house more closely to its site and surroundings,Making the garage the only visible feature,That answer changes the point: Connecting the house more closely to its site and surroundings.,Copying a traditional Victorian facade,That answer changes the point: Connecting the house more closely to its site and surroundings.,Separating every room from natural light,That answer changes the point: Connecting the house more closely to its site and surroundings.,Connecting the house more closely to its site and surroundings.,,,,https://wsc-2026-study-routes.vercel.app/raw-content-bank.js?v=20260504f
L200_where-the-sidewalk-starts_7_195,question.where-the-sidewalk-starts.200.007,entry.quizQuestions,Raw Content,where-the-sidewalk-starts,raw.where-the-sidewalk-starts.007,2,200,Why is Grand Park a strong example of urban transformation?,It changed parking-dominated land into a civic gathering place,It removed all public access from downtown Los Angeles,That answer changes the point: It changed parking-dominated land into a civic gathering place.,It turned a park into a private parking garage,That answer changes the point: It changed parking-dominated land into a civic gathering place.,It was designed only for drivers passing through,That answer changes the point: It changed parking-dominated land into a civic gathering place.,It changed parking-dominated land into a civic gathering place.,,,,https://wsc-2026-study-routes.vercel.app/raw-content-bank.js?v=20260504f
L300_where-the-sidewalk-starts__280,question.where-the-sidewalk-starts.300.008,section.guideQuestions,Section Journey,where-the-sidewalk-starts,,3,300,Start with this detail: They separate pedestrian movement from traffic. Which idea gives the best comparison?,Walkability,Accessibility and universal design,That answer changes the point: Walkability.,Parking and car-centered policy,That answer changes the point: Walkability.,Navigation and wayfinding,That answer changes the point: Walkability.,Correct: Walkability.,The question starts from a concrete detail in Sidewalks as urban infrastructure: They separate pedestrian movement from traffic. It is really asking which answer handles a similar pressure. Walkability is the best connection because it turns city design into daily freedom or daily friction; distance is not just measured in meters but in safety and comfort. Both ideas ask alpacas to notice that Sidewalks look ordinary because they are everywhere. That ordinariness hides how much access they quietly decide.,,,WSC_2026_updated_level_100_200_300_questions.csv
L300_where-the-sidewalk-starts__281,question.where-the-sidewalk-starts.300.009,section.guideQuestions,Section Journey,where-the-sidewalk-starts,,3,300,Which idea gives the clearest comparison to Accessibility and universal design?,Parking and car-centered policy,Navigation and wayfinding,That answer changes the point: Parking and car-centered policy.,Hostile architecture and exclusion,That answer changes the point: Parking and car-centered policy.,Sidewalks as urban infrastructure,That answer changes the point: Parking and car-centered policy.,Correct: Parking and car-centered policy.,"The question starts from a concrete detail in Accessibility and universal design: Curb cuts and ramps help wheelchair users, parents with strollers, and delivery workers. It is really asking which answer handles a similar pressure. Parking and car-centered policy is the best connection because it lets stationary cars organize moving people, giving storage for vehicles more power than sidewalks, shops, or homes. Both ideas ask alpacas to notice that Accessibility is not an add-on. It exposes whether the original design imagined enough kinds of people.",,,WSC_2026_updated_level_100_200_300_questions.csv
L300_where-the-sidewalk-starts__282,question.where-the-sidewalk-starts.300.010,section.guideQuestions,Section Journey,where-the-sidewalk-starts,,3,300,Which idea turns the same pressure behind Navigation and wayfinding into a different form?,Hostile architecture and exclusion,Sidewalks as urban infrastructure,That answer changes the point: Hostile architecture and exclusion.,Walkability,That answer changes the point: Hostile architecture and exclusion.,Accessibility and universal design,That answer changes the point: Hostile architecture and exclusion.,Correct: Hostile architecture and exclusion.,"The question starts from a concrete detail in Navigation and wayfinding: Wayfinding includes signs, maps, landmarks, and digital navigation. It is really asking which answer handles a similar pressure. Hostile architecture and exclusion is the best connection because it uses design to police behavior without saying so directly, making exclusion look like furniture or planning. Both ideas ask alpacas to notice that People move confidently when a place explains itself. Confusion is often a design failure, not a personal one.",,,WSC_2026_updated_level_100_200_300_questions.csv
L300_where-the-sidewalk-starts__283,question.where-the-sidewalk-starts.300.011,section.guideQuestions,Section Journey,where-the-sidewalk-starts,,3,300,Which idea gives the clearest comparison for Parking and car-centered policy?,Navigation and wayfinding,Hostile architecture and exclusion,That answer changes the point: Navigation and wayfinding.,Sidewalks as urban infrastructure,That answer changes the point: Navigation and wayfinding.,Walkability,That answer changes the point: Navigation and wayfinding.,Correct: Navigation and wayfinding.,"The question starts from a concrete detail in Parking and car-centered policy: Parking minimums influence city layout. It is really asking which answer handles a similar pressure. Navigation and wayfinding is the best connection because it turns space into instructions; signs and maps decide what feels obvious, permitted, or reachable. Both ideas ask alpacas to notice that Car-centered design pretends to solve movement while often sacrificing public space to storage.",,,WSC_2026_updated_level_100_200_300_questions.csv
L300_where-the-sidewalk-starts__284,question.where-the-sidewalk-starts.300.012,section.guideQuestions,Section Journey,where-the-sidewalk-starts,,3,300,Which idea carries the same logic as Walkability?,Navigation and wayfinding,Hostile architecture and exclusion,That answer changes the point: Navigation and wayfinding.,Sidewalks as urban infrastructure,That answer changes the point: Navigation and wayfinding.,Accessibility and universal design,That answer changes the point: Navigation and wayfinding.,Correct: Navigation and wayfinding.,"The question starts from a concrete detail in Walkability: Walkability depends on sidewalks, crossings, shade, distance, and safety. It is really asking which answer handles a similar pressure. Navigation and wayfinding is the best connection because it turns space into instructions; signs and maps decide what feels obvious, permitted, or reachable. Both ideas ask alpacas to notice that A walkable place gives people choices. A hostile one makes even short distances feel like permission denied.",,,WSC_2026_updated_level_100_200_300_questions.csv
L300_where-the-sidewalk-starts_1_379,question.where-the-sidewalk-starts.300.001,section.guideQuestions,Section Journey,where-the-sidewalk-starts,,3,300,Why can sidewalks feel completely different from city to city?,"Local design choices decide whether walking, commerce, and gathering are supported",Sidewalks naturally form the same way everywhere,"That answer changes the point: Local design choices decide whether walking, commerce, and gathering are supported.",Only climate determines sidewalk use,"That answer changes the point: Local design choices decide whether walking, commerce, and gathering are supported.",Pedestrians use sidewalks identically in all cultures,"That answer changes the point: Local design choices decide whether walking, commerce, and gathering are supported.","Correct: Local design choices decide whether walking, commerce, and gathering are supported.",,,,https://wsc-2026-study-routes.vercel.app/raw-content-bank.js?v=20260504f
L300_where-the-sidewalk-starts_2_380,question.where-the-sidewalk-starts.300.002,section.guideQuestions,Section Journey,where-the-sidewalk-starts,,3,300,Why did moving sidewalks stay mostly niche rather than transform cities?,They work best only where passenger flow is predictable and maintenance is justified,They are illegal in most public spaces,That answer changes the point: They work best only where passenger flow is predictable and maintenance is justified.,People always prefer escalators over walking,That answer changes the point: They work best only where passenger flow is predictable and maintenance is justified.,They cannot operate indoors,That answer changes the point: They work best only where passenger flow is predictable and maintenance is justified.,Correct: They work best only where passenger flow is predictable and maintenance is justified.,,,,https://wsc-2026-study-routes.vercel.app/raw-content-bank.js?v=20260504f
L300_where-the-sidewalk-starts_3_381,question.where-the-sidewalk-starts.300.003,section.guideQuestions,Section Journey,where-the-sidewalk-starts,,3,300,Why can “free parking” be misleading?,"The cost is often hidden in land use, rents, prices, taxes, or lost alternatives",It means nobody pays for the land at all,"That answer changes the point: The cost is often hidden in land use, rents, prices, taxes, or lost alternatives.",It exists only in public parks,"That answer changes the point: The cost is often hidden in land use, rents, prices, taxes, or lost alternatives.",It is always cheaper for society than paid parking,"That answer changes the point: The cost is often hidden in land use, rents, prices, taxes, or lost alternatives.","Correct: The cost is often hidden in land use, rents, prices, taxes, or lost alternatives.",,,,https://wsc-2026-study-routes.vercel.app/raw-content-bank.js?v=20260504f
L300_where-the-sidewalk-starts_4_382,question.where-the-sidewalk-starts.300.004,section.guideQuestions,Section Journey,where-the-sidewalk-starts,,3,300,"What do Temple Street Garage, Lego Parking House, and Parc des Celestins have in common?",They treat parking as a designed experience rather than invisible storage,They were all built as ancient monuments,That answer changes the point: They treat parking as a designed experience rather than invisible storage.,They are all examples of failed public parks,That answer changes the point: They treat parking as a designed experience rather than invisible storage.,They all reject architecture completely,That answer changes the point: They treat parking as a designed experience rather than invisible storage.,Correct: They treat parking as a designed experience rather than invisible storage.,,,,https://wsc-2026-study-routes.vercel.app/raw-content-bank.js?v=20260504f
L300_where-the-sidewalk-starts_5_383,question.where-the-sidewalk-starts.300.005,section.guideQuestions,Section Journey,where-the-sidewalk-starts,,3,300,What fair counterargument can be made in defense of snout houses?,They can be practical and space-efficient on small suburban lots,They always create lively pedestrian streets,That answer changes the point: They can be practical and space-efficient on small suburban lots.,They eliminate car dependency by design,That answer changes the point: They can be practical and space-efficient on small suburban lots.,They are mostly symbolic and not useful,That answer changes the point: They can be practical and space-efficient on small suburban lots.,Correct: They can be practical and space-efficient on small suburban lots.,,,,https://wsc-2026-study-routes.vercel.app/raw-content-bank.js?v=20260504f
L300_where-the-sidewalk-starts_6_384,question.where-the-sidewalk-starts.300.006,section.guideQuestions,Section Journey,where-the-sidewalk-starts,,3,300,How does Wright’s approach contrast with a snout house?,"It tries to integrate car, house, street, and landscape rather than letting the garage dominate",It removes all relationship between home and street,"That answer changes the point: It tries to integrate car, house, street, and landscape rather than letting the garage dominate.",It treats the car as the only reason to design a house,"That answer changes the point: It tries to integrate car, house, street, and landscape rather than letting the garage dominate.",It makes the building less connected to its surroundings,"That answer changes the point: It tries to integrate car, house, street, and landscape rather than letting the garage dominate.","Correct: It tries to integrate car, house, street, and landscape rather than letting the garage dominate.",,,,https://wsc-2026-study-routes.vercel.app/raw-content-bank.js?v=20260504f
L300_where-the-sidewalk-starts_7_385,question.where-the-sidewalk-starts.300.007,section.guideQuestions,Section Journey,where-the-sidewalk-starts,,3,300,What design features help Grand Park work as a public place?,"Lawns, fountains, gardens, walking paths, play areas, and seating",Only traffic lanes and parking meters,"That answer changes the point: Lawns, fountains, gardens, walking paths, play areas, and seating.",Closed fences and blank concrete walls,"That answer changes the point: Lawns, fountains, gardens, walking paths, play areas, and seating.",Private garages hidden below every sidewalk,"That answer changes the point: Lawns, fountains, gardens, walking paths, play areas, and seating.","Correct: Lawns, fountains, gardens, walking paths, play areas, and seating.",,,,https://wsc-2026-study-routes.vercel.app/raw-content-bank.js?v=20260504f
L100_monkey-see-monkey-prototype_1_005,question.monkey-see-monkey-prototype.100.001,entry.quizQuestions,Raw Content,monkey-see-monkey-prototype,raw.monkey-see-monkey-prototype.001,1,100,What is a prototype?,An early model built to test an idea,A final version sold to all customers,That answer changes the point: An early model built to test an idea.,"A model for testing, not a legal status for a finished product",That answer changes the point: An early model built to test an idea.,"A test version before mass production, not a factory rule",That answer changes the point: An early model built to test an idea.,An early model built to test an idea.,,,,https://wsc-2026-study-routes.vercel.app/raw-content-bank.js?v=20260504f
L100_monkey-see-monkey-prototype_2_013,question.monkey-see-monkey-prototype.100.002,entry.quizQuestions,Raw Content,monkey-see-monkey-prototype,raw.monkey-see-monkey-prototype.002,1,100,What is rapid prototyping?,Fast testing with early models,Selling products before design,That answer changes the point: Fast testing with early models.,Copying inventions without testing,That answer changes the point: Fast testing with early models.,Replacing inventors with printers,That answer changes the point: Fast testing with early models.,Fast testing with early models.,,,,https://wsc-2026-study-routes.vercel.app/raw-content-bank.js?v=20260504f
L100_monkey-see-monkey-prototype_3_006,question.monkey-see-monkey-prototype.100.003,entry.quizQuestions,Raw Content,monkey-see-monkey-prototype,raw.monkey-see-monkey-prototype.003,1,100,What is vibe coding?,Building software through AI prompts,Fixing computers with music apps,That answer changes the point: Building software through AI prompts.,Testing games only by feeling,That answer changes the point: Building software through AI prompts.,Designing robots without software,That answer changes the point: Building software through AI prompts.,Building software through AI prompts.,,,,https://wsc-2026-study-routes.vercel.app/raw-content-bank.js?v=20260504f
L100_monkey-see-monkey-prototype_4_047,question.monkey-see-monkey-prototype.100.004,entry.quizQuestions,Raw Content,monkey-see-monkey-prototype,raw.monkey-see-monkey-prototype.004,1,100,What was hidden inside the Mechanical Turk?,A human chess player,A small electric computer,That answer changes the point: A human chess player.,A magnetic chess manual,That answer changes the point: A human chess player.,A second public chessboard,That answer changes the point: A human chess player.,A human chess player.,,,,https://wsc-2026-study-routes.vercel.app/raw-content-bank.js?v=20260504f
L100_monkey-see-monkey-prototype_5_007,question.monkey-see-monkey-prototype.100.005,entry.quizQuestions,Raw Content,monkey-see-monkey-prototype,raw.monkey-see-monkey-prototype.005,1,100,What is a rigged demo?,A demo hiding key limits,A demo filmed in public,That answer changes the point: A demo hiding key limits.,A demo with clear labels,That answer changes the point: A demo hiding key limits.,A demo of a finished item,That answer changes the point: A demo hiding key limits.,A demo hiding key limits.,,,,https://wsc-2026-study-routes.vercel.app/raw-content-bank.js?v=20260504f
L100_monkey-see-monkey-prototype_6_025,question.monkey-see-monkey-prototype.100.006,entry.quizQuestions,Raw Content,monkey-see-monkey-prototype,raw.monkey-see-monkey-prototype.006,1,100,What is hidden labor in automation?,Human work behind a system,Software that needs no updates,That answer changes the point: Human work behind a system.,A robot working without people,That answer changes the point: Human work behind a system.,A store with no technology,That answer changes the point: Human work behind a system.,Human work behind a system.,,,,https://wsc-2026-study-routes.vercel.app/raw-content-bank.js?v=20260504f
L200_monkey-see-monkey-prototype_1_122,question.monkey-see-monkey-prototype.200.001,entry.quizQuestions,Raw Content,monkey-see-monkey-prototype,raw.monkey-see-monkey-prototype.001,2,200,Why do designers use sketches early on?,To explore ideas before final choices,To replace all later product testing,That answer changes the point: To explore ideas before final choices.,To prove the product already works,That answer changes the point: To explore ideas before final choices.,To avoid talking with real users,That answer changes the point: To explore ideas before final choices.,To explore ideas before final choices.,,,,https://wsc-2026-study-routes.vercel.app/raw-content-bank.js?v=20260504f
L200_monkey-see-monkey-prototype_2_115,question.monkey-see-monkey-prototype.200.002,entry.quizQuestions,Raw Content,monkey-see-monkey-prototype,raw.monkey-see-monkey-prototype.002,2,200,Why are 3D printers useful in design?,They turn ideas into testable shapes,They make every product safe,That answer changes the point: They turn ideas into testable shapes.,They remove all design choices,That answer changes the point: They turn ideas into testable shapes.,They replace all expert feedback,That answer changes the point: They turn ideas into testable shapes.,They turn ideas into testable shapes.,,,,https://wsc-2026-study-routes.vercel.app/raw-content-bank.js?v=20260504f
L200_monkey-see-monkey-prototype_3_123,question.monkey-see-monkey-prototype.200.003,entry.quizQuestions,Raw Content,monkey-see-monkey-prototype,raw.monkey-see-monkey-prototype.003,2,200,Why does vibe coding attract beginners?,It makes creation feel more accessible,It removes every possible bug,That answer changes the point: It makes creation feel more accessible.,It makes planning unnecessary,That answer changes the point: It makes creation feel more accessible.,It ends the need for support,That answer changes the point: It makes creation feel more accessible.,It makes creation feel more accessible.,,,,https://wsc-2026-study-routes.vercel.app/raw-content-bank.js?v=20260504f
L200_monkey-see-monkey-prototype_4_108,question.monkey-see-monkey-prototype.200.004,entry.quizQuestions,Raw Content,monkey-see-monkey-prototype,raw.monkey-see-monkey-prototype.004,2,200,What is Wizard of Oz testing?,Simulating automation with human help,Testing robots only after release,That answer changes the point: Simulating automation with human help.,Building machines without users,That answer changes the point: Simulating automation with human help.,Replacing research with magic tricks,That answer changes the point: Simulating automation with human help.,Simulating automation with human help.,,,,https://wsc-2026-study-routes.vercel.app/raw-content-bank.js?v=20260504f
L200_monkey-see-monkey-prototype_5_118,question.monkey-see-monkey-prototype.200.005,entry.quizQuestions,Raw Content,monkey-see-monkey-prototype,raw.monkey-see-monkey-prototype.005,2,200,Why do companies use impressive demos?,To build confidence and attention,To avoid all public interest,That answer changes the point: To build confidence and attention.,To prove mass production works,That answer changes the point: To build confidence and attention.,To replace engineering work,That answer changes the point: To build confidence and attention.,To build confidence and attention.,,,,https://wsc-2026-study-routes.vercel.app/raw-content-bank.js?v=20260504f
L200_monkey-see-monkey-prototype_6_129,question.monkey-see-monkey-prototype.200.006,entry.quizQuestions,Raw Content,monkey-see-monkey-prototype,raw.monkey-see-monkey-prototype.006,2,200,Why might startups use human help early?,Full automation may not be ready,Customers always reject AI tools,That answer changes the point: Full automation may not be ready.,Manual work proves no demand,That answer changes the point: Full automation may not be ready.,Human labor removes all risk,That answer changes the point: Full automation may not be ready.,Full automation may not be ready.,,,,https://wsc-2026-study-routes.vercel.app/raw-content-bank.js?v=20260504f
L300_monkey-see-monkey-prototype__240,question.monkey-see-monkey-prototype.300.007,section.guideQuestions,Section Journey,monkey-see-monkey-prototype,,3,300,"Start with this detail: It may test form, function, or user reaction. Which idea gives the best comparison?",Minimum viable product,Iteration loops,That answer changes the point: Minimum viable product.,Fake demos and vaporware,That answer changes the point: Minimum viable product.,"Copying, borrowing, and innovation",That answer changes the point: Minimum viable product.,Correct: Minimum viable product.,"The question starts from a concrete detail in What a prototype is: It may test form, function, or user reaction. It is really asking which answer handles a similar pressure. Minimum viable product is the best connection because it shrinks completion to the smallest usable version, testing whether a thing deserves more work before pretending it is finished. Both ideas ask alpacas to notice that A prototype is honest only when people know what is being tested and what is still missing.",,,WSC_2026_updated_level_100_200_300_questions.csv
L300_monkey-see-monkey-prototype__241,question.monkey-see-monkey-prototype.300.008,section.guideQuestions,Section Journey,monkey-see-monkey-prototype,,3,300,Which idea gives the clearest comparison to Iteration loops?,Fake demos and vaporware,"Copying, borrowing, and innovation",That answer changes the point: Fake demos and vaporware.,Prototype ethics,That answer changes the point: Fake demos and vaporware.,What a prototype is,That answer changes the point: Fake demos and vaporware.,Correct: Fake demos and vaporware.,"The question starts from a concrete detail in Iteration loops: Iteration assumes first versions are incomplete. It is really asking which answer handles a similar pressure. Fake demos and vaporware is the best connection because it performs readiness before readiness exists, selling the appearance of arrival as if it were arrival itself. Both ideas ask alpacas to notice that Iteration values learning over pride. It treats version one as a question, not a promise.",,,WSC_2026_updated_level_100_200_300_questions.csv
L300_monkey-see-monkey-prototype__242,question.monkey-see-monkey-prototype.300.009,section.guideQuestions,Section Journey,monkey-see-monkey-prototype,,3,300,"Which idea turns the same pressure behind Copying, borrowing, and innovation into a different form?",Prototype ethics,What a prototype is,That answer changes the point: Prototype ethics.,Minimum viable product,That answer changes the point: Prototype ethics.,Iteration loops,That answer changes the point: Prototype ethics.,Correct: Prototype ethics.,"The question starts from a concrete detail in Copying, borrowing, and innovation: Originality is often built from existing patterns. It is really asking which answer handles a similar pressure. Prototype ethics is the best connection because it tests whether unfinished systems should be allowed to affect real people while their risks are still being discovered. Both ideas ask alpacas to notice that Innovation is rarely pure originality. The problem is whether borrowing builds understanding or hides dependence.",,,WSC_2026_updated_level_100_200_300_questions.csv
L300_monkey-see-monkey-prototype__243,question.monkey-see-monkey-prototype.300.010,section.guideQuestions,Section Journey,monkey-see-monkey-prototype,,3,300,Which idea gives the clearest comparison for Fake demos and vaporware?,"Copying, borrowing, and innovation",Prototype ethics,"That answer changes the point: Copying, borrowing, and innovation.",What a prototype is,"That answer changes the point: Copying, borrowing, and innovation.",Minimum viable product,"That answer changes the point: Copying, borrowing, and innovation.","Correct: Copying, borrowing, and innovation.","The question starts from a concrete detail in Fake demos and vaporware: A staged demo can exaggerate readiness. It is really asking which answer handles a similar pressure. Copying, borrowing, and innovation is the best connection because it blurs imitation and invention, asking when repetition becomes learning and when it becomes theft. Both ideas ask alpacas to notice that Markets often reward the performance of arrival before anyone checks whether the thing can work.",,,WSC_2026_updated_level_100_200_300_questions.csv
L300_monkey-see-monkey-prototype__244,question.monkey-see-monkey-prototype.300.011,section.guideQuestions,Section Journey,monkey-see-monkey-prototype,,3,300,Which idea carries the same logic as Minimum viable product?,"Copying, borrowing, and innovation",Prototype ethics,"That answer changes the point: Copying, borrowing, and innovation.",What a prototype is,"That answer changes the point: Copying, borrowing, and innovation.",Iteration loops,"That answer changes the point: Copying, borrowing, and innovation.","Correct: Copying, borrowing, and innovation.","The question starts from a concrete detail in Minimum viable product: The goal is learning, not perfection. It is really asking which answer handles a similar pressure. Copying, borrowing, and innovation is the best connection because it blurs imitation and invention, asking when repetition becomes learning and when it becomes theft. Both ideas ask alpacas to notice that MVP logic can prevent waste, but it can also make users test unfinished systems without enough protection.",,,WSC_2026_updated_level_100_200_300_questions.csv
L300_monkey-see-monkey-prototype_1_322,question.monkey-see-monkey-prototype.300.001,section.guideQuestions,Section Journey,monkey-see-monkey-prototype,,3,300,What does user testing usually reveal?,How real people respond to a design,How much a company should charge,That answer changes the point: How real people respond to a design.,Which patent lawyer should be hired,That answer changes the point: How real people respond to a design.,Which factory can ship the fastest,That answer changes the point: How real people respond to a design.,Correct: How real people respond to a design.,,,,https://wsc-2026-study-routes.vercel.app/raw-content-bank.js?v=20260504f
L300_monkey-see-monkey-prototype_2_323,question.monkey-see-monkey-prototype.300.002,section.guideQuestions,Section Journey,monkey-see-monkey-prototype,,3,300,What is one benefit of makerspaces?,They widen access to design tools,They make training unnecessary,That answer changes the point: They widen access to design tools.,They prevent all design errors,That answer changes the point: They widen access to design tools.,They guarantee profitable products,That answer changes the point: They widen access to design tools.,Correct: They widen access to design tools.,,,,https://wsc-2026-study-routes.vercel.app/raw-content-bank.js?v=20260504f
L300_monkey-see-monkey-prototype_3_324,question.monkey-see-monkey-prototype.300.003,section.guideQuestions,Section Journey,monkey-see-monkey-prototype,,3,300,What risk can AI-generated software create?,It may hide bugs behind a smooth demo,It always runs slower than websites,That answer changes the point: It may hide bugs behind a smooth demo.,It prevents people from making apps,That answer changes the point: It may hide bugs behind a smooth demo.,It only works for video games,That answer changes the point: It may hide bugs behind a smooth demo.,Correct: It may hide bugs behind a smooth demo.,,,,https://wsc-2026-study-routes.vercel.app/raw-content-bank.js?v=20260504f
L300_monkey-see-monkey-prototype_4_325,question.monkey-see-monkey-prototype.300.004,section.guideQuestions,Section Journey,monkey-see-monkey-prototype,,3,300,Why can simulated automation help designers?,It tests reactions before full building,It proves the product already works,That answer changes the point: It tests reactions before full building.,It removes all engineering problems,That answer changes the point: It tests reactions before full building.,It makes user consent irrelevant,That answer changes the point: It tests reactions before full building.,Correct: It tests reactions before full building.,,,,https://wsc-2026-study-routes.vercel.app/raw-content-bank.js?v=20260504f
L300_monkey-see-monkey-prototype_5_326,question.monkey-see-monkey-prototype.300.005,section.guideQuestions,Section Journey,monkey-see-monkey-prototype,,3,300,What can make a demo misleading?,It hides staging or human control,It shows the product being tested,That answer changes the point: It hides staging or human control.,It admits the design is unfinished,That answer changes the point: It hides staging or human control.,It explains what still fails,That answer changes the point: It hides staging or human control.,Correct: It hides staging or human control.,,,,https://wsc-2026-study-routes.vercel.app/raw-content-bank.js?v=20260504f
L300_monkey-see-monkey-prototype_6_327,question.monkey-see-monkey-prototype.300.006,section.guideQuestions,Section Journey,monkey-see-monkey-prototype,,3,300,Why can hidden labor damage trust?,Users may misjudge the product,Workers become more visible,That answer changes the point: Users may misjudge the product.,Automation becomes fully clear,That answer changes the point: Users may misjudge the product.,Customers receive too much detail,That answer changes the point: Users may misjudge the product.,Correct: Users may misjudge the product.,,,,https://wsc-2026-study-routes.vercel.app/raw-content-bank.js?v=20260504f
L100_the-lovely-and-the-liminal_1_015,question.the-lovely-and-the-liminal.100.001,entry.quizQuestions,Raw Content,the-lovely-and-the-liminal,raw.the-lovely-and-the-liminal.001,1,100,What is the doorway effect?,Forgetting a goal after entering a new space,Remembering better after opening a door,That answer changes the point: Forgetting a goal after entering a new space.,Feeling afraid of unfamiliar entrances,That answer changes the point: Forgetting a goal after entering a new space.,Confusing dreams with real rooms,That answer changes the point: Forgetting a goal after entering a new space.,Forgetting a goal after entering a new space.,,,,https://wsc-2026-study-routes.vercel.app/raw-content-bank.js?v=20260504f
L100_the-lovely-and-the-liminal_2_049,question.the-lovely-and-the-liminal.100.002,entry.quizQuestions,Raw Content,the-lovely-and-the-liminal,raw.the-lovely-and-the-liminal.002,1,100,What mood does The Backrooms mainly create?,Unease inside an empty in-between place,Excitement during a fast rescue mission,That answer changes the point: Unease inside an empty in-between place.,Nostalgia for a familiar childhood home,That answer changes the point: Unease inside an empty in-between place.,Comfort inside a clearly guided journey,That answer changes the point: Unease inside an empty in-between place.,Unease inside an empty in-between place.,,,,https://wsc-2026-study-routes.vercel.app/raw-content-bank.js?v=20260504f
L100_the-lovely-and-the-liminal_3_041,question.the-lovely-and-the-liminal.100.003,entry.quizQuestions,Raw Content,the-lovely-and-the-liminal,raw.the-lovely-and-the-liminal.003,1,100,What can a liminal setting add to a game?,Uncertainty while the player explores,Speed without any atmosphere,That answer changes the point: Uncertainty while the player explores.,Rules that never change at all,That answer changes the point: Uncertainty while the player explores.,A map that removes all doubt,That answer changes the point: Uncertainty while the player explores.,Uncertainty while the player explores.,,,,https://wsc-2026-study-routes.vercel.app/raw-content-bank.js?v=20260504f
L100_the-lovely-and-the-liminal_4_050,question.the-lovely-and-the-liminal.100.004,entry.quizQuestions,Raw Content,the-lovely-and-the-liminal,raw.the-lovely-and-the-liminal.004,1,100,What does Kant’s idea suggest about beauty?,It can feel meaningful without being useful,It must always serve a clear function,That answer changes the point: It can feel meaningful without being useful.,It depends mainly on famous artists,That answer changes the point: It can feel meaningful without being useful.,It works only inside museums,That answer changes the point: It can feel meaningful without being useful.,It can feel meaningful without being useful.,,,,https://wsc-2026-study-routes.vercel.app/raw-content-bank.js?v=20260504f
L100_the-lovely-and-the-liminal_5_051,question.the-lovely-and-the-liminal.100.005,entry.quizQuestions,Raw Content,the-lovely-and-the-liminal,raw.the-lovely-and-the-liminal.005,1,100,What makes a train station a liminal space?,It is built for waiting and passage,It is designed as a permanent home,That answer changes the point: It is built for waiting and passage.,It removes the feeling of time,That answer changes the point: It is built for waiting and passage.,It functions mainly as a private room,That answer changes the point: It is built for waiting and passage.,It is built for waiting and passage.,,,,https://wsc-2026-study-routes.vercel.app/raw-content-bank.js?v=20260504f
L100_the-lovely-and-the-liminal_6_032,question.the-lovely-and-the-liminal.100.006,entry.quizQuestions,Raw Content,the-lovely-and-the-liminal,raw.the-lovely-and-the-liminal.006,1,100,What is one purpose of a waiting room?,To hold people before another event,To replace the service people came for,That answer changes the point: To hold people before another event.,To make movement unnecessary afterward,That answer changes the point: To hold people before another event.,To become the main destination itself,That answer changes the point: To hold people before another event.,To hold people before another event.,,,,https://wsc-2026-study-routes.vercel.app/raw-content-bank.js?v=20260504f
L100_the-lovely-and-the-liminal_7_042,question.the-lovely-and-the-liminal.100.007,entry.quizQuestions,Raw Content,the-lovely-and-the-liminal,raw.the-lovely-and-the-liminal.007,1,100,What does “liminal” usually suggest today?,Something in-between or unresolved,Something useful and fully complete,That answer changes the point: Something in-between or unresolved.,Something old but easy to classify,That answer changes the point: Something in-between or unresolved.,Something private and domestic only,That answer changes the point: Something in-between or unresolved.,Something in-between or unresolved.,,,,https://wsc-2026-study-routes.vercel.app/raw-content-bank.js?v=20260504f
L100_the-lovely-and-the-liminal_8_056,question.the-lovely-and-the-liminal.100.008,entry.quizQuestions,Raw Content,the-lovely-and-the-liminal,raw.the-lovely-and-the-liminal.008,1,100,What changes when liminality lasts too long?,The in-between becomes a condition,The journey becomes easier to finish,That answer changes the point: The in-between becomes a condition.,The threshold loses all meaning,That answer changes the point: The in-between becomes a condition.,The destination becomes automatic,That answer changes the point: The in-between becomes a condition.,The in-between becomes a condition.,,,,https://wsc-2026-study-routes.vercel.app/raw-content-bank.js?v=20260504f
L100_the-lovely-and-the-liminal_9_057,question.the-lovely-and-the-liminal.100.009,entry.quizQuestions,Raw Content,the-lovely-and-the-liminal,raw.the-lovely-and-the-liminal.009,1,100,What is ambient music mainly designed to do?,Shape atmosphere without demanding focus,Make lyrics the center of attention,That answer changes the point: Shape atmosphere without demanding focus.,Replace silence with constant speech,That answer changes the point: Shape atmosphere without demanding focus.,Turn every space into a concert,That answer changes the point: Shape atmosphere without demanding focus.,Shape atmosphere without demanding focus.,,,,https://wsc-2026-study-routes.vercel.app/raw-content-bank.js?v=20260504f
L200_the-lovely-and-the-liminal_1_139,question.the-lovely-and-the-liminal.200.001,entry.quizQuestions,Raw Content,the-lovely-and-the-liminal,raw.the-lovely-and-the-liminal.001,2,200,Why can a doorway affect short-term memory?,It can mark a new mental context,It removes visual information completely,That answer changes the point: It can mark a new mental context.,It forces the brain to stop thinking,That answer changes the point: It can mark a new mental context.,It makes every task more important,That answer changes the point: It can mark a new mental context.,It can mark a new mental context.,,,,https://wsc-2026-study-routes.vercel.app/raw-content-bank.js?v=20260504f
L200_the-lovely-and-the-liminal_2_140,question.the-lovely-and-the-liminal.200.002,entry.quizQuestions,Raw Content,the-lovely-and-the-liminal,raw.the-lovely-and-the-liminal.002,2,200,Why does found footage suit liminal horror?,It makes the viewer feel physically placed there,It gives every scene a clear narrator,That answer changes the point: It makes the viewer feel physically placed there.,It makes the setting more decorative,That answer changes the point: It makes the viewer feel physically placed there.,It removes uncertainty from the image,That answer changes the point: It makes the viewer feel physically placed there.,It makes the viewer feel physically placed there.,,,,https://wsc-2026-study-routes.vercel.app/raw-content-bank.js?v=20260504f
L200_the-lovely-and-the-liminal_3_137,question.the-lovely-and-the-liminal.200.003,entry.quizQuestions,Raw Content,the-lovely-and-the-liminal,raw.the-lovely-and-the-liminal.003,2,200,Why can POOLS feel tense without monsters?,Its empty spaces and sounds create pressure,Its battles begin before the story starts,That answer changes the point: Its empty spaces and sounds create pressure.,Its dialogue explains every hidden threat,That answer changes the point: Its empty spaces and sounds create pressure.,Its music tells players where to run,That answer changes the point: Its empty spaces and sounds create pressure.,Its empty spaces and sounds create pressure.,,,,https://wsc-2026-study-routes.vercel.app/raw-content-bank.js?v=20260504f
L200_the-lovely-and-the-liminal_4_167,question.the-lovely-and-the-liminal.200.004,entry.quizQuestions,Raw Content,the-lovely-and-the-liminal,raw.the-lovely-and-the-liminal.004,2,200,How can Kant help explain attractive liminal spaces?,They may feel purposeful without a clear goal,They always have a hidden practical function,That answer changes the point: They may feel purposeful without a clear goal.,They become beautiful only when crowded,That answer changes the point: They may feel purposeful without a clear goal.,They are valuable only if they lead somewhere,That answer changes the point: They may feel purposeful without a clear goal.,They may feel purposeful without a clear goal.,,,,https://wsc-2026-study-routes.vercel.app/raw-content-bank.js?v=20260504f
L200_the-lovely-and-the-liminal_5_145,question.the-lovely-and-the-liminal.200.005,entry.quizQuestions,Raw Content,the-lovely-and-the-liminal,raw.the-lovely-and-the-liminal.005,2,200,Why do artists often use trains or stations?,"They combine motion, waiting, and change",They avoid social and historical meaning,"That answer changes the point: They combine motion, waiting, and change.",They show spaces without human activity,"That answer changes the point: They combine motion, waiting, and change.",They make travel feel fully settled,"That answer changes the point: They combine motion, waiting, and change.","They combine motion, waiting, and change.",,,,https://wsc-2026-study-routes.vercel.app/raw-content-bank.js?v=20260504f
L200_the-lovely-and-the-liminal_6_168,question.the-lovely-and-the-liminal.200.006,entry.quizQuestions,Raw Content,the-lovely-and-the-liminal,raw.the-lovely-and-the-liminal.006,2,200,Which design choice can affect waiting-room anxiety?,"Lighting, seating, sound, or spacing",The number of books in the building,"That answer changes the point: Lighting, seating, sound, or spacing.",The age of the outside sidewalk,"That answer changes the point: Lighting, seating, sound, or spacing.",The height of the nearest roof,"That answer changes the point: Lighting, seating, sound, or spacing.","Lighting, seating, sound, or spacing.",,,,https://wsc-2026-study-routes.vercel.app/raw-content-bank.js?v=20260504f
L200_the-lovely-and-the-liminal_7_138,question.the-lovely-and-the-liminal.200.007,entry.quizQuestions,Raw Content,the-lovely-and-the-liminal,raw.the-lovely-and-the-liminal.007,2,200,Why can broad use of “liminal” be helpful?,It connects different works through shared moods,It gives every artwork the same meaning,That answer changes the point: It connects different works through shared moods.,It removes the need for interpretation,That answer changes the point: It connects different works through shared moods.,It makes art categories fully objective,That answer changes the point: It connects different works through shared moods.,It connects different works through shared moods.,,,,https://wsc-2026-study-routes.vercel.app/raw-content-bank.js?v=20260504f
L200_the-lovely-and-the-liminal_8_169,question.the-lovely-and-the-liminal.200.008,entry.quizQuestions,Raw Content,the-lovely-and-the-liminal,raw.the-lovely-and-the-liminal.008,2,200,Why is Waiting for Godot strongly linked to waiting?,Its characters remain suspended in delay,Its plot follows a clear travel route,That answer changes the point: Its characters remain suspended in delay.,Its setting changes in every scene,That answer changes the point: Its characters remain suspended in delay.,Its ending explains every uncertainty,That answer changes the point: Its characters remain suspended in delay.,Its characters remain suspended in delay.,,,,https://wsc-2026-study-routes.vercel.app/raw-content-bank.js?v=20260504f
L200_the-lovely-and-the-liminal_9_176,question.the-lovely-and-the-liminal.200.009,entry.quizQuestions,Raw Content,the-lovely-and-the-liminal,raw.the-lovely-and-the-liminal.009,2,200,Why is an airport a strong setting for ambient music?,"It combines waiting, stress, and transition",It is usually silent and private,"That answer changes the point: It combines waiting, stress, and transition.",It removes the need for announcements,"That answer changes the point: It combines waiting, stress, and transition.",It has no connection to movement,"That answer changes the point: It combines waiting, stress, and transition.","It combines waiting, stress, and transition.",,,,https://wsc-2026-study-routes.vercel.app/raw-content-bank.js?v=20260504f
L300_the-lovely-and-the-liminal__265,question.the-lovely-and-the-liminal.300.010,section.guideQuestions,Section Journey,the-lovely-and-the-liminal,,3,300,Start with this detail: It is neither fully one thing nor another. Which idea gives the best comparison?,Liminal spaces in architecture,The uncanny and familiar strangeness,That answer changes the point: Liminal spaces in architecture.,Rites of passage,That answer changes the point: Liminal spaces in architecture.,Liminal aesthetics online,That answer changes the point: Liminal spaces in architecture.,Correct: Liminal spaces in architecture.,"The question starts from a concrete detail in Liminality: It is neither fully one thing nor another. It is really asking which answer handles a similar pressure. Liminal spaces in architecture is the best connection because it makes transition physical: corridors, hotels, stations, and waiting rooms hold people without fully belonging to anyone. Both ideas ask alpacas to notice that In-between states are powerful because they remove the old label before the new one fully holds.",,,WSC_2026_updated_level_100_200_300_questions.csv
L300_the-lovely-and-the-liminal__266,question.the-lovely-and-the-liminal.300.011,section.guideQuestions,Section Journey,the-lovely-and-the-liminal,,3,300,Which idea gives the clearest comparison to The uncanny and familiar strangeness?,Rites of passage,Liminal aesthetics online,That answer changes the point: Rites of passage.,Identity thresholds,That answer changes the point: Rites of passage.,Liminality,That answer changes the point: Rites of passage.,Correct: Rites of passage.,"The question starts from a concrete detail in The uncanny and familiar strangeness: The uncanny often emerges from spaces that are known but depopulated or slightly wrong. It is really asking which answer handles a similar pressure. Rites of passage is the best connection because it turns transition into ceremony so a community can recognize that someone has crossed a threshold. Both ideas ask alpacas to notice that The uncanny often begins when an ordinary place loses the people, purpose, or rhythm that usually makes it make sense.",,,WSC_2026_updated_level_100_200_300_questions.csv
L300_the-lovely-and-the-liminal__267,question.the-lovely-and-the-liminal.300.012,section.guideQuestions,Section Journey,the-lovely-and-the-liminal,,3,300,Which idea turns the same pressure behind Liminal aesthetics online into a different form?,Identity thresholds,Liminality,That answer changes the point: Identity thresholds.,Liminal spaces in architecture,That answer changes the point: Identity thresholds.,The uncanny and familiar strangeness,That answer changes the point: Identity thresholds.,Correct: Identity thresholds.,"The question starts from a concrete detail in Liminal aesthetics online: Images often feature empty, fluorescent, or transitional spaces. It is really asking which answer handles a similar pressure. Identity thresholds is the best connection because it marks the moment when a person is treated as becoming something else before they fully feel changed. Both ideas ask alpacas to notice that Online liminal images turn architectural emptiness into shared emotional shorthand.",,,WSC_2026_updated_level_100_200_300_questions.csv
L300_the-lovely-and-the-liminal__268,question.the-lovely-and-the-liminal.300.013,section.guideQuestions,Section Journey,the-lovely-and-the-liminal,,3,300,Which idea gives the clearest comparison for Rites of passage?,Liminal aesthetics online,Identity thresholds,That answer changes the point: Liminal aesthetics online.,Liminality,That answer changes the point: Liminal aesthetics online.,Liminal spaces in architecture,That answer changes the point: Liminal aesthetics online.,Correct: Liminal aesthetics online.,"The question starts from a concrete detail in Rites of passage: A rite of passage often includes separation, liminality, and reintegration. It is really asking which answer handles a similar pressure. Liminal aesthetics online is the best connection because it turns in-between spaces into a mood, making emptiness, transition, and almost-belonging shareable. Both ideas ask alpacas to notice that Communities use ritual to make invisible identity changes publicly recognizable.",,,WSC_2026_updated_level_100_200_300_questions.csv
L300_the-lovely-and-the-liminal__269,question.the-lovely-and-the-liminal.300.014,section.guideQuestions,Section Journey,the-lovely-and-the-liminal,,3,300,Which idea carries the same logic as Liminal spaces in architecture?,Liminal aesthetics online,Identity thresholds,That answer changes the point: Liminal aesthetics online.,Liminality,That answer changes the point: Liminal aesthetics online.,The uncanny and familiar strangeness,That answer changes the point: Liminal aesthetics online.,Correct: Liminal aesthetics online.,"The question starts from a concrete detail in Liminal spaces in architecture: Examples include corridors, escalators, terminals, stairwells, waiting rooms. It is really asking which answer handles a similar pressure. Liminal aesthetics online is the best connection because it turns in-between spaces into a mood, making emptiness, transition, and almost-belonging shareable. Both ideas ask alpacas to notice that Transit spaces feel strange because they are designed for passing through, not belonging.",,,WSC_2026_updated_level_100_200_300_questions.csv
L300_the-lovely-and-the-liminal_1_359,question.the-lovely-and-the-liminal.300.001,section.guideQuestions,Section Journey,the-lovely-and-the-liminal,,3,300,What did the doorway-effect experiment compare?,Walking through a doorway vs. walking the same distance,Walking quickly vs. walking without carrying objects,That answer changes the point: Walking through a doorway vs. walking the same distance.,Remembering colors vs. remembering room numbers,That answer changes the point: Walking through a doorway vs. walking the same distance.,Testing adults in buildings vs. children outdoors,That answer changes the point: Walking through a doorway vs. walking the same distance.,Correct: Walking through a doorway vs. walking the same distance.,,,,https://wsc-2026-study-routes.vercel.app/raw-content-bank.js?v=20260504f
L300_the-lovely-and-the-liminal_2_360,question.the-lovely-and-the-liminal.300.002,section.guideQuestions,Section Journey,the-lovely-and-the-liminal,,3,300,Which setting best fits Backrooms-style liminal horror?,A corridor that seems endless and purposeless,A crowded plaza during a public festival,That answer changes the point: A corridor that seems endless and purposeless.,A marked trail with frequent signposts,That answer changes the point: A corridor that seems endless and purposeless.,A living room filled with family photos,That answer changes the point: A corridor that seems endless and purposeless.,Correct: A corridor that seems endless and purposeless.,,,,https://wsc-2026-study-routes.vercel.app/raw-content-bank.js?v=20260504f
L300_the-lovely-and-the-liminal_3_361,question.the-lovely-and-the-liminal.300.003,section.guideQuestions,Section Journey,the-lovely-and-the-liminal,,3,300,What makes liminality stronger in games than in film?,Players must move through uncertainty themselves,Players always control the story completely,That answer changes the point: Players must move through uncertainty themselves.,Games avoid visual atmosphere by design,That answer changes the point: Players must move through uncertainty themselves.,Games remove the feeling of physical space,That answer changes the point: Players must move through uncertainty themselves.,Correct: Players must move through uncertainty themselves.,,,,https://wsc-2026-study-routes.vercel.app/raw-content-bank.js?v=20260504f
L300_the-lovely-and-the-liminal_4_362,question.the-lovely-and-the-liminal.300.004,section.guideQuestions,Section Journey,the-lovely-and-the-liminal,,3,300,Which space best fits aesthetic liminality?,A quiet passage that feels charged but unused,A tool designed for one obvious function,That answer changes the point: A quiet passage that feels charged but unused.,A room labeled with a single clear purpose,That answer changes the point: A quiet passage that feels charged but unused.,A crowded place with no sense of pause,That answer changes the point: A quiet passage that feels charged but unused.,Correct: A quiet passage that feels charged but unused.,,,,https://wsc-2026-study-routes.vercel.app/raw-content-bank.js?v=20260504f
L300_the-lovely-and-the-liminal_5_363,question.the-lovely-and-the-liminal.300.005,section.guideQuestions,Section Journey,the-lovely-and-the-liminal,,3,300,What do Turner and Monet both connect to railways?,Modern movement and atmospheric change,Religious ritual and ancient ceremony,That answer changes the point: Modern movement and atmospheric change.,Private memory and domestic space,That answer changes the point: Modern movement and atmospheric change.,Rural stillness and slow tradition,That answer changes the point: Modern movement and atmospheric change.,Correct: Modern movement and atmospheric change.,,,,https://wsc-2026-study-routes.vercel.app/raw-content-bank.js?v=20260504f
L300_the-lovely-and-the-liminal_6_364,question.the-lovely-and-the-liminal.300.006,section.guideQuestions,Section Journey,the-lovely-and-the-liminal,,3,300,Why is a waiting room liminal?,People are there between two stages,People stay there as a final goal,That answer changes the point: People are there between two stages.,The room has no social meaning,That answer changes the point: People are there between two stages.,The room removes all uncertainty,That answer changes the point: People are there between two stages.,Correct: People are there between two stages.,,,,https://wsc-2026-study-routes.vercel.app/raw-content-bank.js?v=20260504f
L300_the-lovely-and-the-liminal_7_365,question.the-lovely-and-the-liminal.300.007,section.guideQuestions,Section Journey,the-lovely-and-the-liminal,,3,300,What is a risk of using “liminal” too loosely?,The term may become vague and less precise,The artworks become impossible to discuss,That answer changes the point: The term may become vague and less precise.,The original meaning becomes more scientific,That answer changes the point: The term may become vague and less precise.,The category works only for old paintings,That answer changes the point: The term may become vague and less precise.,Correct: The term may become vague and less precise.,,,,https://wsc-2026-study-routes.vercel.app/raw-content-bank.js?v=20260504f
L300_the-lovely-and-the-liminal_8_366,question.the-lovely-and-the-liminal.300.008,section.guideQuestions,Section Journey,the-lovely-and-the-liminal,,3,300,How does “Keeping Still” differ from hopeless waiting?,It treats pause as reflection and awareness,It treats stillness as total defeat,That answer changes the point: It treats pause as reflection and awareness.,It turns movement into a physical race,That answer changes the point: It treats pause as reflection and awareness.,It removes choice from every person,That answer changes the point: It treats pause as reflection and awareness.,Correct: It treats pause as reflection and awareness.,,,,https://wsc-2026-study-routes.vercel.app/raw-content-bank.js?v=20260504f
L300_the-lovely-and-the-liminal_9_367,question.the-lovely-and-the-liminal.300.009,section.guideQuestions,Section Journey,the-lovely-and-the-liminal,,3,300,How does ambient music relate to liminality?,It supports spaces where people are unsettled or between states,It gives every journey a fixed destination,That answer changes the point: It supports spaces where people are unsettled or between states.,It makes waiting feel faster every time,That answer changes the point: It supports spaces where people are unsettled or between states.,It turns background sound into a clear story,That answer changes the point: It supports spaces where people are unsettled or between states.,Correct: It supports spaces where people are unsettled or between states.,,,,https://wsc-2026-study-routes.vercel.app/raw-content-bank.js?v=20260504f
L100_going-pains_1_098,question.going-pains.100.001,entry.quizQuestions,Raw Content,going-pains,raw.going-pains.001,1,100,What is the main difference between adolescence and “teenager”?,Adolescence is developmental; teenager is social,Adolescence is cultural; teenager is biological,That answer changes the point: Adolescence is developmental; teenager is social.,Adolescence begins only after the teen years,That answer changes the point: Adolescence is developmental; teenager is social.,Adolescence and teenager mean exactly the same thing,That answer changes the point: Adolescence is developmental; teenager is social.,Adolescence is developmental; teenager is social.,,,,https://wsc-2026-study-routes.vercel.app/raw-content-bank.js?v=20260504f
L100_going-pains_2_064,question.going-pains.100.002,entry.quizQuestions,Raw Content,going-pains,raw.going-pains.002,1,100,What idea is built into the word “adolescent”?,Growing toward adulthood,Staying exactly like a child,That answer changes the point: Growing toward adulthood.,Refusing responsibility permanently,That answer changes the point: Growing toward adulthood.,Turning into a number category,That answer changes the point: Growing toward adulthood.,Growing toward adulthood.,,,,https://wsc-2026-study-routes.vercel.app/raw-content-bank.js?v=20260504f
L100_going-pains_3_065,question.going-pains.100.003,entry.quizQuestions,Raw Content,going-pains,raw.going-pains.003,1,100,What is the main purpose of a rite of passage?,Mark a change in status or life stage,Make birthdays last much longer,That answer changes the point: Mark a change in status or life stage.,Replace exams with ceremonies,That answer changes the point: Mark a change in status or life stage.,Mark appearance rather than a real change in status,That answer changes the point: Mark a change in status or life stage.,Mark a change in status or life stage.,,,,https://wsc-2026-study-routes.vercel.app/raw-content-bank.js?v=20260504f
L100_going-pains_4_044,question.going-pains.100.004,entry.quizQuestions,Raw Content,going-pains,raw.going-pains.004,1,100,What do many works about adolescence share?,They show growth as confusing and uneven,They show adulthood as simple and complete,That answer changes the point: They show growth as confusing and uneven.,They focus only on grades and exams,That answer changes the point: They show growth as confusing and uneven.,They prove growing up should be avoided,That answer changes the point: They show growth as confusing and uneven.,They show growth as confusing and uneven.,,,,https://wsc-2026-study-routes.vercel.app/raw-content-bank.js?v=20260504f
L100_going-pains_5_022,question.going-pains.100.005,entry.quizQuestions,Raw Content,going-pains,raw.going-pains.005,1,100,What does “adulting” usually mean?,Doing grown-up tasks that feel effortful,Becoming old in a single night,That answer changes the point: Doing grown-up tasks that feel effortful.,Refusing all ordinary responsibilities,That answer changes the point: Doing grown-up tasks that feel effortful.,Turning school into a full-time job,That answer changes the point: Doing grown-up tasks that feel effortful.,Doing grown-up tasks that feel effortful.,,,,https://wsc-2026-study-routes.vercel.app/raw-content-bank.js?v=20260504f
L100_going-pains_6_024,question.going-pains.100.006,entry.quizQuestions,Raw Content,going-pains,raw.going-pains.006,1,100,What do these works mainly explore?,Death as a final threshold or passage,Death as a topic to ignore completely,That answer changes the point: Death as a final threshold or passage.,Death from one identical religious view,That answer changes the point: Death as a final threshold or passage.,Death through literal airports and ships,That answer changes the point: Death as a final threshold or passage.,Death as a final threshold or passage.,,,,https://wsc-2026-study-routes.vercel.app/raw-content-bank.js?v=20260504f
L200_going-pains_1_155,question.going-pains.200.001,entry.quizQuestions,Raw Content,going-pains,raw.going-pains.001,2,200,What does the prefrontal cortex help people do?,"Plan, self-control, and think ahead","Breathe, digest, and grow hair","That answer changes the point: Plan, self-control, and think ahead.",Remember feelings rather than plan or control future actions,"That answer changes the point: Plan, self-control, and think ahead.",Control physical traits rather than planning or impulse control,"That answer changes the point: Plan, self-control, and think ahead.","Plan, self-control, and think ahead.",,,,https://wsc-2026-study-routes.vercel.app/raw-content-bank.js?v=20260504f
L200_going-pains_2_147,question.going-pains.200.002,entry.quizQuestions,Raw Content,going-pains,raw.going-pains.002,2,200,Why is “teenager” especially tied to English?,It depends on the thir-teen to nine-teen pattern,It comes directly from Latin medical vocabulary,That answer changes the point: It depends on the thir-teen to nine-teen pattern.,It exists only in countries with high schools,That answer changes the point: It depends on the thir-teen to nine-teen pattern.,It names a body system rather than an English age pattern,That answer changes the point: It depends on the thir-teen to nine-teen pattern.,It depends on the thir-teen to nine-teen pattern.,,,,https://wsc-2026-study-routes.vercel.app/raw-content-bank.js?v=20260504f
L200_going-pains_3_189,question.going-pains.200.003,entry.quizQuestions,Raw Content,going-pains,raw.going-pains.003,2,200,What is one difference between cultural and secular rites?,One stresses tradition; one stresses institutions,One is always real; one is always fake,That answer changes the point: One stresses tradition; one stresses institutions.,One happens only before age ten,That answer changes the point: One stresses tradition; one stresses institutions.,One removes all family involvement,That answer changes the point: One stresses tradition; one stresses institutions.,One stresses tradition; one stresses institutions.,,,,https://wsc-2026-study-routes.vercel.app/raw-content-bank.js?v=20260504f
L200_going-pains_4_128,question.going-pains.200.004,entry.quizQuestions,Raw Content,going-pains,raw.going-pains.004,2,200,Why can art show adolescence powerfully?,It can hold mixed feelings and contradictions,It is always more factual than science,That answer changes the point: It can hold mixed feelings and contradictions.,It removes emotion from difficult subjects,That answer changes the point: It can hold mixed feelings and contradictions.,Use one art form to define every part of growing up,That answer changes the point: It can hold mixed feelings and contradictions.,It can hold mixed feelings and contradictions.,,,,https://wsc-2026-study-routes.vercel.app/raw-content-bank.js?v=20260504f
L200_going-pains_5_121,question.going-pains.200.005,entry.quizQuestions,Raw Content,going-pains,raw.going-pains.005,2,200,Which is a typical example of adulting?,Scheduling appointments or paying bills,Playing hide-and-seek after class,That answer changes the point: Scheduling appointments or paying bills.,Forgetting every responsibility,That answer changes the point: Scheduling appointments or paying bills.,Avoiding tasks rather than handling everyday adult responsibilities,That answer changes the point: Scheduling appointments or paying bills.,Scheduling appointments or paying bills.,,,,https://wsc-2026-study-routes.vercel.app/raw-content-bank.js?v=20260504f
L200_going-pains_6_142,question.going-pains.200.006,entry.quizQuestions,Raw Content,going-pains,raw.going-pains.006,2,200,Which poem turns death into a carriage ride?,Dickinson’s “Because I could not stop for Death”,Tennyson’s “Ulysses”,That answer changes the point: Dickinson’s “Because I could not stop for Death”.,Linkin Park’s “In the End”,That answer changes the point: Dickinson’s “Because I could not stop for Death”.,Brooks’s “We Real Cool”,That answer changes the point: Dickinson’s “Because I could not stop for Death”.,Dickinson’s “Because I could not stop for Death”.,,,,https://wsc-2026-study-routes.vercel.app/raw-content-bank.js?v=20260504f
L300_going-pains__225,question.going-pains.300.007,section.guideQuestions,Section Journey,going-pains,,3,300,Start with this detail: Physical growth can be uneven and uncomfortable. Which idea gives the best comparison?,Adolescence as transition,Leaving home and separation,That answer changes the point: Adolescence as transition.,Adaptation and migration,That answer changes the point: Adolescence as transition.,"Training, effort, and performance",That answer changes the point: Adolescence as transition.,Correct: Adolescence as transition.,"The question starts from a concrete detail in Literal growing pains: Physical growth can be uneven and uncomfortable. It is really asking which answer handles a similar pressure. Adolescence as transition is the best connection because it places identity between childhood and adulthood, where rules, expectations, and self-image do not line up cleanly. Both ideas ask alpacas to notice that Pain can accompany growth, but pain alone does not prove that growth is happening.",,,WSC_2026_updated_level_100_200_300_questions.csv
L300_going-pains__226,question.going-pains.300.008,section.guideQuestions,Section Journey,going-pains,,3,300,Which idea gives the clearest comparison to Leaving home and separation?,Adaptation and migration,"Training, effort, and performance",That answer changes the point: Adaptation and migration.,The danger of glorifying struggle,That answer changes the point: Adaptation and migration.,Literal growing pains,That answer changes the point: Adaptation and migration.,Correct: Adaptation and migration.,"The question starts from a concrete detail in Leaving home and separation: Leaving home can create excitement and grief at once. It is really asking which answer handles a similar pressure. Adaptation and migration is the best connection because it turns movement into survival work: arrival requires learning new codes while carrying old ones. Both ideas ask alpacas to notice that Leaving home can look like independence while still carrying dependence, grief, habit, and obligation.",,,WSC_2026_updated_level_100_200_300_questions.csv
L300_going-pains__227,question.going-pains.300.009,section.guideQuestions,Section Journey,going-pains,,3,300,"Which idea turns the same pressure behind Training, effort, and performance into a different form?",The danger of glorifying struggle,Literal growing pains,That answer changes the point: The danger of glorifying struggle.,Adolescence as transition,That answer changes the point: The danger of glorifying struggle.,Leaving home and separation,That answer changes the point: The danger of glorifying struggle.,Correct: The danger of glorifying struggle.,"The question starts from a concrete detail in Training, effort, and performance: Practice can strengthen ability gradually. It is really asking which answer handles a similar pressure. The danger of glorifying struggle is the best connection because it exposes how growth stories can excuse harm by making suffering sound noble after the fact. Both ideas ask alpacas to notice that Effort becomes meaningful when it produces capacity, not when it simply proves endurance.",,,WSC_2026_updated_level_100_200_300_questions.csv
L300_going-pains__228,question.going-pains.300.010,section.guideQuestions,Section Journey,going-pains,,3,300,Which idea gives the clearest comparison for Adaptation and migration?,"Training, effort, and performance",The danger of glorifying struggle,"That answer changes the point: Training, effort, and performance.",Literal growing pains,"That answer changes the point: Training, effort, and performance.",Adolescence as transition,"That answer changes the point: Training, effort, and performance.","Correct: Training, effort, and performance.","The question starts from a concrete detail in Adaptation and migration: Adaptation may involve language, norms, food, climate, and behavior expectations. It is really asking which answer handles a similar pressure. Training, effort, and performance is the best connection because it converts discomfort into preparation, but only if the pain actually builds capacity rather than just proving toughness. Both ideas ask alpacas to notice that Migration asks people to learn a new world without fully unloading the old one.",,,WSC_2026_updated_level_100_200_300_questions.csv
L300_going-pains__229,question.going-pains.300.011,section.guideQuestions,Section Journey,going-pains,,3,300,Which idea carries the same logic as Adolescence as transition?,"Training, effort, and performance",The danger of glorifying struggle,"That answer changes the point: Training, effort, and performance.",Literal growing pains,"That answer changes the point: Training, effort, and performance.",Leaving home and separation,"That answer changes the point: Training, effort, and performance.","Correct: Training, effort, and performance.","The question starts from a concrete detail in Adolescence as transition: Young people renegotiate identity and autonomy. It is really asking which answer handles a similar pressure. Training, effort, and performance is the best connection because it converts discomfort into preparation, but only if the pain actually builds capacity rather than just proving toughness. Both ideas ask alpacas to notice that Adolescence is hard because expectations change faster than certainty does.",,,WSC_2026_updated_level_100_200_300_questions.csv
L300_going-pains_1_302,question.going-pains.300.001,section.guideQuestions,Section Journey,going-pains,,3,300,Why is the modern teenager considered a newer idea?,"School, media, and youth culture made it visible",No young people existed before modern schools,"That answer changes the point: School, media, and youth culture made it visible.",Hormones were discovered only recently,"That answer changes the point: School, media, and youth culture made it visible.",Earlier societies never counted people’s ages,"That answer changes the point: School, media, and youth culture made it visible.","Correct: School, media, and youth culture made it visible.",,,,https://wsc-2026-study-routes.vercel.app/raw-content-bank.js?v=20260504f
L300_going-pains_2_303,question.going-pains.300.002,section.guideQuestions,Section Journey,going-pains,,3,300,Why does the Spanish example matter?,Number patterns do not map across languages,Spanish has no way to discuss adolescence,That answer changes the point: Number patterns do not map across languages.,Culture is determined only by grammar,That answer changes the point: Number patterns do not map across languages.,All languages count ages in the same way,That answer changes the point: Number patterns do not map across languages.,Correct: Number patterns do not map across languages.,,,,https://wsc-2026-study-routes.vercel.app/raw-content-bank.js?v=20260504f
L300_going-pains_3_304,question.going-pains.300.003,section.guideQuestions,Section Journey,going-pains,,3,300,Why can a driver’s license feel like a rite?,It signals mobility and responsibility,It is older than religious ceremonies,That answer changes the point: It signals mobility and responsibility.,It automatically makes someone wise,That answer changes the point: It signals mobility and responsibility.,It is mainly a decorative document,That answer changes the point: It signals mobility and responsibility.,Correct: It signals mobility and responsibility.,,,,https://wsc-2026-study-routes.vercel.app/raw-content-bank.js?v=20260504f
L300_going-pains_4_305,question.going-pains.300.004,section.guideQuestions,Section Journey,going-pains,,3,300,"What does “not a girl, not yet a woman” suggest?",A person can be between childhood and adulthood,Identity becomes completely fixed at thirteen,That answer changes the point: A person can be between childhood and adulthood.,Adulthood begins in one exact moment,That answer changes the point: A person can be between childhood and adulthood.,Youth is always simple to understand,That answer changes the point: A person can be between childhood and adulthood.,Correct: A person can be between childhood and adulthood.,,,,https://wsc-2026-study-routes.vercel.app/raw-content-bank.js?v=20260504f
L300_going-pains_5_306,question.going-pains.300.005,section.guideQuestions,Section Journey,going-pains,,3,300,Why is “adulting” often used jokingly?,It shows distance from feeling fully adult,It proves adult life is always easy,That answer changes the point: It shows distance from feeling fully adult.,It makes paperwork naturally hilarious,That answer changes the point: It shows distance from feeling fully adult.,It means only children can joke,That answer changes the point: It shows distance from feeling fully adult.,Correct: It shows distance from feeling fully adult.,,,,https://wsc-2026-study-routes.vercel.app/raw-content-bank.js?v=20260504f
L300_going-pains_6_307,question.going-pains.300.006,section.guideQuestions,Section Journey,going-pains,,3,300,What does death as a threshold suggest?,Death can be imagined as a crossing,Death becomes unserious or harmless,That answer changes the point: Death can be imagined as a crossing.,All writers agree about afterlife,That answer changes the point: Death can be imagined as a crossing.,Art turns death into science,That answer changes the point: Death can be imagined as a crossing.,Correct: Death can be imagined as a crossing.,,,,https://wsc-2026-study-routes.vercel.app/raw-content-bank.js?v=20260504f
L100_home-and-wandering_1_093,question.home-and-wandering.100.001,entry.quizQuestions,Raw Content,home-and-wandering,raw.home-and-wandering.001,1,100,What did the magnetic compass help sailors determine at sea?,Direction relative to magnetic north,Distance from the nearest coast,That answer changes the point: Direction relative to magnetic north.,Depth below the ship’s hull,That answer changes the point: Direction relative to magnetic north.,Weather in the next storm,That answer changes the point: Direction relative to magnetic north.,Direction relative to magnetic north.,,,,https://wsc-2026-study-routes.vercel.app/raw-content-bank.js?v=20260504f
L100_home-and-wandering_2_010,question.home-and-wandering.100.002,entry.quizQuestions,Raw Content,home-and-wandering,raw.home-and-wandering.002,1,100,What is magnetoreception?,Sensing Earth’s magnetic field,Hearing calls at long distance,That answer changes the point: Sensing Earth’s magnetic field.,Following familiar visual paths,That answer changes the point: Sensing Earth’s magnetic field.,Remembering food locations,That answer changes the point: Sensing Earth’s magnetic field.,Sensing Earth’s magnetic field.,,,,https://wsc-2026-study-routes.vercel.app/raw-content-bank.js?v=20260504f
L100_home-and-wandering_3_058,question.home-and-wandering.100.003,entry.quizQuestions,Raw Content,home-and-wandering,raw.home-and-wandering.003,1,100,What does wayfinding without screens rely on?,"Reading stars, waves, land, and memory",Opening GPS apps before every trip,"That answer changes the point: Reading stars, waves, land, and memory.",Marking highways with digital signs,"That answer changes the point: Reading stars, waves, land, and memory.",Measuring speed with car dashboards,"That answer changes the point: Reading stars, waves, land, and memory.","Reading stars, waves, land, and memory.",,,,https://wsc-2026-study-routes.vercel.app/raw-content-bank.js?v=20260504f
L100_home-and-wandering_4_017,question.home-and-wandering.100.004,entry.quizQuestions,Raw Content,home-and-wandering,raw.home-and-wandering.004,1,100,What does Fog of World hide?,Places the user has not visited yet,Weather clouds around the airport,That answer changes the point: Places the user has not visited yet.,Private messages from other users,That answer changes the point: Places the user has not visited yet.,Official borders between countries,That answer changes the point: Places the user has not visited yet.,Places the user has not visited yet.,,,,https://wsc-2026-study-routes.vercel.app/raw-content-bank.js?v=20260504f
L100_home-and-wandering_5_045,question.home-and-wandering.100.005,entry.quizQuestions,Raw Content,home-and-wandering,raw.home-and-wandering.005,1,100,Why is The Terminal an airport-limbo story?,The traveler cannot enter or return home,The traveler chooses a holiday hotel,That answer changes the point: The traveler cannot enter or return home.,The airport becomes a borderless place where entry is automatic,That answer changes the point: The traveler cannot enter or return home.,A passport alone solves every legal problem of arrival,That answer changes the point: The traveler cannot enter or return home.,The traveler cannot enter or return home.,,,,https://wsc-2026-study-routes.vercel.app/raw-content-bank.js?v=20260504f
L100_home-and-wandering_6_046,question.home-and-wandering.100.006,entry.quizQuestions,Raw Content,home-and-wandering,raw.home-and-wandering.006,1,100,What happened to many St. Louis passengers?,They were refused safe entry by several countries,They reached Cuba and stayed there safely,That answer changes the point: They were refused safe entry by several countries.,They traveled as tourists rather than people seeking refuge,That answer changes the point: They were refused safe entry by several countries.,They were welcomed at once instead of facing refusal,That answer changes the point: They were refused safe entry by several countries.,They were refused safe entry by several countries.,,,,https://wsc-2026-study-routes.vercel.app/raw-content-bank.js?v=20260504f
L100_home-and-wandering_7_030,question.home-and-wandering.100.007,entry.quizQuestions,Raw Content,home-and-wandering,raw.home-and-wandering.007,1,100,What do migration poems often explore?,"Belonging, memory, loss, and hope","Cargo routes, trade taxes, and maps","That answer changes the point: Belonging, memory, loss, and hope.",Paperwork and transport details rather than memory and belonging,"That answer changes the point: Belonging, memory, loss, and hope.","Leisure travel rather than loss, memory, and belonging","That answer changes the point: Belonging, memory, loss, and hope.","Belonging, memory, loss, and hope.",,,,https://wsc-2026-study-routes.vercel.app/raw-content-bank.js?v=20260504f
L100_home-and-wandering_8_066,question.home-and-wandering.100.008,entry.quizQuestions,Raw Content,home-and-wandering,raw.home-and-wandering.008,1,100,What do migrant artworks and songs often show?,People split between home and elsewhere,Roads designed for faster shipping,That answer changes the point: People split between home and elsewhere.,Temporary leisure travelers rather than people living between homes,That answer changes the point: People split between home and elsewhere.,"Animal return rather than human memory, migration, and belonging",That answer changes the point: People split between home and elsewhere.,People split between home and elsewhere.,,,,https://wsc-2026-study-routes.vercel.app/raw-content-bank.js?v=20260504f
L200_home-and-wandering_1_163,question.home-and-wandering.200.001,entry.quizQuestions,Raw Content,home-and-wandering,raw.home-and-wandering.001,2,200,What problem did latitude and longitude help solve?,Describing position on the globe,Naming different types of ships,That answer changes the point: Describing position on the globe.,Storing cargo during a voyage,That answer changes the point: Describing position on the globe.,Choosing who governed colonies,That answer changes the point: Describing position on the globe.,Describing position on the globe.,,,,https://wsc-2026-study-routes.vercel.app/raw-content-bank.js?v=20260504f
L200_home-and-wandering_2_164,question.home-and-wandering.200.002,entry.quizQuestions,Raw Content,home-and-wandering,raw.home-and-wandering.002,2,200,What cue are cryptochromes linked to in navigation?,Light-based magnetic sensing,Smell-based trail following,That answer changes the point: Light-based magnetic sensing.,Echoes from nearby objects,That answer changes the point: Light-based magnetic sensing.,Memory of one nest location,That answer changes the point: Light-based magnetic sensing.,Light-based magnetic sensing.,,,,https://wsc-2026-study-routes.vercel.app/raw-content-bank.js?v=20260504f
L200_home-and-wandering_3_148,question.home-and-wandering.200.003,entry.quizQuestions,Raw Content,home-and-wandering,raw.home-and-wandering.003,2,200,What does a Polynesian star compass organize?,Rising and setting points of stars,Electronic routes between islands,That answer changes the point: Rising and setting points of stars.,Official borders between nations,That answer changes the point: Rising and setting points of stars.,Written records rather than environmental reading of the sea,That answer changes the point: Rising and setting points of stars.,Rising and setting points of stars.,,,,https://wsc-2026-study-routes.vercel.app/raw-content-bank.js?v=20260504f
L200_home-and-wandering_4_133,question.home-and-wandering.200.004,entry.quizQuestions,Raw Content,home-and-wandering,raw.home-and-wandering.004,2,200,Why might hidden map areas feel exciting?,Discovery becomes gradual and personal,Travel becomes safe in every situation,That answer changes the point: Discovery becomes gradual and personal.,Planning becomes completely useless,That answer changes the point: Discovery becomes gradual and personal.,The map stays complete once the first route is revealed,That answer changes the point: Discovery becomes gradual and personal.,Discovery becomes gradual and personal.,,,,https://wsc-2026-study-routes.vercel.app/raw-content-bank.js?v=20260504f
L200_home-and-wandering_5_166,question.home-and-wandering.200.005,entry.quizQuestions,Raw Content,home-and-wandering,raw.home-and-wandering.005,2,200,What made Mehran Karimi Nasseri’s situation liminal?,He lived between legal entry and departure,He became the owner of an airport gate,That answer changes the point: He lived between legal entry and departure.,He stayed in one seat rather than between legal statuses,That answer changes the point: He lived between legal entry and departure.,He crossed borders without any airport,That answer changes the point: He lived between legal entry and departure.,He lived between legal entry and departure.,,,,https://wsc-2026-study-routes.vercel.app/raw-content-bank.js?v=20260504f
L200_home-and-wandering_6_136,question.home-and-wandering.200.006,entry.quizQuestions,Raw Content,home-and-wandering,raw.home-and-wandering.006,2,200,Why is a border more than a line on a map?,It enforces decisions about entry and protection,It shows where oceans become dry land,That answer changes the point: It enforces decisions about entry and protection.,It marks a line on a map without deciding protection or entry,That answer changes the point: It enforces decisions about entry and protection.,It treats legal entry as separate from protection and responsibility,That answer changes the point: It enforces decisions about entry and protection.,It enforces decisions about entry and protection.,,,,https://wsc-2026-study-routes.vercel.app/raw-content-bank.js?v=20260504f
L200_home-and-wandering_7_193,question.home-and-wandering.200.007,entry.quizQuestions,Raw Content,home-and-wandering,raw.home-and-wandering.007,2,200,Why does “The New Colossus” matter in migration literature?,It turns welcome into a national symbol,It lists the rules for legal admission,That answer changes the point: It turns welcome into a national symbol.,It rejects the idea of newcomer hope,That answer changes the point: It turns welcome into a national symbol.,It treats the poem as classical imagery rather than migration welcome,That answer changes the point: It turns welcome into a national symbol.,It turns welcome into a national symbol.,,,,https://wsc-2026-study-routes.vercel.app/raw-content-bank.js?v=20260504f
L200_home-and-wandering_8_165,question.home-and-wandering.200.008,entry.quizQuestions,Raw Content,home-and-wandering,raw.home-and-wandering.008,2,200,Why is Jacob Lawrence’s Migration Series important?,It makes mass movement a visual narrative,It is a technical map of train routes,That answer changes the point: It makes mass movement a visual narrative.,One private trip rather than a large migration story,That answer changes the point: It makes mass movement a visual narrative.,A movement image without the social pressure behind migration,That answer changes the point: It makes mass movement a visual narrative.,It makes mass movement a visual narrative.,,,,https://wsc-2026-study-routes.vercel.app/raw-content-bank.js?v=20260504f
L300_home-and-wandering__230,question.home-and-wandering.300.009,section.guideQuestions,Section Journey,home-and-wandering,,3,300,Start with this detail: Home is not always where someone was born. Which idea gives the best comparison?,Wandering,Diaspora and multiple belonging,That answer changes the point: Wandering.,Homesickness,That answer changes the point: Wandering.,Return and homecoming,That answer changes the point: Wandering.,Correct: Wandering.,"The question starts from a concrete detail in What home is: Home is not always where someone was born. It is really asking which answer handles a similar pressure. Wandering is the best connection because it makes movement a method of discovery rather than a sign of being lost. Both ideas ask alpacas to notice that Home is part place, part routine, part recognition. That is why it can be lost without moving and carried without returning.",,,WSC_2026_updated_level_100_200_300_questions.csv
L300_home-and-wandering__231,question.home-and-wandering.300.010,section.guideQuestions,Section Journey,home-and-wandering,,3,300,Which idea gives the clearest comparison to Diaspora and multiple belonging?,Homesickness,Return and homecoming,That answer changes the point: Homesickness.,Exile vs chosen mobility,That answer changes the point: Homesickness.,What home is,That answer changes the point: Homesickness.,Correct: Homesickness.,"The question starts from a concrete detail in Diaspora and multiple belonging: People may belong to a homeland, a host country, and a transnational community at once. It is really asking which answer handles a similar pressure. Homesickness is the best connection because it lets absence become a kind of presence: the missing place keeps shaping the person who left. Both ideas ask alpacas to notice that Multiple belonging is not half-belonging. It is a different structure of identity.",,,WSC_2026_updated_level_100_200_300_questions.csv
L300_home-and-wandering__232,question.home-and-wandering.300.011,section.guideQuestions,Section Journey,home-and-wandering,,3,300,Which idea turns the same pressure behind Return and homecoming into a different form?,Exile vs chosen mobility,What home is,That answer changes the point: Exile vs chosen mobility.,Wandering,That answer changes the point: Exile vs chosen mobility.,Diaspora and multiple belonging,That answer changes the point: Exile vs chosen mobility.,Correct: Exile vs chosen mobility.,The question starts from a concrete detail in Return and homecoming: The place may have changed. It is really asking which answer handles a similar pressure. Exile vs chosen mobility is the best connection because it separates movement as freedom from movement as loss; the same route can mean privilege or punishment. Both ideas ask alpacas to notice that Homecoming is never a rewind. The return tests whether memory and reality can still recognize each other.,,,WSC_2026_updated_level_100_200_300_questions.csv
L300_home-and-wandering__233,question.home-and-wandering.300.012,section.guideQuestions,Section Journey,home-and-wandering,,3,300,Which idea gives the clearest comparison for Homesickness?,Return and homecoming,Exile vs chosen mobility,That answer changes the point: Return and homecoming.,What home is,That answer changes the point: Return and homecoming.,Wandering,That answer changes the point: Return and homecoming.,Correct: Return and homecoming.,"The question starts from a concrete detail in Homesickness: It can include sadness, loneliness, confusion, and longing. It is really asking which answer handles a similar pressure. Return and homecoming is the best connection because it tests whether arrival back at home is possible when both traveler and place have changed. Both ideas ask alpacas to notice that Homesickness proves that places continue acting on people after physical departure.",,,WSC_2026_updated_level_100_200_300_questions.csv
L300_home-and-wandering__234,question.home-and-wandering.300.013,section.guideQuestions,Section Journey,home-and-wandering,,3,300,Which idea carries the same logic as Wandering?,Return and homecoming,Exile vs chosen mobility,That answer changes the point: Return and homecoming.,What home is,That answer changes the point: Return and homecoming.,Diaspora and multiple belonging,That answer changes the point: Return and homecoming.,Correct: Return and homecoming.,"The question starts from a concrete detail in Wandering: Wandering can be spiritual, adventurous, forced, or aimless. It is really asking which answer handles a similar pressure. Return and homecoming is the best connection because it tests whether arrival back at home is possible when both traveler and place have changed. Both ideas ask alpacas to notice that Wandering resists the idea that every route must justify itself by ending somewhere planned.",,,WSC_2026_updated_level_100_200_300_questions.csv
L300_home-and-wandering_1_308,question.home-and-wandering.300.001,section.guideQuestions,Section Journey,home-and-wandering,,3,300,Why did sextants and astrolabes matter for navigation?,They connected sky measurements to position,They turned stars into weather forecasts,That answer changes the point: They connected sky measurements to position.,They replaced sailors with machines,That answer changes the point: They connected sky measurements to position.,They made oceans physically smaller,That answer changes the point: They connected sky measurements to position.,Correct: They connected sky measurements to position.,,,,https://wsc-2026-study-routes.vercel.app/raw-content-bank.js?v=20260504f
L300_home-and-wandering_2_309,question.home-and-wandering.300.002,section.guideQuestions,Section Journey,home-and-wandering,,3,300,What does zugunruhe describe?,Restless behavior before migration,Memory of a familiar landmark,That answer changes the point: Restless behavior before migration.,A sound used in echolocation,That answer changes the point: Restless behavior before migration.,A map made by human observers,That answer changes the point: Restless behavior before migration.,Correct: Restless behavior before migration.,,,,https://wsc-2026-study-routes.vercel.app/raw-content-bank.js?v=20260504f
L300_home-and-wandering_3_310,question.home-and-wandering.300.003,section.guideQuestions,Section Journey,home-and-wandering,,3,300,What makes Inuit navigation especially skillful?,"Reading subtle signs in ice, snow, sky, and sound",Memorizing one fixed printed road map,"That answer changes the point: Reading subtle signs in ice, snow, sky, and sound.",Traveling only during clear summer days,"That answer changes the point: Reading subtle signs in ice, snow, sky, and sound.",Avoiding knowledge from elders and stories,"That answer changes the point: Reading subtle signs in ice, snow, sky, and sound.","Correct: Reading subtle signs in ice, snow, sky, and sound.",,,,https://wsc-2026-study-routes.vercel.app/raw-content-bank.js?v=20260504f
L300_home-and-wandering_4_311,question.home-and-wandering.300.004,section.guideQuestions,Section Journey,home-and-wandering,,3,300,What trade-off does map fog create?,Less information can mean more curiosity,More data can mean fewer choices,That answer changes the point: Less information can mean more curiosity.,Better maps always reduce meaning,That answer changes the point: Less information can mean more curiosity.,Hidden routes always improve safety,That answer changes the point: Less information can mean more curiosity.,Correct: Less information can mean more curiosity.,,,,https://wsc-2026-study-routes.vercel.app/raw-content-bank.js?v=20260504f
L300_home-and-wandering_5_312,question.home-and-wandering.300.005,section.guideQuestions,Section Journey,home-and-wandering,,3,300,Why does Snowden fit the same broader theme?,He was trapped by passport and asylum disputes,He lived in an airport as a tourist,That answer changes the point: He was trapped by passport and asylum disputes.,He waited because one flight was late,That answer changes the point: He was trapped by passport and asylum disputes.,He avoided borders by never traveling,That answer changes the point: He was trapped by passport and asylum disputes.,Correct: He was trapped by passport and asylum disputes.,,,,https://wsc-2026-study-routes.vercel.app/raw-content-bank.js?v=20260504f
L300_home-and-wandering_6_313,question.home-and-wandering.300.006,section.guideQuestions,Section Journey,home-and-wandering,,3,300,What makes refugee policy morally difficult?,"States weigh need, law, resources, and fear",Every refugee case has one simple answer,"That answer changes the point: States weigh need, law, resources, and fear.",Borders protect people without trade-offs,"That answer changes the point: States weigh need, law, resources, and fear.",International law bans all entry limits,"That answer changes the point: States weigh need, law, resources, and fear.","Correct: States weigh need, law, resources, and fear.",,,,https://wsc-2026-study-routes.vercel.app/raw-content-bank.js?v=20260504f
L300_home-and-wandering_7_314,question.home-and-wandering.300.007,section.guideQuestions,Section Journey,home-and-wandering,,3,300,What does Rich’s threshold poem warn immigrants about?,Crossing and not crossing both change a life,Borders disappear once a choice is made,That answer changes the point: Crossing and not crossing both change a life.,Arrival makes identity simple again,That answer changes the point: Crossing and not crossing both change a life.,Migration depends only on paperwork,That answer changes the point: Crossing and not crossing both change a life.,Correct: Crossing and not crossing both change a life.,,,,https://wsc-2026-study-routes.vercel.app/raw-content-bank.js?v=20260504f
L300_home-and-wandering_8_315,question.home-and-wandering.300.008,section.guideQuestions,Section Journey,home-and-wandering,,3,300,How can music represent migration differently from policy?,"Through voice, rhythm, protest, and longing",Through legal definitions and statistics,"That answer changes the point: Through voice, rhythm, protest, and longing.",Through passport categories and forms,"That answer changes the point: Through voice, rhythm, protest, and longing.","Through maps, tariffs, and shipping lanes","That answer changes the point: Through voice, rhythm, protest, and longing.","Correct: Through voice, rhythm, protest, and longing.",,,,https://wsc-2026-study-routes.vercel.app/raw-content-bank.js?v=20260504f
L100_where-were-going-well-still-need-them_1_021,question.where-were-going-well-still-need-them.100.001,entry.quizQuestions,Raw Content,where-were-going-well-still-need-them,raw.where-were-going-well-still-need-them.001,1,100,What is a milestone on a road?,A marker that shows distance or progress along a route,A shelter where travelers sleep during storms,That answer changes the point: A marker that shows distance or progress along a route.,A stone used mainly to repair broken bridges,That answer changes the point: A marker that shows distance or progress along a route.,A gate that closes a road after sunset,That answer changes the point: A marker that shows distance or progress along a route.,A marker that shows distance or progress along a route.,,,,https://wsc-2026-study-routes.vercel.app/raw-content-bank.js?v=20260504f
L100_where-were-going-well-still-need-them_10_063,question.where-were-going-well-still-need-them.100.010,entry.quizQuestions,Raw Content,where-were-going-well-still-need-them,raw.where-were-going-well-still-need-them.010,1,100,What do many road songs and road artworks do?,They turn travel into an emotional experience,They describe only traffic rules and road surfaces,That answer changes the point: They turn travel into an emotional experience.,"They avoid feelings, memory, and atmosphere",That answer changes the point: They turn travel into an emotional experience.,They all criticize car travel in the same way,That answer changes the point: They turn travel into an emotional experience.,They turn travel into an emotional experience.,,,,https://wsc-2026-study-routes.vercel.app/raw-content-bank.js?v=20260504f
L100_where-were-going-well-still-need-them_11_089,question.where-were-going-well-still-need-them.100.011,entry.quizQuestions,Raw Content,where-were-going-well-still-need-them,raw.where-were-going-well-still-need-them.011,1,100,What big question does Blue Highways raise about travel?,Whether a journey’s value comes only from arrival or also from the route,Whether all roads should be circular instead of direct,That answer changes the point: Whether a journey’s value comes only from arrival or also from the route.,Whether maps are unnecessary for serious travelers,That answer changes the point: Whether a journey’s value comes only from arrival or also from the route.,Whether cars are more meaningful than buses,That answer changes the point: Whether a journey’s value comes only from arrival or also from the route.,Whether a journey’s value comes only from arrival or also from the route.,,,,https://wsc-2026-study-routes.vercel.app/raw-content-bank.js?v=20260504f
L100_where-were-going-well-still-need-them_2_061,question.where-were-going-well-still-need-them.100.002,entry.quizQuestions,Raw Content,where-were-going-well-still-need-them,raw.where-were-going-well-still-need-them.002,1,100,What does self-healing asphalt try to reduce?,Cracks and damage that can grow into potholes,The need for vehicles to use wheels,That answer changes the point: Cracks and damage that can grow into potholes.,The total number of roads in a country,That answer changes the point: Cracks and damage that can grow into potholes.,The visibility of every traffic sign,That answer changes the point: Cracks and damage that can grow into potholes.,Cracks and damage that can grow into potholes.,,,,https://wsc-2026-study-routes.vercel.app/raw-content-bank.js?v=20260504f
L100_where-were-going-well-still-need-them_3_009,question.where-were-going-well-still-need-them.100.003,entry.quizQuestions,Raw Content,where-were-going-well-still-need-them,raw.where-were-going-well-still-need-them.003,1,100,What is a desire path?,A trail formed when people repeatedly take a route that feels natural,A road designed only for tourists visiting famous landmarks,That answer changes the point: A trail formed when people repeatedly take a route that feels natural.,A path used by animals but never by human walkers,That answer changes the point: A trail formed when people repeatedly take a route that feels natural.,A route that appears in GPS before it exists on the ground,That answer changes the point: A trail formed when people repeatedly take a route that feels natural.,A trail formed when people repeatedly take a route that feels natural.,,,,https://wsc-2026-study-routes.vercel.app/raw-content-bank.js?v=20260504f
L100_where-were-going-well-still-need-them_4_002,question.where-were-going-well-still-need-them.100.004,entry.quizQuestions,Raw Content,where-were-going-well-still-need-them,raw.where-were-going-well-still-need-them.004,1,100,What is a stroad?,A place that tries to work as both a street and a road,A road built only from stone blocks and gravel,That answer changes the point: A place that tries to work as both a street and a road.,A pedestrian path that crosses a public park,That answer changes the point: A place that tries to work as both a street and a road.,A street used only during nighttime deliveries,That answer changes the point: A place that tries to work as both a street and a road.,A place that tries to work as both a street and a road.,,,,https://wsc-2026-study-routes.vercel.app/raw-content-bank.js?v=20260504f
L100_where-were-going-well-still-need-them_5_040,question.where-were-going-well-still-need-them.100.005,entry.quizQuestions,Raw Content,where-were-going-well-still-need-them,raw.where-were-going-well-still-need-them.005,1,100,What can a road symbolize in literature?,"Choice, uncertainty, freedom, danger, or change",Only traffic laws and technical road rules,"That answer changes the point: Choice, uncertainty, freedom, danger, or change.",A guaranteed arrival without difficulty,"That answer changes the point: Choice, uncertainty, freedom, danger, or change.",A map that removes emotional meaning,"That answer changes the point: Choice, uncertainty, freedom, danger, or change.","Choice, uncertainty, freedom, danger, or change.",,,,https://wsc-2026-study-routes.vercel.app/raw-content-bank.js?v=20260504f
L100_where-were-going-well-still-need-them_6_071,question.where-were-going-well-still-need-them.100.006,entry.quizQuestions,Raw Content,where-were-going-well-still-need-them,raw.where-were-going-well-still-need-them.006,1,100,Why is Bertha Benz important in driving history?,She made a famous early long-distance car journey,She built every early highway in Germany,That answer changes the point: She made a famous early long-distance car journey.,She created the first American road map,That answer changes the point: She made a famous early long-distance car journey.,She invented the modern motel system,That answer changes the point: She made a famous early long-distance car journey.,She made a famous early long-distance car journey.,,,,https://wsc-2026-study-routes.vercel.app/raw-content-bank.js?v=20260504f
L100_where-were-going-well-still-need-them_7_101,question.where-were-going-well-still-need-them.100.007,entry.quizQuestions,Raw Content,where-were-going-well-still-need-them,raw.where-were-going-well-still-need-them.007,1,100,What do routes like London to Calcutta and the Transoceánica share?,They are long overland journeys that challenge car-only ideas of road trips,They are short daily commutes through single cities,That answer changes the point: They are long overland journeys that challenge car-only ideas of road trips.,They avoid roads and rely mainly on air travel,That answer changes the point: They are long overland journeys that challenge car-only ideas of road trips.,They exist only as fictional travel stories,That answer changes the point: They are long overland journeys that challenge car-only ideas of road trips.,They are long overland journeys that challenge car-only ideas of road trips.,,,,https://wsc-2026-study-routes.vercel.app/raw-content-bank.js?v=20260504f
L100_where-were-going-well-still-need-them_8_062,question.where-were-going-well-still-need-them.100.008,entry.quizQuestions,Raw Content,where-were-going-well-still-need-them,raw.where-were-going-well-still-need-them.008,1,100,Why is Route 66 often called the Mother Road?,It became a famous symbol of long-distance American travel,It was the first road ever built by human beings,That answer changes the point: It became a famous symbol of long-distance American travel.,It circles the entire United States without stopping,That answer changes the point: It became a famous symbol of long-distance American travel.,It was used only by families traveling with children,That answer changes the point: It became a famous symbol of long-distance American travel.,It became a famous symbol of long-distance American travel.,,,,https://wsc-2026-study-routes.vercel.app/raw-content-bank.js?v=20260504f
L100_where-were-going-well-still-need-them_9_026,question.where-were-going-well-still-need-them.100.009,entry.quizQuestions,Raw Content,where-were-going-well-still-need-them,raw.where-were-going-well-still-need-them.009,1,100,What problem did motels help solve?,They gave car travelers a convenient place to sleep during long trips,They replaced all city hotels and every train station,That answer changes the point: They gave car travelers a convenient place to sleep during long trips.,They eliminated the need for roads and rest stops,That answer changes the point: They gave car travelers a convenient place to sleep during long trips.,They were built mainly for passengers on ocean liners,That answer changes the point: They gave car travelers a convenient place to sleep during long trips.,They gave car travelers a convenient place to sleep during long trips.,,,,https://wsc-2026-study-routes.vercel.app/raw-content-bank.js?v=20260504f
L200_where-were-going-well-still-need-them_1_126,question.where-were-going-well-still-need-them.200.001,entry.quizQuestions,Raw Content,where-were-going-well-still-need-them,raw.where-were-going-well-still-need-them.001,2,200,What makes a corduroy road distinctive?,Logs are laid across soft ground to make travel possible,Stone blocks are polished into a ceremonial route,That answer changes the point: Logs are laid across soft ground to make travel possible.,Asphalt is heated until the surface becomes smooth,That answer changes the point: Logs are laid across soft ground to make travel possible.,Metal rails are added to guide carts and wagons,That answer changes the point: Logs are laid across soft ground to make travel possible.,Logs are laid across soft ground to make travel possible.,,,,https://wsc-2026-study-routes.vercel.app/raw-content-bank.js?v=20260504f
L200_where-were-going-well-still-need-them_10_172,question.where-were-going-well-still-need-them.200.010,entry.quizQuestions,Raw Content,where-were-going-well-still-need-them,raw.where-were-going-well-still-need-them.010,2,200,What can Hopper’s Western Motel add to road imagery?,"A feeling of stillness, loneliness, or temporary pause",A technical lesson about engine repair and fuel use,"That answer changes the point: A feeling of stillness, loneliness, or temporary pause.",A map showing the fastest route across America,"That answer changes the point: A feeling of stillness, loneliness, or temporary pause.",A celebration of crowds and constant movement,"That answer changes the point: A feeling of stillness, loneliness, or temporary pause.","A feeling of stillness, loneliness, or temporary pause.",,,,https://wsc-2026-study-routes.vercel.app/raw-content-bank.js?v=20260504f
L200_where-were-going-well-still-need-them_11_134,question.where-were-going-well-still-need-them.200.011,entry.quizQuestions,Raw Content,where-were-going-well-still-need-them,raw.where-were-going-well-still-need-them.011,2,200,Why might a slower road change a journey?,"It can create more attention, observation, and unexpected discovery",It guarantees that every traveler reaches the destination sooner,"That answer changes the point: It can create more attention, observation, and unexpected discovery.",It removes all uncertainty from movement and planning,"That answer changes the point: It can create more attention, observation, and unexpected discovery.",It makes the endpoint less important in every situation,"That answer changes the point: It can create more attention, observation, and unexpected discovery.","It can create more attention, observation, and unexpected discovery.",,,,https://wsc-2026-study-routes.vercel.app/raw-content-bank.js?v=20260504f
L200_where-were-going-well-still-need-them_2_127,question.where-were-going-well-still-need-them.200.002,entry.quizQuestions,Raw Content,where-were-going-well-still-need-them,raw.where-were-going-well-still-need-them.002,2,200,What is one goal of permeable pavement?,Letting water pass through to reduce runoff problems,Making road surfaces completely waterproof forever,That answer changes the point: Letting water pass through to reduce runoff problems.,Stopping all plants from growing near roads,That answer changes the point: Letting water pass through to reduce runoff problems.,Increasing traffic speed without changing design,That answer changes the point: Letting water pass through to reduce runoff problems.,Letting water pass through to reduce runoff problems.,,,,https://wsc-2026-study-routes.vercel.app/raw-content-bank.js?v=20260504f
L200_where-were-going-well-still-need-them_3_170,question.where-were-going-well-still-need-them.200.003,entry.quizQuestions,Raw Content,where-were-going-well-still-need-them,raw.where-were-going-well-still-need-them.003,2,200,Why is the shortest route not always the best route?,"Safety, effort, comfort, uncertainty, or purpose may also matter",Straight paths are illegal in most planned cities,"That answer changes the point: Safety, effort, comfort, uncertainty, or purpose may also matter.",Longer routes are automatically more meaningful,"That answer changes the point: Safety, effort, comfort, uncertainty, or purpose may also matter.",Navigation works only when a route is scenic,"That answer changes the point: Safety, effort, comfort, uncertainty, or purpose may also matter.","Safety, effort, comfort, uncertainty, or purpose may also matter.",,,,https://wsc-2026-study-routes.vercel.app/raw-content-bank.js?v=20260504f
L200_where-were-going-well-still-need-them_4_188,question.where-were-going-well-still-need-them.200.004,entry.quizQuestions,Raw Content,where-were-going-well-still-need-them,raw.where-were-going-well-still-need-them.004,2,200,What is the basic difference between a road and a street?,A road mainly moves traffic; a street supports local access and activity,A road is always urban; a street is always rural,That answer changes the point: A road mainly moves traffic; a street supports local access and activity.,A street is for vehicles; a road is only for walkers,That answer changes the point: A road mainly moves traffic; a street supports local access and activity.,A road is temporary; a street is always permanent,That answer changes the point: A road mainly moves traffic; a street supports local access and activity.,A road mainly moves traffic; a street supports local access and activity.,,,,https://wsc-2026-study-routes.vercel.app/raw-content-bank.js?v=20260504f
L200_where-were-going-well-still-need-them_5_204,question.where-were-going-well-still-need-them.200.005,entry.quizQuestions,Raw Content,where-were-going-well-still-need-them,raw.where-were-going-well-still-need-them.005,2,200,What is one difference between chosen travel and forced travel?,Chosen travel has more control; forced travel often involves pressure or loss,Chosen travel is always easy; forced travel is always impossible,That answer changes the point: Chosen travel has more control; forced travel often involves pressure or loss.,Chosen travel is private; forced travel can only be political,That answer changes the point: Chosen travel has more control; forced travel often involves pressure or loss.,Chosen travel has no meaning; forced travel has no route,That answer changes the point: Chosen travel has more control; forced travel often involves pressure or loss.,Chosen travel has more control; forced travel often involves pressure or loss.,,,,https://wsc-2026-study-routes.vercel.app/raw-content-bank.js?v=20260504f
L200_where-were-going-well-still-need-them_6_192,question.where-were-going-well-still-need-them.200.006,entry.quizQuestions,Raw Content,where-were-going-well-still-need-them,raw.where-were-going-well-still-need-them.006,2,200,Why is the road trip strongly linked to the United States?,"It became tied to cars, space, freedom, highways, and self-directed travel",Americans invented every form of long-distance road travel,"That answer changes the point: It became tied to cars, space, freedom, highways, and self-directed travel.","No other country has buses, trains, or large road systems","That answer changes the point: It became tied to cars, space, freedom, highways, and self-directed travel.",The United States banned all non-car forms of travel,"That answer changes the point: It became tied to cars, space, freedom, highways, and self-directed travel.","It became tied to cars, space, freedom, highways, and self-directed travel.",,,,https://wsc-2026-study-routes.vercel.app/raw-content-bank.js?v=20260504f
L200_where-were-going-well-still-need-them_7_205,question.where-were-going-well-still-need-them.200.007,entry.quizQuestions,Raw Content,where-were-going-well-still-need-them,raw.where-were-going-well-still-need-them.007,2,200,Why might a bus journey feel different from a private-car road trip?,"Passengers usually control fewer stops, timings, and route choices",Buses cannot travel across countries or continents,"That answer changes the point: Passengers usually control fewer stops, timings, and route choices.",Private cars are the only vehicles that create memories,"That answer changes the point: Passengers usually control fewer stops, timings, and route choices.",Bus travel has no connection to landscape or distance,"That answer changes the point: Passengers usually control fewer stops, timings, and route choices.","Passengers usually control fewer stops, timings, and route choices.",,,,https://wsc-2026-study-routes.vercel.app/raw-content-bank.js?v=20260504f
L200_where-were-going-well-still-need-them_8_197,question.where-were-going-well-still-need-them.200.008,entry.quizQuestions,Raw Content,where-were-going-well-still-need-them,raw.where-were-going-well-still-need-them.008,2,200,Why can a road stay famous after losing practical importance?,"Memory, culture, tourism, and symbolism can keep it alive",Roads never change function once people name them,"That answer changes the point: Memory, culture, tourism, and symbolism can keep it alive.",People refuse to build new routes near old ones,"That answer changes the point: Memory, culture, tourism, and symbolism can keep it alive.",Every old road automatically becomes legendary,"That answer changes the point: Memory, culture, tourism, and symbolism can keep it alive.","Memory, culture, tourism, and symbolism can keep it alive.",,,,https://wsc-2026-study-routes.vercel.app/raw-content-bank.js?v=20260504f
L200_where-were-going-well-still-need-them_9_171,question.where-were-going-well-still-need-them.200.009,entry.quizQuestions,Raw Content,where-were-going-well-still-need-them,raw.where-were-going-well-still-need-them.009,2,200,What makes a motel different from many older hotels?,It was designed especially for motorists and roadside access,It is always larger and more expensive than a hotel,That answer changes the point: It was designed especially for motorists and roadside access.,It never allows short stays or overnight travelers,That answer changes the point: It was designed especially for motorists and roadside access.,It was created only for people without vehicles,That answer changes the point: It was designed especially for motorists and roadside access.,It was designed especially for motorists and roadside access.,,,,https://wsc-2026-study-routes.vercel.app/raw-content-bank.js?v=20260504f
L300_where-were-going-well-still-need-them__285,question.where-were-going-well-still-need-them.300.012,section.guideQuestions,Section Journey,where-were-going-well-still-need-them,,3,300,"Start with this detail: Roads connect cities, goods, services, and daily routines. Which idea gives the best comparison?",Materials and construction,Maintenance vs innovation,That answer changes the point: Materials and construction.,Retrofit logic,That answer changes the point: Materials and construction.,Smart roads and charging roads,That answer changes the point: Materials and construction.,Correct: Materials and construction.,"The question starts from a concrete detail in Roads as hidden foundation: Roads connect cities, goods, services, and daily routines. It is really asking which answer handles a similar pressure. Materials and construction is the best connection because it makes infrastructure material, not magical: roads are built from substances that carry costs, labor, and limits. Both ideas ask alpacas to notice that Future fantasies often erase the ground they still need. Roads are the old system beneath the new promise.",,,WSC_2026_updated_level_100_200_300_questions.csv
L300_where-were-going-well-still-need-them__286,question.where-were-going-well-still-need-them.300.013,section.guideQuestions,Section Journey,where-were-going-well-still-need-them,,3,300,Which idea gives the clearest comparison to Maintenance vs innovation?,Retrofit logic,Smart roads and charging roads,That answer changes the point: Retrofit logic.,Infrastructure resilience,That answer changes the point: Retrofit logic.,Roads as hidden foundation,That answer changes the point: Retrofit logic.,Correct: Retrofit logic.,"The question starts from a concrete detail in Maintenance vs innovation: Maintenance prevents regress. It is really asking which answer handles a similar pressure. Retrofit logic is the best connection because it fits new futures into old structures, proving that progress often arrives as adaptation rather than replacement. Both ideas ask alpacas to notice that A society that only funds novelty eventually lives inside broken promises.",,,WSC_2026_updated_level_100_200_300_questions.csv
L300_where-were-going-well-still-need-them__287,question.where-were-going-well-still-need-them.300.014,section.guideQuestions,Section Journey,where-were-going-well-still-need-them,,3,300,Which idea turns the same pressure behind Smart roads and charging roads into a different form?,Infrastructure resilience,Roads as hidden foundation,That answer changes the point: Infrastructure resilience.,Materials and construction,That answer changes the point: Infrastructure resilience.,Maintenance vs innovation,That answer changes the point: Infrastructure resilience.,Correct: Infrastructure resilience.,"The question starts from a concrete detail in Smart roads and charging roads: Inductive charging roads aim to charge vehicles while moving. It is really asking which answer handles a similar pressure. Infrastructure resilience is the best connection because it measures progress by what keeps working during stress, not by what looks advanced on launch day. Both ideas ask alpacas to notice that Making infrastructure smart can make it more useful, but also more fragile, expensive, and surveilled.",,,WSC_2026_updated_level_100_200_300_questions.csv
L300_where-were-going-well-still-need-them__288,question.where-were-going-well-still-need-them.300.015,section.guideQuestions,Section Journey,where-were-going-well-still-need-them,,3,300,Which idea gives the clearest comparison for Retrofit logic?,Smart roads and charging roads,Infrastructure resilience,That answer changes the point: Smart roads and charging roads.,Roads as hidden foundation,That answer changes the point: Smart roads and charging roads.,Materials and construction,That answer changes the point: Smart roads and charging roads.,Correct: Smart roads and charging roads.,"The question starts from a concrete detail in Retrofit logic: Retrofitting saves cost and time. It is really asking which answer handles a similar pressure. Smart roads and charging roads is the best connection because it turns infrastructure into a data and energy system, but also multiplies what can break, exclude, or be surveilled. Both ideas ask alpacas to notice that Most futures do not arrive on empty land. They have to squeeze themselves into what already exists.",,,WSC_2026_updated_level_100_200_300_questions.csv
L300_where-were-going-well-still-need-them__289,question.where-were-going-well-still-need-them.300.016,section.guideQuestions,Section Journey,where-were-going-well-still-need-them,,3,300,Which idea carries the same logic as Materials and construction?,Smart roads and charging roads,Infrastructure resilience,That answer changes the point: Smart roads and charging roads.,Roads as hidden foundation,That answer changes the point: Smart roads and charging roads.,Maintenance vs innovation,That answer changes the point: Smart roads and charging roads.,Correct: Smart roads and charging roads.,"The question starts from a concrete detail in Materials and construction: Common materials include asphalt and concrete. It is really asking which answer handles a similar pressure. Smart roads and charging roads is the best connection because it turns infrastructure into a data and energy system, but also multiplies what can break, exclude, or be surveilled. Both ideas ask alpacas to notice that Infrastructure has a body. It is made of materials that age, cost, crack, and come from somewhere.",,,WSC_2026_updated_level_100_200_300_questions.csv
L300_where-were-going-well-still-need-them_1_386,question.where-were-going-well-still-need-them.300.003,section.guideQuestions,Section Journey,where-were-going-well-still-need-them,,3,300,Why are Roman roads still historically famous?,They connected a large empire through durable route systems,They were the first paths ever used by human beings,That answer changes the point: They connected a large empire through durable route systems.,They replaced every local track across the ancient world,That answer changes the point: They connected a large empire through durable route systems.,They were designed only for tourists and pilgrims,That answer changes the point: They connected a large empire through durable route systems.,Correct: They connected a large empire through durable route systems.,,,,https://wsc-2026-study-routes.vercel.app/raw-content-bank.js?v=20260504f
L300_where-were-going-well-still-need-them_10_395,question.where-were-going-well-still-need-them.300.001,section.guideQuestions,Section Journey,where-were-going-well-still-need-them,,3,300,Why can a gas station become meaningful in road art?,"It can symbolize roadside culture, mobility, commerce, and repetition",It is always more important than the journey itself,"That answer changes the point: It can symbolize roadside culture, mobility, commerce, and repetition.",It removes all nostalgia from highway imagery,"That answer changes the point: It can symbolize roadside culture, mobility, commerce, and repetition.",It matters only if the artist shows real gasoline prices,"That answer changes the point: It can symbolize roadside culture, mobility, commerce, and repetition.","Correct: It can symbolize roadside culture, mobility, commerce, and repetition.",,,,https://wsc-2026-study-routes.vercel.app/raw-content-bank.js?v=20260504f
L300_where-were-going-well-still-need-them_11_396,question.where-were-going-well-still-need-them.300.002,section.guideQuestions,Section Journey,where-were-going-well-still-need-them,,3,300,Why might a circular journey feel meaningful?,"It can make return, reflection, and detour part of the purpose",It proves direct routes are never useful or practical,"That answer changes the point: It can make return, reflection, and detour part of the purpose.",It makes travel faster by avoiding all destinations,"That answer changes the point: It can make return, reflection, and detour part of the purpose.",It removes the need for thought during movement,"That answer changes the point: It can make return, reflection, and detour part of the purpose.","Correct: It can make return, reflection, and detour part of the purpose.",,,,https://wsc-2026-study-routes.vercel.app/raw-content-bank.js?v=20260504f
L300_where-were-going-well-still-need-them_2_387,question.where-were-going-well-still-need-them.300.004,section.guideQuestions,Section Journey,where-were-going-well-still-need-them,,3,300,Why might inductive charging roads be attractive?,They could reduce charging downtime for some electric vehicles,They would remove the need for electricity everywhere,That answer changes the point: They could reduce charging downtime for some electric vehicles.,They would work with every vehicle without changes,That answer changes the point: They could reduce charging downtime for some electric vehicles.,They would make road maintenance unnecessary,That answer changes the point: They could reduce charging downtime for some electric vehicles.,Correct: They could reduce charging downtime for some electric vehicles.,,,,https://wsc-2026-study-routes.vercel.app/raw-content-bank.js?v=20260504f
L300_where-were-going-well-still-need-them_3_388,question.where-were-going-well-still-need-them.300.005,section.guideQuestions,Section Journey,where-were-going-well-still-need-them,,3,300,What does the explore-exploit problem describe?,Choosing between trying new options and using what already works,Deciding whether a road should be paved or unpaved,That answer changes the point: Choosing between trying new options and using what already works.,Measuring how fast a traveler walks across a field,That answer changes the point: Choosing between trying new options and using what already works.,Choosing between private cars and public buses only,That answer changes the point: Choosing between trying new options and using what already works.,Correct: Choosing between trying new options and using what already works.,,,,https://wsc-2026-study-routes.vercel.app/raw-content-bank.js?v=20260504f
L300_where-were-going-well-still-need-them_4_389,question.where-were-going-well-still-need-them.300.006,section.guideQuestions,Section Journey,where-were-going-well-still-need-them,,3,300,Why do critics say stroads can be dangerous?,They combine fast movement with complex local access,They are usually too narrow for any kind of travel,That answer changes the point: They combine fast movement with complex local access.,They prevent cars from entering commercial areas,That answer changes the point: They combine fast movement with complex local access.,They are built only where no pedestrians exist,That answer changes the point: They combine fast movement with complex local access.,Correct: They combine fast movement with complex local access.,,,,https://wsc-2026-study-routes.vercel.app/raw-content-bank.js?v=20260504f
L300_where-were-going-well-still-need-them_5_390,question.where-were-going-well-still-need-them.300.007,section.guideQuestions,Section Journey,where-were-going-well-still-need-them,,3,300,Why does a threshold matter in road literature?,Crossing out of a familiar place begins contact with the unknown,It proves the journey has already safely ended,That answer changes the point: Crossing out of a familiar place begins contact with the unknown.,It makes the road less symbolic and more technical,That answer changes the point: Crossing out of a familiar place begins contact with the unknown.,It removes the traveler’s responsibility for choices,That answer changes the point: Crossing out of a familiar place begins contact with the unknown.,Correct: Crossing out of a familiar place begins contact with the unknown.,,,,https://wsc-2026-study-routes.vercel.app/raw-content-bank.js?v=20260504f
L300_where-were-going-well-still-need-them_6_391,question.where-were-going-well-still-need-them.300.008,section.guideQuestions,Section Journey,where-were-going-well-still-need-them,,3,300,What did Bertha Benz’s journey demonstrate?,A car could be useful beyond short tests and controlled demonstrations,"A car could travel anywhere without fuel, repairs, or planning",That answer changes the point: A car could be useful beyond short tests and controlled demonstrations.,Long-distance travel was already simple before roads improved,That answer changes the point: A car could be useful beyond short tests and controlled demonstrations.,Driving mattered only when the journey stayed secret,That answer changes the point: A car could be useful beyond short tests and controlled demonstrations.,Correct: A car could be useful beyond short tests and controlled demonstrations.,,,,https://wsc-2026-study-routes.vercel.app/raw-content-bank.js?v=20260504f
L300_where-were-going-well-still-need-them_7_392,question.where-were-going-well-still-need-them.300.009,section.guideQuestions,Section Journey,where-were-going-well-still-need-them,,3,300,What question do these long bus routes raise?,Whether agency matters more than the vehicle itself,Whether buses are faster than private cars everywhere,That answer changes the point: Whether agency matters more than the vehicle itself.,Whether roads should be used only for tourism,That answer changes the point: Whether agency matters more than the vehicle itself.,Whether overland travel is always the same experience,That answer changes the point: Whether agency matters more than the vehicle itself.,Correct: Whether agency matters more than the vehicle itself.,,,,https://wsc-2026-study-routes.vercel.app/raw-content-bank.js?v=20260504f
L300_where-were-going-well-still-need-them_8_393,question.where-were-going-well-still-need-them.300.010,section.guideQuestions,Section Journey,where-were-going-well-still-need-them,,3,300,What kinds of places helped create Route 66 culture?,"Gas stations, diners, motels, signs, and small towns","Palaces, airports, castles, and subway platforms","That answer changes the point: Gas stations, diners, motels, signs, and small towns.",Only government offices and military bases,"That answer changes the point: Gas stations, diners, motels, signs, and small towns.",Shopping malls that avoided highways completely,"That answer changes the point: Gas stations, diners, motels, signs, and small towns.","Correct: Gas stations, diners, motels, signs, and small towns.",,,,https://wsc-2026-study-routes.vercel.app/raw-content-bank.js?v=20260504f
L300_where-were-going-well-still-need-them_9_394,question.where-were-going-well-still-need-them.300.011,section.guideQuestions,Section Journey,where-were-going-well-still-need-them,,3,300,Why is motel architecture tied to car culture?,"Its layout often connects rooms, parking, and road access directly",It was designed to keep cars far away from guests,"That answer changes the point: Its layout often connects rooms, parking, and road access directly.",It follows the same structure as medieval monasteries,"That answer changes the point: Its layout often connects rooms, parking, and road access directly.",It depends mainly on railway timetables and stations,"That answer changes the point: Its layout often connects rooms, parking, and road access directly.","Correct: Its layout often connects rooms, parking, and road access directly.",,,,https://wsc-2026-study-routes.vercel.app/raw-content-bank.js?v=20260504f
L100_call-of-duty-free_1_092,question.call-of-duty-free.100.001,entry.quizQuestions,Raw Content,call-of-duty-free,raw.call-of-duty-free.001,1,100,A roadside stop mainly provides fresh horses and helps mail or officials continue along a relay route. Which institution best fits that function?,A post house,A caravanserai,"A caravanserai supported whole caravans, including merchants, animals, goods, storage, water, and security; a horse-and-mail relay is more specifically a post house.",An inn,"An inn could sell meals and lodging, but that does not make horse replacement and official relay service its defining function.",A hotel,"A hotel specializes in accommodation and guest service. It may stand near transport, but it is not defined by running the relay.","A post house belonged to a transport and communication system. Its defining job was to keep riders, mail, officials, and replacement horses moving along a route.",,,wsc-evidence-v1,https://coursebible.com/posts/the-comprehensive-history-of-hotels-from-ancient-inns-to-modern-luxury
L100_call-of-duty-free_2_105,question.call-of-duty-free.100.002,entry.quizQuestions,Raw Content,call-of-duty-free,raw.call-of-duty-free.002,1,100,Which description best captures the original social purpose of the Grand Tour?,A long European journey used by wealthy young aristocrats to complete their education and display cultural polish,A short merchant route designed mainly to store and re-export goods,"That describes commercial movement through a hub, not the educational and social rite of passage of the Grand Tour.",A religious journey whose main goal was worship at a sacred destination,"Pilgrimage can transform a traveller, but the Grand Tour was organized around elite education, culture, and status rather than a sacred obligation.",A standardized package holiday sold cheaply to middle-class families,"Package holidays belong to the later growth of mass tourism; the Grand Tour was lengthy, individualized, and expensive.","The Grand Tour combined art, language, classical learning, manners, contacts, and collecting. Its cost and length also made the journey evidence of elite status.",,,wsc-evidence-v1,https://www.historic-uk.com/CultureUK/Grand-Tour/
L100_call-of-duty-free_3_084,question.call-of-duty-free.100.003,entry.quizQuestions,Raw Content,call-of-duty-free,raw.call-of-duty-free.003,1,100,What does the phrase “Golden Age of Travel” usually select from the past?,"Images of spacious, elegant travel enjoyed mainly by affluent passengers","A complete picture of the average passenger’s cost, risk, comfort, and access","A nostalgic image is selective evidence, not a representative comparison of price, danger, access, reliability, and comfort.",A period when mass tourism had removed crowding from every route,Mass tourism increased access and often crowding; it did not create a universal uncrowded past.,Proof that formal clothes caused passengers to behave well,"Clothing may signal a social norm, but it does not establish what caused behaviour or account for stress, alcohol, crowding, and enforcement.","The golden-age image foregrounds glamour, manners, and space. It often leaves out who could afford the trip and what travel was like beyond its most photogenic moments.",,,wsc-evidence-v1,https://www.theatlantic.com/newsletters/archive/2025/07/has-air-travel-ever-been-good/683584/
L100_call-of-duty-free_4_074,question.call-of-duty-free.100.004,entry.quizQuestions,Raw Content,call-of-duty-free,raw.call-of-duty-free.004,1,100,What role can a recommendation platform such as Xiaohongshu play in tourism?,It can make a little-known place highly visible and direct many travellers toward it,It guarantees that every recommended visit creates deep cultural exchange,"Visibility can create contact, but depth depends on time, reciprocity, language, local control, and consequences—not on the platform label.",It permanently removes attention from all famous tourist destinations,Platforms can add new destinations without making established landmarks disappear; both may remain crowded.,It keeps a place undiscovered because saved guides are visible only to local residents,Saved guides spread beyond local users and are useful precisely because they make a route easier for outsiders to repeat.,"Searchable posts, saved locations, and repeatable itineraries can redirect visitor flows. The same discovery tool can then concentrate attention on the place it helped people find.",,,wsc-evidence-v1,https://www.sixthtone.com/news/1016254
L100_call-of-duty-free_5_004,question.call-of-duty-free.100.005,entry.quizQuestions,Raw Content,call-of-duty-free,raw.call-of-duty-free.005,1,100,Which definition best matches an entrepôt?,A commercial hub where imported goods are stored and traded or re-exported onward,"Any intermediate stop on a route, whether or not goods are stored or traded","That is the broader idea of a waystation. An entrepôt specifically involves imported goods, storage, and onward trade.",A defined area where special customs rules apply to commercial goods,That defines a free-trade zone by its legal customs treatment; an entrepôt is defined by its role as a storage and redistribution hub.,The transfer of cargo from one vessel or route to another,"That is transshipment, an operation that can occur quickly without the goods being stored or sold at an entrepôt.","An entrepôt is both a place and a commercial function: goods enter, wait or are stored, and then leave through further trade or re-export.",,,wsc-evidence-v1,https://www.scholarscup.org/subjects/2026/guiding-2026/
question.call-of-duty-free.100.006,question.call-of-duty-free.100.006,entry.quizQuestions,Raw Content,call-of-duty-free,raw.call-of-duty-free.006,1,100,Which combination most directly helped leisure tourism expand from an elite privilege into mass tourism?,"Cheaper and faster transport, paid leave, disposable income, and organized package travel","Luxury hotels, private tutors, art collecting, and journeys lasting several years","Those features describe the costly, elite pattern of the Grand Tour rather than the conditions that widened participation.","Destination advertising without any change in travel time, household income, or time off","Advertising can create desire, but demand cannot scale if people still lack affordable transport, money, and time away from work.","Free-trade zones, container shipping, entrepôts, and lower duties on commercial goods","Those systems move commercial goods. They may support an economy, but they do not explain why large numbers of households could take holidays.","Mass tourism required access to align on several fronts: transport reduced distance and cost, paid leave created time, middle-class income created demand, and tour operators made trips easier to buy.",,,wsc-evidence-v1,https://www.bbc.co.uk/bitesize/guides/zkgxsbk/revision/3
L200_call-of-duty-free_1_178,question.call-of-duty-free.200.001,entry.quizQuestions,Raw Content,call-of-duty-free,raw.call-of-duty-free.001,2,200,"Why did water, stables, storage, security, and courtyard design make caravanserais important to long-distance trade?",They turned difficult routes into usable networks by supporting caravans at planned intervals,They converted every route stop into the trader’s final tourist destination,A caravanserai was usually an intermediate support node. Resting there did not make it the final purpose of the journey.,"They removed the need for markets, ports, and other hubs farther along the route","It connected stages of a wider network; it did not replace the producers, markets, ports, and destinations at either end.",They made all goods duty-free simply by placing them inside a courtyard,"Security and storage are physical functions. Duty treatment depends on law and customs rules, which describes a free zone rather than every caravanserai.","A caravanserai reduced several risks at once: people and animals could recover, goods could be protected, and travellers could obtain supplies and information before the next stage.",,,wsc-evidence-v1,https://whc.unesco.org/en/list/1668/
L200_call-of-duty-free_2_181,question.call-of-duty-free.200.002,entry.quizQuestions,Raw Content,call-of-duty-free,raw.call-of-duty-free.002,2,200,Why could the Grand Tour function as both education and a display of status?,"Its art, language, and classical learning required enough wealth, time, credit, and connections to complete a long journey",Every European teenager was legally required to follow the same route,"The Grand Tour was a custom among parts of the elite, not a universal legal stage of youth.","The destinations mattered, but the traveller’s money and social network had no effect on access","Access is central to the status claim: time, money, letters of credit, tutors, and introductions shaped who could make the journey.",Tour operators sold the same low-cost package to most working families,"Standardized packages belong to mass tourism. The Grand Tour was expensive, lengthy, and individually supported.","The traveller could gain knowledge and contacts while the ability to be absent for months or years, hire guidance, collect art, and move credit across borders visibly marked privilege.",,,wsc-evidence-v1,https://www.metmuseum.org/de/essays/the-grand-tour
L200_call-of-duty-free_3_196,question.call-of-duty-free.200.003,entry.quizQuestions,Raw Content,call-of-duty-free,raw.call-of-duty-free.003,2,200,Why can a luxury photograph give a misleading picture of a past “Golden Age of Travel”?,"It can preserve the most affluent and photogenic experience while omitting price, exclusion, risk, and ordinary discomfort",Advertising from the period automatically represents the average passenger,Advertising is designed to select attractive features; it needs independent evidence before it can represent ordinary conditions.,Modern crowding proves that every part of older travel was safer and more comfortable,"One modern problem cannot prove a universal claim about the past. Cost, danger, reliability, access, and comfort must be compared separately.",Safety improvements make any comparison of comfort or service meaningless,"Comfort and service can still be compared. The correction is to use several measures, not to declare the comparison impossible.","The problem is selection. A glamorous cabin may be real, but it cannot stand for every route, class, traveller, or dimension of the experience.",,,wsc-evidence-v1,https://www.theatlantic.com/newsletters/archive/2025/07/has-air-travel-ever-been-good/683584/
L200_call-of-duty-free_4_112,question.call-of-duty-free.200.004,entry.quizQuestions,Raw Content,call-of-duty-free,raw.call-of-duty-free.004,2,200,How can social media weaken the “authenticity” that niche travellers are seeking?,"A repeatable post can make one place highly visible, concentrate arrivals, and encourage the experience to be staged for visitors",Recommendation algorithms automatically distribute visitors evenly across a country,Algorithms often concentrate attention around already successful posts and images; even distribution is not automatic.,A place becomes more local and private whenever its visitor numbers increase,"More visitors may bring income, but they can also create crowding and staging. Visitor volume does not define localness.",Removing a traditional tour guide eliminates every commercial influence on the trip,"Platforms, accommodation, transport, and the visitor’s own expectations can commercialize an experience even without a tour guide.","The platform can transform discovery into a new mass route. Visibility changes visitor volume and may change how businesses, residents, and later visitors present the place.",,,wsc-evidence-v1,https://www.sixthtone.com/news/1016254
L200_call-of-duty-free_5_206,question.call-of-duty-free.200.005,entry.quizQuestions,Raw Content,call-of-duty-free,raw.call-of-duty-free.005,2,200,Why is a defined area with special customs treatment better described as a free-trade zone than as transshipment?,"A free-trade zone is a legal customs regime, while transshipment is the act of transferring cargo between routes or vehicles","Any place that stores goods is a caravanserai, regardless of its users or design","A caravanserai is a physical route complex for caravans, people, animals, and goods. Storage alone does not identify it.",A free-trade zone is simply a duty-free shop where passengers buy personal items,"Passenger retail and a commercial free zone may both involve duty rules, but they serve different users, scales, and operations.",Transshipment means the cargo has reached its final buyer and will not move again,Transshipment is intermediate by definition: the cargo changes vessel or route so that it can continue.,The terms answer different questions. “Free-trade zone” asks which customs rules apply in an area; “transshipment” asks what happens to cargo at an intermediate transfer.,,,wsc-evidence-v1,https://www.wcoomd.org/en/topics/facilitation/instrument-and-tools/conventions/pf_revised_kyoto_conv/kyoto_new/spand.aspx?p=1
question.call-of-duty-free.200.006,question.call-of-duty-free.200.006,entry.quizQuestions,Raw Content,call-of-duty-free,raw.call-of-duty-free.006,2,200,Why did package holidays help tourism grow at mass scale?,"Bundling transport, accommodation, and transfers reduced price, planning work, and uncertainty for many households",They made destination capacity unlimited once enough rooms were advertised,"Packages can increase arrivals, but housing, roads, ecosystems, and services still have limits; marketing does not create unlimited capacity.",They removed the need for paid leave and disposable income,A convenient product still costs money and takes time. Paid leave and household income remain part of the causal chain.,They treated holidaymakers as commercial cargo moving through a customs zone,Customs systems for goods are a different branch. A package organizes services for travellers rather than cargo treatment.,"A package turns several separate decisions and risks into one product. Combined with income, free time, and transport, that standardization lets many more people buy a similar trip.",,,wsc-evidence-v1,https://www.bbc.co.uk/bitesize/guides/zkgxsbk/revision/3
L300_call-of-duty-free__215,question.call-of-duty-free.300.006,section.guideQuestions,Section Journey,call-of-duty-free,,3,300,"A user posts a detailed guide to a quiet neighbourhood bookstore. Thousands save the route, visitors repeat the same photo, and nearby shops begin designing for the trend. Which chain best explains the result?","A search for authenticity became platform visibility, concentrated arrivals, and a more staged experience",The bookstore remained undiscovered because the original post called it local,"A label does not control distribution. Saves, searches, and copied routes make discovery repeatable at scale.",The growth proves every visitor achieved deep exchange with residents,"Visitor volume and emotional satisfaction do not demonstrate reciprocity, time, language, or local benefit.",The platform ended mass tourism by moving people away from one famous landmark,"Redistributing some visitors can reduce one pressure while creating another hotspot; the system has shifted, not disappeared.","The place may still have local meaning, but the recommendation changes its audience, volume, and presentation. A niche route can acquire mass-tourism dynamics.","This is the exact bridge between the official Xiaohongshu source, authentic tourism, and the concentration mechanism in mass tourism.",A tool for discovery can become infrastructure for concentration.,wsc-evidence-v1,https://www.sixthtone.com/news/1016254
L300_call-of-duty-free__216,question.call-of-duty-free.300.007,section.guideQuestions,Section Journey,call-of-duty-free,,3,300,Which evidence would best support a claim that an ecotourism project creates deep exchange rather than only a satisfying visitor experience?,"Local people help control the project, benefits last locally, and visitors learn through reciprocal contact over enough time",Visitors report feeling transformed before leaving,"A changed feeling may be sincere, but it measures the visitor and says little about local power or lasting benefit.",The project uses the word “eco” and appears in many saved posts,"A label and popularity are marketing evidence. They do not establish conservation, reciprocity, or community control.",The destination is difficult to reach and therefore must be authentic,"Remoteness can limit access, but isolation does not guarantee respectful relationships or good local outcomes.","Deep exchange is a relationship claim. It needs evidence about local agency, reciprocity, duration, learning, and consequences—not only the visitor’s feeling or the product label.","This gives one evaluation test that works across ecotourism, voluntourism, edutourism, agritourism, retreats, and dark tourism.","Judge authenticity by relationships and outcomes, not difficulty, branding, or personal emotion alone.",wsc-evidence-v1,https://www.gstcouncil.org/wp-content/uploads/GSTC-Destination-Criteria-v2.0-2022.pdf
L300_call-of-duty-free__217,question.call-of-duty-free.300.008,section.guideQuestions,Section Journey,call-of-duty-free,,3,300,A container is unloaded from one ship and placed on another without being sold; the port also contains a separate area with special customs treatment. Which analysis is most precise?,The ship-to-ship movement is transshipment; the special customs area is a free-trade zone,Both facts make the whole port a caravanserai,"A caravanserai is a route complex built for caravans, people, animals, and goods; a modern container operation does not become one by being intermediate.",The transfer is an entrepôt because every intermediate stop stores and sells goods,"An entrepôt requires storage and onward trade or re-export. Direct transfer alone supports “transshipment,” not the additional commercial claim.",The customs area is simply a passenger duty-free shop at container scale,"Passenger retail and commercial free zones differ in user, purpose, cargo scale, and customs process.","Two mechanisms can coexist at one hub. Transshipment names the cargo operation, while free-trade zone names the legal treatment of a defined area.","This tests whether students can separate a place, an operation, and a legal regime even when all three appear at one hub.",One location can perform several transit functions; name each claim with the evidence it requires.,wsc-evidence-v1,https://www.wcoomd.org/en/topics/facilitation/instrument-and-tools/conventions/pf_revised_kyoto_conv/kyoto_new/spand.aspx?p=1
L300_call-of-duty-free__218,question.call-of-duty-free.300.009,section.guideQuestions,Section Journey,call-of-duty-free,,3,300,Why does the caravanserai belong in both the accommodation branch and the goods-in-transit branch?,It sheltered travellers and animals while protecting goods and enabling exchange along a trade network,It was a modern hotel placed inside every free-trade zone,Modern hotels and free-trade zones have different service and legal functions; the caravanserai predates and cannot be reduced to either.,It mattered only as a final market and never as a stopover,"Intermediate shelter is central to the concept. Trade could occur, but the network role does not require the stop to be the final market.",Its main purpose was moving containers between ocean vessels,"Container transfer describes modern transshipment, not caravan travel with people, pack animals, and stored goods.",The caravanserai is a physical bridge between human needs and commercial movement. Its value comes from supporting the next stage of a shared route.,The repeated appearance is intentional: caravanserais show that people and goods often share the same infrastructure.,Curriculum branches can overlap without making their vocabulary interchangeable.,wsc-evidence-v1,https://whc.unesco.org/en/list/1668/
L300_call-of-duty-free__219,question.call-of-duty-free.300.010,section.guideQuestions,Section Journey,call-of-duty-free,,3,300,A summary says the 1854 Treaty of Kanagawa “opened Shimoda and Hakodate to foreign trade.” Which correction is most precise?,It first allowed American ships access for supplies and assistance; later treaties widened commercial rights,It immediately created unrestricted general trade with every foreign country,This overstates both the scope and the beneficiaries of the first agreement; access for supplies is not identical to unrestricted trade.,It kept both ports completely closed to American vessels,"The agreement did create access, so “completely closed” misses the historical change that did occur.",It converted the ports into modern free-trade zones with container customs rules,"A nineteenth-century treaty port is not automatically a modern customs free zone, and containerization belongs to a much later system.","“Opened” can conceal different legal rights. The 1854 agreement established access for ships and consular presence, while broader commercial opening followed later.","This uses one named hub to practise the section’s larger rule: identify the exact service, legal right, or transfer function behind a broad label.","When a source says a route or port “opened,” ask: open to whom, for what, and under which rules?",wsc-evidence-v1,https://history.state.gov/milestones/1830-1860/opening-to-japan
L300_call-of-duty-free_1_290,question.call-of-duty-free.300.001,section.guideQuestions,Section Journey,call-of-duty-free,,3,300,"A protected courtyard houses merchants, pack animals, and goods overnight; a city hotel sells private rooms and guest service. Which comparison is strongest?","Both support temporary arrival, but the caravanserai serves a caravan network while the hotel specializes in accommodation for guests",They are the same institution because both contain beds,"One shared feature does not erase different network roles, users, physical needs, and economic functions.",The caravanserai is an entrepôt whenever a merchant sleeps there,"Merchants may trade at a caravanserai, but an entrepôt specifically organizes import, storage, and onward trade; sleeping there is not enough evidence.","The hotel belongs to transport infrastructure, while the caravanserai does not","Both belong to movement infrastructure. The caravanserai makes its route function especially visible because it supports caravans, animals, and cargo.","The shared idea is infrastructure between destinations. Their different users, goods, animals, architecture, and services show why function matters more than the broad label “lodging.”","This connects the first and sixth branches: a single stop can support hospitality and trade, but the curriculum’s terms remain precise.","Compare middle places by the work they perform, not by one object they happen to contain.",wsc-evidence-v1,https://whc.unesco.org/en/list/1668/
L300_call-of-duty-free_2_291,question.call-of-duty-free.300.002,section.guideQuestions,Section Journey,call-of-duty-free,,3,300,What is the most important change from the Grand Tour to mass tourism?,Travel for leisure moved from a long elite rite toward a standardized product accessible to a much larger middle class,"Tourists stopped using culture, education, or status to explain their journeys","Modern travel can still seek education, identity, and status; the change lies in who can participate and how trips are organized.",Transport ceased to matter once hotels became available,"Railways, liners, cars, and jets are central to the transition because they change journey time, capacity, and cost.","Every traveller gained equal time, income, passport access, and treatment","Mass access widened participation without removing unequal money, documents, free time, borders, or service.","Leisure and status did not disappear. The major shift was scale and access, produced by transport, paid leave, household income, and organized travel.",The Grand Tour supplies the elite baseline; the mass-tourism branch supplies the mechanisms that changed participation.,Democratization changes scale without automatically creating equality.,wsc-evidence-v1,https://www.bbc.co.uk/bitesize/guides/zkgxsbk/revision/3
L300_call-of-duty-free_3_292,question.call-of-duty-free.300.003,section.guideQuestions,Section Journey,call-of-duty-free,,3,300,A coastal town gains a low-cost rail link just as paid holidays and package tours become common. Visitor numbers rise sharply in the same summer weeks. Which explanation best uses the curriculum?,"Transport, free time, and standardized travel combined to scale demand and concentrate it in one place and season",The rail link alone explains the change because income and leave never affect tourism,"Access matters, but households also need time, money, and a purchasable trip; the curriculum presents a combined causal chain.",The presence of hotels caused employers to create paid holidays,"Hotels can support tourism, but this reverses the social cause: labour rights and income help create demand for holidays.",The town has overtourism simply because its annual visitor total increased,Growth is evidence of mass tourism. Overtourism requires additional evidence that local capacity or resident life is being exceeded.,"The case joins several enabling conditions and then adds concentration. Whether it becomes overtourism still depends on pressure relative to housing, services, public space, and ecosystems.","This joins the causes of mass tourism with the separate concept of overtourism, preventing a common cause-versus-impact confusion.",Explain scale with a causal chain; diagnose overtourism with capacity evidence.,wsc-evidence-v1,https://www.bbc.co.uk/bitesize/guides/zkgxsbk/revision/3
L300_call-of-duty-free_4_293,question.call-of-duty-free.300.004,section.guideQuestions,Section Journey,call-of-duty-free,,3,300,An airline advert shows a spacious 1950s first-class meal beside a crowded modern economy cabin. What is the strongest evaluation?,"The contrast may show a real comfort difference, but it samples different classes and cannot establish that air travel as a whole was better",The old image proves all passengers once received first-class space and service,"The selected cabin cannot represent other classes, routes, prices, or passengers without supporting data.",Modern travel is better in every way because more people can afford it,"Wider access is important, but it does not cancel real questions about comfort, service, delays, or dignity.",Neither image can provide any evidence because advertisements are always fictional,"Advertisements are selective, not useless. They can show the image being sold, but broader historical claims need other evidence.","A careful answer keeps the real observation—some premium cabins were spacious—while checking comparability, access, price, safety, reliability, and ordinary conditions.",This applies the section’s “visible versus real” tension to the golden-age claim and the class change produced by mass tourism.,"Preserve what an image really shows, then limit the conclusion to the sample it represents.",wsc-evidence-v1,https://www.theatlantic.com/newsletters/archive/2025/07/has-air-travel-ever-been-good/683584/
L300_call-of-duty-free_5_294,question.call-of-duty-free.300.005,section.guideQuestions,Section Journey,call-of-duty-free,,3,300,"A normally cautious visitor joins a noisy crowd, feels anonymous, and damages a site for a dramatic video. Which explanation best fits the official behaviour link?","Weaker home norms, deindividuation, crowd cues, and social reward can lower restraints without making travel a complete excuse",Crossing a border permanently changes a person’s character,"The evidence concerns situational pressures, not a universal or permanent personality transformation caused by travel.",The behaviour is caused only by uncomfortable seats on the journey,"Stress may contribute, but it cannot by itself explain anonymity, crowd imitation, entitlement, and online performance at the site.",Posting the video makes the damage harmless because it promotes the destination,Visibility does not undo physical or cultural harm. Promotion can even reward repetition of the damaging act.,"The case combines several situational mechanisms. They explain why restraint may fall, while responsibility and the need for rules, design, or sanctions remain.",This links individual psychology with tourism infrastructure and media incentives rather than treating misbehaviour as a mysterious tourist trait.,Situations can lower restraint; explanation should guide prevention without erasing responsibility.,wsc-evidence-v1,https://www.bbc.com/travel/article/20240718-why-do-tourists-behave-badly-on-holiday
question.call-of-duty-free.300.011,question.call-of-duty-free.300.011,section.guideQuestions,Section Journey,call-of-duty-free,,3,300,UN Tourism estimated 1.52 billion international tourist arrivals in 2025. Which conclusion is justified by that statistic?,"International overnight trips reached a very large global total, but the figure is not a count of unique people or proof of overtourism in a particular place",Exactly 1.52 billion different people travelled internationally in 2025,"The metric counts trips, not unique travellers; a person who takes several international trips can appear several times.",The figure counts every domestic day trip and museum visit in the world,"The statistic concerns international overnight tourism, not all domestic travel or every same-day visit.",Every destination exceeded its local carrying capacity in 2025,"A global total cannot diagnose local overtourism without destination-level evidence about concentration, season, and capacity.","An international tourist arrival is a trip involving an overnight stay. One person can generate several arrivals, and a global flow does not reveal how pressure was distributed locally.",The current statistic supplies scale; the mass-tourism curriculum supplies the concepts needed to interpret the metric without overclaiming.,"Before using a large number, identify its unit and the level—global or local—at which it can support a claim.",wsc-evidence-v1,https://pre-webunwto.s3.eu-west-1.amazonaws.com/s3fs-public/2026-01/260120-international-tourist-arrivals-up-4-in-2025-reflecting-strong-travel-demand-around-the-world-en.pdf
question.call-of-duty-free.300.012,question.call-of-duty-free.300.012,section.guideQuestions,Section Journey,call-of-duty-free,,3,300,"Venice reported that in 2025 its access fee applied on 54 days, issued 723,497 paid access permits, and collected €5,421,425. What can these figures show on their own?",The system issued permits and collected revenue; separate comparison data are needed to know whether it reduced crowding or resident pressure,The fee definitely ended overtourism because it produced revenue,"Revenue proves collection, not the causal effect on visitor concentration; crowd data before and after the policy are still needed.",Paid permit counts are a direct measure of resident wellbeing and housing affordability,"Permit records show authorizations issued, not resident wellbeing, housing affordability, or even a verified count of people who entered.",One season proves that the same access fee will work identically in every city,"Cities differ in geography, transport, exemptions, enforcement, visitor mix, and capacity; one case cannot guarantee universal transfer.","The figures are implementation outputs: days of operation, paid permits issued, and revenue. Effectiveness requires outcome comparisons such as actual footfall, visitor timing, congestion, housing pressure, or resident experience.",This turns a current policy into a curriculum question about overtourism and “visible versus real”: operating a policy is not the same as proving its outcome.,"Separate policy outputs from policy effects, then ask what comparison would identify the effect.",wsc-evidence-v1,https://live.comune.venezia.it/it/2025/08/contributo-di-accesso-i-numeri-del-2025
L100_next-year-in-futurism_1_107,question.next-year-in-futurism.100.001,entry.quizQuestions,Raw Content,next-year-in-futurism,raw.next-year-in-futurism.001,1,100,Which technology is often used as a classic example of a future that always seems “almost here”?,Flying cars,Fountain pens,That answer changes the point: Flying cars.,Paper maps,That answer changes the point: Flying cars.,Raincoats,That answer changes the point: Flying cars.,Flying cars.,,,,https://wsc-2026-study-routes.vercel.app/raw-content-bank.js?v=20260504f
L100_next-year-in-futurism_10_029,question.next-year-in-futurism.100.010,entry.quizQuestions,Raw Content,next-year-in-futurism,raw.next-year-in-futurism.010,1,100,What was the Kola Superdeep Borehole?,A Soviet project that drilled extremely deep into Earth’s crust,A tunnel built for high-speed trains,That answer changes the point: A Soviet project that drilled extremely deep into Earth’s crust.,"A deep Earth drilling project, not a space base",That answer changes the point: A Soviet project that drilled extremely deep into Earth’s crust.,"A drilling project in the crust, not an orbiting instrument",That answer changes the point: A Soviet project that drilled extremely deep into Earth’s crust.,A Soviet project that drilled extremely deep into Earth’s crust.,,,,https://wsc-2026-study-routes.vercel.app/raw-content-bank.js?v=20260504f
L100_next-year-in-futurism_2_081,question.next-year-in-futurism.100.002,entry.quizQuestions,Raw Content,next-year-in-futurism,raw.next-year-in-futurism.002,1,100,What can an old forecast reveal even when it is wrong?,"What people at the time expected, feared, or valued",The exact date every invention will arrive,"That answer changes the point: What people at the time expected, feared, or valued.",The final truth about social progress,"That answer changes the point: What people at the time expected, feared, or valued.",A way to avoid uncertainty completely,"That answer changes the point: What people at the time expected, feared, or valued.","What people at the time expected, feared, or valued.",,,,https://wsc-2026-study-routes.vercel.app/raw-content-bank.js?v=20260504f
L100_next-year-in-futurism_3_087,question.next-year-in-futurism.100.003,entry.quizQuestions,Raw Content,next-year-in-futurism,raw.next-year-in-futurism.003,1,100,Who is most strongly associated with Wardenclyffe Tower?,Nikola Tesla,Alan Turing,That answer changes the point: Nikola Tesla.,Neil Armstrong,That answer changes the point: Nikola Tesla.,Isaac Newton,That answer changes the point: Nikola Tesla.,Nikola Tesla.,,,,https://wsc-2026-study-routes.vercel.app/raw-content-bank.js?v=20260504f
L100_next-year-in-futurism_4_072,question.next-year-in-futurism.100.004,entry.quizQuestions,Raw Content,next-year-in-futurism,raw.next-year-in-futurism.004,1,100,Why are phrases like “soon” tricky in predictions?,They can sound precise while hiding uncertainty,They always mean the same length of time,That answer changes the point: They can sound precise while hiding uncertainty.,They are used only in science fiction,That answer changes the point: They can sound precise while hiding uncertainty.,They prove the speaker has evidence,That answer changes the point: They can sound precise while hiding uncertainty.,They can sound precise while hiding uncertainty.,,,,https://wsc-2026-study-routes.vercel.app/raw-content-bank.js?v=20260504f
L100_next-year-in-futurism_5_073,question.next-year-in-futurism.100.005,entry.quizQuestions,Raw Content,next-year-in-futurism,raw.next-year-in-futurism.005,1,100,What is one basic goal of life-extension research?,To increase healthy years or extend lifespan,To make death disappear immediately,That answer changes the point: To increase healthy years or extend lifespan.,To replace all medicine with robots,That answer changes the point: To increase healthy years or extend lifespan.,To stop people from needing sleep,That answer changes the point: To increase healthy years or extend lifespan.,To increase healthy years or extend lifespan.,,,,https://wsc-2026-study-routes.vercel.app/raw-content-bank.js?v=20260504f
L100_next-year-in-futurism_6_085,question.next-year-in-futurism.100.006,entry.quizQuestions,Raw Content,next-year-in-futurism,raw.next-year-in-futurism.006,1,100,What can old future predictions teach besides accuracy?,"What people in the past hoped for, feared, or valued",How to know the future perfectly,"That answer changes the point: What people in the past hoped for, feared, or valued.",Why old people lacked imagination,"That answer changes the point: What people in the past hoped for, feared, or valued.",That progress always follows one path,"That answer changes the point: What people in the past hoped for, feared, or valued.","What people in the past hoped for, feared, or valued.",,,,https://wsc-2026-study-routes.vercel.app/raw-content-bank.js?v=20260504f
L100_next-year-in-futurism_7_088,question.next-year-in-futurism.100.007,entry.quizQuestions,Raw Content,next-year-in-futurism,raw.next-year-in-futurism.007,1,100,What does “quantum supremacy” usually mean in tech news?,A quantum computer beat a classical computer on a specific task,Quantum computers replaced all ordinary laptops,That answer changes the point: A quantum computer beat a classical computer on a specific task.,Quantum science became a law of government,That answer changes the point: A quantum computer beat a classical computer on a specific task.,Encryption stopped working everywhere,That answer changes the point: A quantum computer beat a classical computer on a specific task.,A quantum computer beat a classical computer on a specific task.,,,,https://wsc-2026-study-routes.vercel.app/raw-content-bank.js?v=20260504f
L100_next-year-in-futurism_8_078,question.next-year-in-futurism.100.008,entry.quizQuestions,Raw Content,next-year-in-futurism,raw.next-year-in-futurism.008,1,100,Why does AI-generated writing matter beyond cheating?,"It affects trust, authorship, and responsibility",It makes spelling the only issue in writing,"That answer changes the point: It affects trust, authorship, and responsibility.",It proves readers no longer need judgment,"That answer changes the point: It affects trust, authorship, and responsibility.",It matters only to English teachers,"That answer changes the point: It affects trust, authorship, and responsibility.","It affects trust, authorship, and responsibility.",,,,https://wsc-2026-study-routes.vercel.app/raw-content-bank.js?v=20260504f
L100_next-year-in-futurism_9_037,question.next-year-in-futurism.100.009,entry.quizQuestions,Raw Content,next-year-in-futurism,raw.next-year-in-futurism.009,1,100,What makes AGI different from narrow AI?,It would apply knowledge across many contexts,It would only search the internet faster,That answer changes the point: It would apply knowledge across many contexts.,It would be another name for grammar checking,That answer changes the point: It would apply knowledge across many contexts.,It would simply store more documents,That answer changes the point: It would apply knowledge across many contexts.,It would apply knowledge across many contexts.,,,,https://wsc-2026-study-routes.vercel.app/raw-content-bank.js?v=20260504f
L200_next-year-in-futurism_1_200,question.next-year-in-futurism.200.001,entry.quizQuestions,Raw Content,next-year-in-futurism,raw.next-year-in-futurism.001,2,200,Why can a promising technology remain stuck in the near future?,"It may face cost, safety, engineering, or adoption barriers",It becomes impossible once people predict it,"That answer changes the point: It may face cost, safety, engineering, or adoption barriers.",It is always blocked by schools and museums,"That answer changes the point: It may face cost, safety, engineering, or adoption barriers.",It works only if nobody is interested in it,"That answer changes the point: It may face cost, safety, engineering, or adoption barriers.","It may face cost, safety, engineering, or adoption barriers.",,,,https://wsc-2026-study-routes.vercel.app/raw-content-bank.js?v=20260504f
L200_next-year-in-futurism_10_184,question.next-year-in-futurism.200.010,entry.quizQuestions,Raw Content,next-year-in-futurism,raw.next-year-in-futurism.010,2,200,Why was the deep-drilling race about more than science?,"Prestige, rivalry, and national competition also shaped it",Science played no role in the project,"That answer changes the point: Prestige, rivalry, and national competition also shaped it.",Only one country cared about geology,"That answer changes the point: Prestige, rivalry, and national competition also shaped it.",The goal was mainly road construction,"That answer changes the point: Prestige, rivalry, and national competition also shaped it.","Prestige, rivalry, and national competition also shaped it.",,,,https://wsc-2026-study-routes.vercel.app/raw-content-bank.js?v=20260504f
L200_next-year-in-futurism_2_186,question.next-year-in-futurism.200.002,entry.quizQuestions,Raw Content,next-year-in-futurism,raw.next-year-in-futurism.002,2,200,Why is a 2018 prediction about 2028 useful to study now?,"It lets people compare expectation, timing, and reality",It proves all forecasts become true eventually,"That answer changes the point: It lets people compare expectation, timing, and reality.",It shows technology stops changing after ten years,"That answer changes the point: It lets people compare expectation, timing, and reality.",It makes recent history impossible to debate,"That answer changes the point: It lets people compare expectation, timing, and reality.","It lets people compare expectation, timing, and reality.",,,,https://wsc-2026-study-routes.vercel.app/raw-content-bank.js?v=20260504f
L200_next-year-in-futurism_3_182,question.next-year-in-futurism.200.003,entry.quizQuestions,Raw Content,next-year-in-futurism,raw.next-year-in-futurism.003,2,200,Why can a brilliant prediction still fail as a project?,"It may lack funding, timing, infrastructure, or support",It becomes false if it is described too early,"That answer changes the point: It may lack funding, timing, infrastructure, or support.",It succeeds automatically if the inventor is famous,"That answer changes the point: It may lack funding, timing, infrastructure, or support.",It needs no testing once the idea is clear,"That answer changes the point: It may lack funding, timing, infrastructure, or support.","It may lack funding, timing, infrastructure, or support.",,,,https://wsc-2026-study-routes.vercel.app/raw-content-bank.js?v=20260504f
L200_next-year-in-futurism_4_150,question.next-year-in-futurism.200.004,entry.quizQuestions,Raw Content,next-year-in-futurism,raw.next-year-in-futurism.004,2,200,What is one fair way to judge an old forecast?,"Check timing, form, adoption, and evidence",Ask only whether it sounded exciting,"That answer changes the point: Check timing, form, adoption, and evidence.",Ignore what happened after publication,"That answer changes the point: Check timing, form, adoption, and evidence.",Assume late predictions were lies,"That answer changes the point: Check timing, form, adoption, and evidence.","Check timing, form, adoption, and evidence.",,,,https://wsc-2026-study-routes.vercel.app/raw-content-bank.js?v=20260504f
L200_next-year-in-futurism_5_190,question.next-year-in-futurism.200.005,entry.quizQuestions,Raw Content,next-year-in-futurism,raw.next-year-in-futurism.005,2,200,Why is organ replacement not a simple path to immortality?,"The whole body and brain age, not just single organs",Organs cannot be transplanted in modern medicine,"That answer changes the point: The whole body and brain age, not just single organs.",Aging affects only the heart and lungs,"That answer changes the point: The whole body and brain age, not just single organs.",Immortality is mostly a paperwork problem,"That answer changes the point: The whole body and brain age, not just single organs.","The whole body and brain age, not just single organs.",,,,https://wsc-2026-study-routes.vercel.app/raw-content-bank.js?v=20260504f
L200_next-year-in-futurism_6_183,question.next-year-in-futurism.200.006,entry.quizQuestions,Raw Content,next-year-in-futurism,raw.next-year-in-futurism.006,2,200,Why do retrofuture images sometimes look strange today?,They mix future dreams with the assumptions of their own time,They were designed only to be jokes,That answer changes the point: They mix future dreams with the assumptions of their own time.,They avoided technology completely,That answer changes the point: They mix future dreams with the assumptions of their own time.,They never influenced real design,That answer changes the point: They mix future dreams with the assumptions of their own time.,They mix future dreams with the assumptions of their own time.,,,,https://wsc-2026-study-routes.vercel.app/raw-content-bank.js?v=20260504f
L200_next-year-in-futurism_7_130,question.next-year-in-futurism.200.007,entry.quizQuestions,Raw Content,next-year-in-futurism,raw.next-year-in-futurism.007,2,200,Why are some people worried about Q-Day?,Quantum computers might someday break current encryption,Quantum computers could erase gravity,That answer changes the point: Quantum computers might someday break current encryption.,All digital screens would immediately shut down,That answer changes the point: Quantum computers might someday break current encryption.,Mathematics would become illegal,That answer changes the point: Quantum computers might someday break current encryption.,Quantum computers might someday break current encryption.,,,,https://wsc-2026-study-routes.vercel.app/raw-content-bank.js?v=20260504f
L200_next-year-in-futurism_8_149,question.next-year-in-futurism.200.008,entry.quizQuestions,Raw Content,next-year-in-futurism,raw.next-year-in-futurism.008,2,200,Why may AI writing become harder to identify?,Models can imitate common human writing patterns well,Computers now use real handwriting in notebooks,That answer changes the point: Models can imitate common human writing patterns well.,Humans are no longer allowed to write clearly,That answer changes the point: Models can imitate common human writing patterns well.,All AI text must announce itself publicly,That answer changes the point: Models can imitate common human writing patterns well.,Models can imitate common human writing patterns well.,,,,https://wsc-2026-study-routes.vercel.app/raw-content-bank.js?v=20260504f
L200_next-year-in-futurism_9_110,question.next-year-in-futurism.200.009,entry.quizQuestions,Raw Content,next-year-in-futurism,raw.next-year-in-futurism.009,2,200,Why do people debate AGI intensely?,"It could affect work, power, knowledge, and decisions broadly",It already controls every government system,"That answer changes the point: It could affect work, power, knowledge, and decisions broadly.",It is mainly a visual design trend,"That answer changes the point: It could affect work, power, knowledge, and decisions broadly.",It would matter only inside schools,"That answer changes the point: It could affect work, power, knowledge, and decisions broadly.","It could affect work, power, knowledge, and decisions broadly.",,,,https://wsc-2026-study-routes.vercel.app/raw-content-bank.js?v=20260504f
L300_next-year-in-futurism__250,question.next-year-in-futurism.300.011,section.guideQuestions,Section Journey,next-year-in-futurism,,3,300,Start with this detail: Futures thinking is partly analytical and partly imaginative. Which idea gives the best comparison?,Hype cycles,False imminence,That answer changes the point: Hype cycles.,Retrofuturism,That answer changes the point: Hype cycles.,AI as future symbol,That answer changes the point: Hype cycles.,Correct: Hype cycles.,"The question starts from a concrete detail in What futurism does: Futures thinking is partly analytical and partly imaginative. It is really asking which answer handles a similar pressure. Hype cycles is the best connection because it converts early promise into waves of inflated expectation, disappointment, and sometimes useful adoption. Both ideas ask alpacas to notice that Futurism gives uncertainty a plot. That plot can motivate, distract, sell, or console.",,,WSC_2026_updated_level_100_200_300_questions.csv
L300_next-year-in-futurism__251,question.next-year-in-futurism.300.012,section.guideQuestions,Section Journey,next-year-in-futurism,,3,300,Which idea gives the clearest comparison to False imminence?,Retrofuturism,AI as future symbol,That answer changes the point: Retrofuturism.,Prediction bias,That answer changes the point: Retrofuturism.,What futurism does,That answer changes the point: Retrofuturism.,Correct: Retrofuturism.,"The question starts from a concrete detail in False imminence: 'Next year' language sells hope. It is really asking which answer handles a similar pressure. Retrofuturism is the best connection because it shows old futures aging into cultural evidence, revealing what past societies wanted or feared about progress. Both ideas ask alpacas to notice that “Soon” is powerful because it avoids both proof and surrender.",,,WSC_2026_updated_level_100_200_300_questions.csv
L300_next-year-in-futurism__252,question.next-year-in-futurism.300.013,section.guideQuestions,Section Journey,next-year-in-futurism,,3,300,Which idea turns the same pressure behind AI as future symbol into a different form?,Prediction bias,What futurism does,That answer changes the point: Prediction bias.,Hype cycles,That answer changes the point: Prediction bias.,False imminence,That answer changes the point: Prediction bias.,Correct: Prediction bias.,"The question starts from a concrete detail in AI as future symbol: AI is framed as inevitable, threatening, or liberating depending on the speaker. It is really asking which answer handles a similar pressure. Prediction bias is the best connection because it lets desire, fear, and available examples distort what people imagine as likely. Both ideas ask alpacas to notice that AI absorbs older hopes about automation and older fears about replacement. It is rarely just about software.",,,WSC_2026_updated_level_100_200_300_questions.csv
L300_next-year-in-futurism__253,question.next-year-in-futurism.300.014,section.guideQuestions,Section Journey,next-year-in-futurism,,3,300,Which idea gives the clearest comparison for Retrofuturism?,AI as future symbol,Prediction bias,That answer changes the point: AI as future symbol.,What futurism does,That answer changes the point: AI as future symbol.,Hype cycles,That answer changes the point: AI as future symbol.,Correct: AI as future symbol.,"The question starts from a concrete detail in Retrofuturism: Retrofuturism is about past futures. It is really asking which answer handles a similar pressure. AI as future symbol is the best connection because it makes one technology carry a whole civilization’s hopes and anxieties about intelligence, labor, creativity, and control. Both ideas ask alpacas to notice that Old futures are useful because they show the assumptions of the people who imagined them.",,,WSC_2026_updated_level_100_200_300_questions.csv
L300_next-year-in-futurism__254,question.next-year-in-futurism.300.015,section.guideQuestions,Section Journey,next-year-in-futurism,,3,300,Which idea carries the same logic as Hype cycles?,AI as future symbol,Prediction bias,That answer changes the point: AI as future symbol.,What futurism does,That answer changes the point: AI as future symbol.,False imminence,That answer changes the point: AI as future symbol.,Correct: AI as future symbol.,"The question starts from a concrete detail in Hype cycles: Early publicity can exaggerate readiness. It is really asking which answer handles a similar pressure. AI as future symbol is the best connection because it makes one technology carry a whole civilization’s hopes and anxieties about intelligence, labor, creativity, and control. Both ideas ask alpacas to notice that Hype is not simply false. It is a social rhythm that turns attention into investment before evidence catches up.",,,WSC_2026_updated_level_100_200_300_questions.csv
L300_next-year-in-futurism_1_331,question.next-year-in-futurism.300.002,section.guideQuestions,Section Journey,next-year-in-futurism,,3,300,Why is “a cure for cancer” a misleadingly simple phrase?,Cancer includes many diseases with different causes and treatments,Cancer research stopped after early drug trials,That answer changes the point: Cancer includes many diseases with different causes and treatments.,Cancer can only be studied with computers,That answer changes the point: Cancer includes many diseases with different causes and treatments.,Cancer is mainly a problem of prediction,That answer changes the point: Cancer includes many diseases with different causes and treatments.,Correct: Cancer includes many diseases with different causes and treatments.,,,,https://wsc-2026-study-routes.vercel.app/raw-content-bank.js?v=20260504f
L300_next-year-in-futurism_10_340,question.next-year-in-futurism.300.001,section.guideQuestions,Section Journey,next-year-in-futurism,,3,300,Why did the Kola project become difficult near its limit?,Extreme heat and physical conditions made drilling harder,The drill reached empty space under the crust,That answer changes the point: Extreme heat and physical conditions made drilling harder.,Scientists ran out of maps for Russia,That answer changes the point: Extreme heat and physical conditions made drilling harder.,The project switched to building submarines,That answer changes the point: Extreme heat and physical conditions made drilling harder.,Correct: Extreme heat and physical conditions made drilling harder.,,,,https://wsc-2026-study-routes.vercel.app/raw-content-bank.js?v=20260504f
L300_next-year-in-futurism_2_332,question.next-year-in-futurism.300.003,section.guideQuestions,Section Journey,next-year-in-futurism,,3,300,What makes a prediction “directionally right but too fast”?,It identifies a real trend but expects adoption too soon,It names the wrong inventor but the right country,That answer changes the point: It identifies a real trend but expects adoption too soon.,It uses numbers instead of stories,That answer changes the point: It identifies a real trend but expects adoption too soon.,It avoids making any specific claims,That answer changes the point: It identifies a real trend but expects adoption too soon.,Correct: It identifies a real trend but expects adoption too soon.,,,,https://wsc-2026-study-routes.vercel.app/raw-content-bank.js?v=20260504f
L300_next-year-in-futurism_3_333,question.next-year-in-futurism.300.004,section.guideQuestions,Section Journey,next-year-in-futurism,,3,300,Why is Wardenclyffe useful for studying futurism?,It shows the gap between visionary direction and practical delivery,It proves wireless communication was impossible,That answer changes the point: It shows the gap between visionary direction and practical delivery.,It shows predictions matter only when funded,That answer changes the point: It shows the gap between visionary direction and practical delivery.,It explains why towers always fail,That answer changes the point: It shows the gap between visionary direction and practical delivery.,Correct: It shows the gap between visionary direction and practical delivery.,,,,https://wsc-2026-study-routes.vercel.app/raw-content-bank.js?v=20260504f
L300_next-year-in-futurism_4_334,question.next-year-in-futurism.300.005,section.guideQuestions,Section Journey,next-year-in-futurism,,3,300,What is the difference between invention and adoption?,An invention may exist before many people can use it,Adoption always happens before invention,That answer changes the point: An invention may exist before many people can use it.,"An invention is social, while adoption is physical",That answer changes the point: An invention may exist before many people can use it.,There is no meaningful difference,That answer changes the point: An invention may exist before many people can use it.,Correct: An invention may exist before many people can use it.,,,,https://wsc-2026-study-routes.vercel.app/raw-content-bank.js?v=20260504f
L300_next-year-in-futurism_5_335,question.next-year-in-futurism.300.006,section.guideQuestions,Section Journey,next-year-in-futurism,,3,300,Why does life extension raise fairness questions?,Powerful treatments may be expensive or limited in access,Longer life would affect only private hobbies,That answer changes the point: Powerful treatments may be expensive or limited in access.,All countries would receive the same treatment equally,That answer changes the point: Powerful treatments may be expensive or limited in access.,Fairness matters only after technology is perfect,That answer changes the point: Powerful treatments may be expensive or limited in access.,Correct: Powerful treatments may be expensive or limited in access.,,,,https://wsc-2026-study-routes.vercel.app/raw-content-bank.js?v=20260504f
L300_next-year-in-futurism_6_336,question.next-year-in-futurism.300.007,section.guideQuestions,Section Journey,next-year-in-futurism,,3,300,What is retrofuturism mainly about?,Past ideas of what the future would look like,Future people studying ancient ruins,That answer changes the point: Past ideas of what the future would look like.,Modern inventions that reject history,That answer changes the point: Past ideas of what the future would look like.,A style used only in science textbooks,That answer changes the point: Past ideas of what the future would look like.,Correct: Past ideas of what the future would look like.,,,,https://wsc-2026-study-routes.vercel.app/raw-content-bank.js?v=20260504f
L300_next-year-in-futurism_7_337,question.next-year-in-futurism.300.008,section.guideQuestions,Section Journey,next-year-in-futurism,,3,300,Why is quantum computing not simply “the next laptop”?,"It is suited to special problems, not all everyday tasks",It is only a nickname for faster Wi-Fi,"That answer changes the point: It is suited to special problems, not all everyday tasks.",It works best without electricity,"That answer changes the point: It is suited to special problems, not all everyday tasks.",It cannot be studied scientifically,"That answer changes the point: It is suited to special problems, not all everyday tasks.","Correct: It is suited to special problems, not all everyday tasks.",,,,https://wsc-2026-study-routes.vercel.app/raw-content-bank.js?v=20260504f
L300_next-year-in-futurism_8_338,question.next-year-in-futurism.300.009,section.guideQuestions,Section Journey,next-year-in-futurism,,3,300,Why is relying on one “AI sign” risky?,Human and AI writing can share the same surface feature,AI writing always contains secret code,That answer changes the point: Human and AI writing can share the same surface feature.,Punctuation is unrelated to style,That answer changes the point: Human and AI writing can share the same surface feature.,Teachers cannot read alpaca work anymore,That answer changes the point: Human and AI writing can share the same surface feature.,Correct: Human and AI writing can share the same surface feature.,,,,https://wsc-2026-study-routes.vercel.app/raw-content-bank.js?v=20260504f
L300_next-year-in-futurism_9_339,question.next-year-in-futurism.300.010,section.guideQuestions,Section Journey,next-year-in-futurism,,3,300,Why do hallucinations matter in the AGI debate?,They show that fluent output is not the same as reliable understanding,They prove computers have imagination like humans,That answer changes the point: They show that fluent output is not the same as reliable understanding.,They happen only when people use bad spelling,That answer changes the point: They show that fluent output is not the same as reliable understanding.,They make every AI answer useless,That answer changes the point: They show that fluent output is not the same as reliable understanding.,Correct: They show that fluent output is not the same as reliable understanding.,,,,https://wsc-2026-study-routes.vercel.app/raw-content-bank.js?v=20260504f
L100_concluding-questions_1_019,question.concluding-questions.100.001,entry.quizQuestions,Raw Content,concluding-questions,raw.concluding-questions.001,1,100,What is the sunk cost fallacy?,Continuing mainly because much has already been invested,Stopping because the next step looks difficult,That answer changes the point: Continuing mainly because much has already been invested.,Choosing based only on future benefits,That answer changes the point: Continuing mainly because much has already been invested.,Changing goals after new information,That answer changes the point: Continuing mainly because much has already been invested.,Continuing mainly because much has already been invested.,,,,https://wsc-2026-study-routes.vercel.app/raw-content-bank.js?v=20260504f
L100_concluding-questions_2_028,question.concluding-questions.100.002,entry.quizQuestions,Raw Content,concluding-questions,raw.concluding-questions.002,1,100,Is exact waiting time always helpful?,"No, timing can sometimes increase stress","Yes, timing always improves emotions","That answer changes the point: No, timing can sometimes increase stress.","No, clocks are usually inaccurate","That answer changes the point: No, timing can sometimes increase stress.","Yes, uncertainty never helps people","That answer changes the point: No, timing can sometimes increase stress.","No, timing can sometimes increase stress.",,,,https://wsc-2026-study-routes.vercel.app/raw-content-bank.js?v=20260504f
L100_concluding-questions_3_033,question.concluding-questions.100.003,entry.quizQuestions,Raw Content,concluding-questions,raw.concluding-questions.003,1,100,What is Zeno’s dichotomy paradox about?,A journey divided into endless halfway steps,A race decided only by speed,That answer changes the point: A journey divided into endless halfway steps.,A route marked by distance but not divided into endless steps,That answer changes the point: A journey divided into endless halfway steps.,A measure of time rather than a division of distance,That answer changes the point: A journey divided into endless halfway steps.,A journey divided into endless halfway steps.,,,,https://wsc-2026-study-routes.vercel.app/raw-content-bank.js?v=20260504f
L100_concluding-questions_4_001,question.concluding-questions.100.004,entry.quizQuestions,Raw Content,concluding-questions,raw.concluding-questions.004,1,100,What is patience?,Tolerating delay or uncertainty without losing control,Avoiding every goal that takes time,That answer changes the point: Tolerating delay or uncertainty without losing control.,Knowing exactly when waiting will end,That answer changes the point: Tolerating delay or uncertainty without losing control.,Enjoying boredom in every situation,That answer changes the point: Tolerating delay or uncertainty without losing control.,Tolerating delay or uncertainty without losing control.,,,,https://wsc-2026-study-routes.vercel.app/raw-content-bank.js?v=20260504f
L100_concluding-questions_5_043,question.concluding-questions.100.005,entry.quizQuestions,Raw Content,concluding-questions,raw.concluding-questions.005,1,100,What did “the War to End All Wars” express?,A hope that major war could finally stop,A plan for permanent military expansion,That answer changes the point: A hope that major war could finally stop.,A belief that history had no conflicts,That answer changes the point: A hope that major war could finally stop.,A name for every war after 1918,That answer changes the point: A hope that major war could finally stop.,A hope that major war could finally stop.,,,,https://wsc-2026-study-routes.vercel.app/raw-content-bank.js?v=20260504f
L100_concluding-questions_6_016,question.concluding-questions.100.006,entry.quizQuestions,Raw Content,concluding-questions,raw.concluding-questions.006,1,100,What is an ambiguous ending?,An ending that leaves key meaning open to interpretation,An ending with no final scene at all,That answer changes the point: An ending that leaves key meaning open to interpretation.,An ending that repeats the opening scene,That answer changes the point: An ending that leaves key meaning open to interpretation.,An ending that explains every question,That answer changes the point: An ending that leaves key meaning open to interpretation.,An ending that leaves key meaning open to interpretation.,,,,https://wsc-2026-study-routes.vercel.app/raw-content-bank.js?v=20260504f
L100_concluding-questions_7_053,question.concluding-questions.100.007,entry.quizQuestions,Raw Content,concluding-questions,raw.concluding-questions.007,1,100,What does “we’re there” signal in a journey?,A moment of arrival or completion,A wrong turn before the start,That answer changes the point: A moment of arrival or completion.,A refusal to move forward,That answer changes the point: A moment of arrival or completion.,A route with no destination,That answer changes the point: A moment of arrival or completion.,A moment of arrival or completion.,,,,https://wsc-2026-study-routes.vercel.app/raw-content-bank.js?v=20260504f
L200_concluding-questions_1_153,question.concluding-questions.200.001,entry.quizQuestions,Raw Content,concluding-questions,raw.concluding-questions.001,2,200,Which choice best avoids the sunk cost fallacy?,Comparing future costs and benefits before continuing,Finishing every project already started,That answer changes the point: Comparing future costs and benefits before continuing.,Ignoring new evidence to stay consistent,That answer changes the point: Comparing future costs and benefits before continuing.,Counting past effort as future value,That answer changes the point: Comparing future costs and benefits before continuing.,Comparing future costs and benefits before continuing.,,,,https://wsc-2026-study-routes.vercel.app/raw-content-bank.js?v=20260504f
L200_concluding-questions_2_120,question.concluding-questions.200.002,entry.quizQuestions,Raw Content,concluding-questions,raw.concluding-questions.002,2,200,When is exact timing especially useful?,"When it helps planning, safety, or logistics",When it gives no control over events,"That answer changes the point: When it helps planning, safety, or logistics.",When it makes a long wait feel heavier,"That answer changes the point: When it helps planning, safety, or logistics.",When it replaces every decision,"That answer changes the point: When it helps planning, safety, or logistics.","When it helps planning, safety, or logistics.",,,,https://wsc-2026-study-routes.vercel.app/raw-content-bank.js?v=20260504f
L200_concluding-questions_3_154,question.concluding-questions.200.003,entry.quizQuestions,Raw Content,concluding-questions,raw.concluding-questions.003,2,200,Why does the dichotomy paradox feel convincing?,It turns one trip into infinitely many small tasks,It proves people never actually walk,That answer changes the point: It turns one trip into infinitely many small tasks.,"It treats the problem as a hard route, not an endless division",That answer changes the point: It turns one trip into infinitely many small tasks.,It says faster movement alone solves every step of the journey,That answer changes the point: It turns one trip into infinitely many small tasks.,It turns one trip into infinitely many small tasks.,,,,https://wsc-2026-study-routes.vercel.app/raw-content-bank.js?v=20260504f
L200_concluding-questions_4_117,question.concluding-questions.200.004,entry.quizQuestions,Raw Content,concluding-questions,raw.concluding-questions.004,2,200,What can help people wait more calmly?,"Trust, self-control, habit, or future reward",Ignoring the reason for the delay,"That answer changes the point: Trust, self-control, habit, or future reward.",Believing frustration never appears,"That answer changes the point: Trust, self-control, habit, or future reward.",Having no expectations at all,"That answer changes the point: Trust, self-control, habit, or future reward.","Trust, self-control, habit, or future reward.",,,,https://wsc-2026-study-routes.vercel.app/raw-content-bank.js?v=20260504f
L200_concluding-questions_5_160,question.concluding-questions.200.005,entry.quizQuestions,Raw Content,concluding-questions,raw.concluding-questions.005,2,200,What did Fukuyama’s “End of History” mainly argue?,Liberal democracy seemed to have no stronger ideological rival,Historical events would stop completely,That answer changes the point: Liberal democracy seemed to have no stronger ideological rival.,All countries had become identical democracies,That answer changes the point: Liberal democracy seemed to have no stronger ideological rival.,Politics had become unnecessary everywhere,That answer changes the point: Liberal democracy seemed to have no stronger ideological rival.,Liberal democracy seemed to have no stronger ideological rival.,,,,https://wsc-2026-study-routes.vercel.app/raw-content-bank.js?v=20260504f
L200_concluding-questions_6_135,question.concluding-questions.200.006,entry.quizQuestions,Raw Content,concluding-questions,raw.concluding-questions.006,2,200,Why might a creator choose an open ending?,To make the audience keep interpreting the story,To avoid all responsibility for structure,That answer changes the point: To make the audience keep interpreting the story.,To guarantee every viewer feels satisfied,That answer changes the point: To make the audience keep interpreting the story.,To remove emotion from the final scene,That answer changes the point: To make the audience keep interpreting the story.,To make the audience keep interpreting the story.,,,,https://wsc-2026-study-routes.vercel.app/raw-content-bank.js?v=20260504f
L200_concluding-questions_7_132,question.concluding-questions.200.007,entry.quizQuestions,Raw Content,concluding-questions,raw.concluding-questions.007,2,200,What does “where do we go next?” suggest?,Arrival can open another direction,Every journey was a mistake,That answer changes the point: Arrival can open another direction.,Destinations never matter at all,That answer changes the point: Arrival can open another direction.,Progress stops after success,That answer changes the point: Arrival can open another direction.,Arrival can open another direction.,,,,https://wsc-2026-study-routes.vercel.app/raw-content-bank.js?v=20260504f
L300_concluding-questions__220,question.concluding-questions.300.008,section.guideQuestions,Section Journey,concluding-questions,,3,300,"Start with this detail: Closure can be emotional, narrative, legal, or symbolic. Which idea gives the best comparison?",Perseverance and quitting,Arrival paradox,That answer changes the point: Perseverance and quitting.,Linear vs cyclical progress,That answer changes the point: Perseverance and quitting.,Historical endings are messy,That answer changes the point: Perseverance and quitting.,Correct: Perseverance and quitting.,"The question starts from a concrete detail in Closure vs continuation: Closure can be emotional, narrative, legal, or symbolic. It is really asking which answer handles a similar pressure. Perseverance and quitting is the best connection because it turns not-arriving into an ethical decision: continuing and stopping can both be wise depending on cost and purpose. Both ideas ask alpacas to notice that Closure is often emotional packaging. Consequences keep moving after the ending has been named.",,,WSC_2026_updated_level_100_200_300_questions.csv
L300_concluding-questions__221,question.concluding-questions.300.009,section.guideQuestions,Section Journey,concluding-questions,,3,300,Which idea gives the clearest comparison to Arrival paradox?,Linear vs cyclical progress,Historical endings are messy,That answer changes the point: Linear vs cyclical progress.,What counts as 'there',That answer changes the point: Linear vs cyclical progress.,Closure vs continuation,That answer changes the point: Linear vs cyclical progress.,Correct: Linear vs cyclical progress.,"The question starts from a concrete detail in Arrival paradox: Desire is often sustained by pursuit. It is really asking which answer handles a similar pressure. Linear vs cyclical progress is the best connection because it tests whether movement should be imagined as a line forward or as repeated return, revision, and recurrence. Both ideas ask alpacas to notice that Arrival disappoints when the imagined endpoint was doing more emotional work than the real destination can carry.",,,WSC_2026_updated_level_100_200_300_questions.csv
L300_concluding-questions__222,question.concluding-questions.300.010,section.guideQuestions,Section Journey,concluding-questions,,3,300,Which idea turns the same pressure behind Historical endings are messy into a different form?,What counts as 'there',Closure vs continuation,That answer changes the point: What counts as 'there'.,Perseverance and quitting,That answer changes the point: What counts as 'there'.,Arrival paradox,That answer changes the point: What counts as 'there'.,Correct: What counts as 'there'.,The question starts from a concrete detail in Historical endings are messy: A legal end and a lived end may differ. It is really asking which answer handles a similar pressure. What counts as 'there' is the best connection because it makes the final destination a negotiated category rather than a place; “there” depends on who is counting and why. Both ideas ask alpacas to notice that History rarely ends cleanly. It leaves residues that make the next chapter less new than it claims.,,,WSC_2026_updated_level_100_200_300_questions.csv
L300_concluding-questions__223,question.concluding-questions.300.011,section.guideQuestions,Section Journey,concluding-questions,,3,300,Which idea gives the clearest comparison for Linear vs cyclical progress?,Historical endings are messy,What counts as 'there',That answer changes the point: Historical endings are messy.,Closure vs continuation,That answer changes the point: Historical endings are messy.,Perseverance and quitting,That answer changes the point: Historical endings are messy.,Correct: Historical endings are messy.,"The question starts from a concrete detail in Linear vs cyclical progress: Some systems repeat seasons or cycles. It is really asking which answer handles a similar pressure. Historical endings are messy is the best connection because it rejects clean period breaks; historical endings leak into the next era through habits, trauma, institutions, and unfinished conflicts. Both ideas ask alpacas to notice that Linear progress is comforting because it promises distance from the past. Cyclical thinking notices returns, repetitions, and unfinished patterns.",,,WSC_2026_updated_level_100_200_300_questions.csv
L300_concluding-questions__224,question.concluding-questions.300.012,section.guideQuestions,Section Journey,concluding-questions,,3,300,Which idea carries the same logic as Perseverance and quitting?,Historical endings are messy,What counts as 'there',That answer changes the point: Historical endings are messy.,Closure vs continuation,That answer changes the point: Historical endings are messy.,Arrival paradox,That answer changes the point: Historical endings are messy.,Correct: Historical endings are messy.,"The question starts from a concrete detail in Perseverance and quitting: Perseverance is often praised. It is really asking which answer handles a similar pressure. Historical endings are messy is the best connection because it rejects clean period breaks; historical endings leak into the next era through habits, trauma, institutions, and unfinished conflicts. Both ideas ask alpacas to notice that The moral story of persistence is incomplete without cost, purpose, and the possibility that stopping is wise.",,,WSC_2026_updated_level_100_200_300_questions.csv
L300_concluding-questions_1_295,question.concluding-questions.300.001,section.guideQuestions,Section Journey,concluding-questions,,3,300,Why can sunk costs feel emotionally powerful?,People dislike feeling that past effort was wasted,People prefer decisions with no history,That answer changes the point: People dislike feeling that past effort was wasted.,Past effort always predicts future success,That answer changes the point: People dislike feeling that past effort was wasted.,Quitting removes every future problem,That answer changes the point: People dislike feeling that past effort was wasted.,Correct: People dislike feeling that past effort was wasted.,,,,https://wsc-2026-study-routes.vercel.app/raw-content-bank.js?v=20260504f
L300_concluding-questions_2_296,question.concluding-questions.300.002,section.guideQuestions,Section Journey,concluding-questions,,3,300,Why can uncertainty sometimes feel easier?,It may protect hope and reduce minute-by-minute focus,It always makes waiting shorter,That answer changes the point: It may protect hope and reduce minute-by-minute focus.,It removes the outcome completely,That answer changes the point: It may protect hope and reduce minute-by-minute focus.,It guarantees a calmer response,That answer changes the point: It may protect hope and reduce minute-by-minute focus.,Correct: It may protect hope and reduce minute-by-minute focus.,,,,https://wsc-2026-study-routes.vercel.app/raw-content-bank.js?v=20260504f
L300_concluding-questions_3_297,question.concluding-questions.300.003,section.guideQuestions,Section Journey,concluding-questions,,3,300,What does a modern mathematical response emphasize?,Infinite smaller parts can have a finite total,All paradoxes disappear if ignored,That answer changes the point: Infinite smaller parts can have a finite total.,Motion works only on short journeys,That answer changes the point: Infinite smaller parts can have a finite total.,Ancient logic cannot use examples,That answer changes the point: Infinite smaller parts can have a finite total.,Correct: Infinite smaller parts can have a finite total.,,,,https://wsc-2026-study-routes.vercel.app/raw-content-bank.js?v=20260504f
L300_concluding-questions_4_298,question.concluding-questions.300.004,section.guideQuestions,Section Journey,concluding-questions,,3,300,Why can cultures value patience differently?,They teach different attitudes toward time and restraint,They all define waiting in the same way,That answer changes the point: They teach different attitudes toward time and restraint.,Patience exists only in formal ceremonies,That answer changes the point: They teach different attitudes toward time and restraint.,Culture has no effect on emotions,That answer changes the point: They teach different attitudes toward time and restraint.,Correct: They teach different attitudes toward time and restraint.,,,,https://wsc-2026-study-routes.vercel.app/raw-content-bank.js?v=20260504f
L300_concluding-questions_5_299,question.concluding-questions.300.005,section.guideQuestions,Section Journey,concluding-questions,,3,300,Why are both claims difficult to accept today?,Later conflict showed that final closure was fragile,No one believed them when they appeared,That answer changes the point: Later conflict showed that final closure was fragile.,Peace became permanent after World War I,That answer changes the point: Later conflict showed that final closure was fragile.,Democracy disappeared immediately in 1989,That answer changes the point: Later conflict showed that final closure was fragile.,Correct: Later conflict showed that final closure was fragile.,,,,https://wsc-2026-study-routes.vercel.app/raw-content-bank.js?v=20260504f
L300_concluding-questions_6_300,question.concluding-questions.300.006,section.guideQuestions,Section Journey,concluding-questions,,3,300,How is cancellation different from deliberate ambiguity?,Cancellation interrupts resolution; design uses uncertainty on purpose,Cancellation always creates better endings,That answer changes the point: Cancellation interrupts resolution; design uses uncertainty on purpose.,Deliberate ambiguity means nothing was planned,That answer changes the point: Cancellation interrupts resolution; design uses uncertainty on purpose.,Both forms always have the same effect,That answer changes the point: Cancellation interrupts resolution; design uses uncertainty on purpose.,Correct: Cancellation interrupts resolution; design uses uncertainty on purpose.,,,,https://wsc-2026-study-routes.vercel.app/raw-content-bank.js?v=20260504f
L300_concluding-questions_7_301,question.concluding-questions.300.007,section.guideQuestions,Section Journey,concluding-questions,,3,300,Why can an ending become a threshold?,It closes one stage while opening another,It removes every future decision,That answer changes the point: It closes one stage while opening another.,It proves the journey did not matter,That answer changes the point: It closes one stage while opening another.,It makes progress impossible,That answer changes the point: It closes one stage while opening another.,Correct: It closes one stage while opening another.,,,,https://wsc-2026-study-routes.vercel.app/raw-content-bank.js?v=20260504f
FV400_001,FV400_001,fullVoyageQuestions,Full Voyage,progress-not-regress|were-all-in-this|were-all-in-this-to-get-there,,4,400,A loading bar near the end keeps people patient even though the real process may still be stuck. Which place tells the closest story?,Berlin Brandenburg Airport,Nishiyama Onsen Keiunkan,"Nishiyama Onsen Keiunkan is about endurance across centuries, not false near-completion.",Grand Hotel Europe,"Grand Hotel Europe is about luxury, memory, and cultural prestige rather than a stalled finish line.",Robie House,"Robie House matters as architectural innovation, not as a promise that kept looking nearly done.",Berlin Brandenburg Airport repeatedly seemed close to opening while delays kept pushing completion further away.,Both create an almost-finished feeling while real arrival keeps slipping away.,"When something looks almost finished, ask whether completion is real or only performed.",,
FV400_002,FV400_002,fullVoyageQuestions,Full Voyage,progress-not-regress|introductory-questions,,4,400,"A button gives people something to press, even when it may not change the system. Which public design uses the same kind of comfort?",Longer baggage-claim walks,Duty-free shopping corridors,"Duty-free corridors turn waiting into shopping, but the delay is not disguised through useful movement.",Moving sidewalks in airports,"Moving sidewalks reduce walking effort, while the baggage-claim example adds walking to reduce complaint.",Wayfinding signs in terminals,"Wayfinding signs reduce confusion, not impatience caused by an unchanged wait.","Longer baggage-claim walks keep passengers moving, so the same delay feels less empty.",Both reduce frustration by changing how waiting feels rather than shortening the wait itself.,Sometimes design changes the experience of time without changing the time itself.,,
FV400_003,FV400_003,fullVoyageQuestions,Full Voyage,more-to-do|theres-a-draft|more-to-do-than-can-ever-be-listed|theres-a-draft-in-here,,4,400,Unfinished tasks stay mentally loud after work stops. Which creative object carries a similar unfinished pressure?,A cut demo outside the final show,A finished painting in a museum,"A finished museum painting has reached official form, so it lacks the unfinished pull.",A welcome poem on a monument,"A welcome poem frames arrival and belonging, not unfinished creative pressure.",An ambient airport soundtrack,"An airport soundtrack shapes waiting, but it is not an excluded piece calling for completion.",A cut demo outside the final show keeps a trace of what nearly joined the finished work.,Both keep attention attached to something unfinished or excluded from completion.,Unfinished things can stay active even after the official process has moved on.,,
FV400_004,FV400_004,fullVoyageQuestions,Full Voyage,introductory-questions|the-end-is-nearish,,4,400,A young heir wants power before being ready. Which political move responds to the opposite fear: attention shifting too soon to the next ruler?,Elizabeth I delaying an heir,A lame-duck president,"A lame-duck president loses influence near the end, but the tactic is not hiding a successor.",A caretaker government,"A caretaker government holds power temporarily during transition, not to prevent attention shifting.",A regency council,"A regency council manages rule for someone else, but it does not capture Elizabeth’s fear of premature succession.",Elizabeth I delayed naming a successor because a known heir could pull attention away from the current ruler.,Both focus on the instability created by succession before authority is actually transferred.,Succession anxiety is often about attention as much as legal power.,,
FV400_005,FV400_005,fullVoyageQuestions,Full Voyage,next-year-in-futurism|roads-and-futures|where-were-going-well-still-need-them,,4,400,"A technology promise rises, disappoints, then survives as a limited convenience. Which future-travel dream aged that way?",Moving sidewalks,Nuclear-powered cars,Nuclear-powered cars stayed mostly in the fantasy stage rather than becoming ordinary infrastructure.,Food pills,"Food pills remained a future fantasy, not a modest convenience people use every day.",3D televisions,3D televisions reached consumers but do not match the travel-infrastructure fantasy as closely.,"Moving sidewalks did arrive, but mostly as airport infrastructure rather than a transformed urban future.",Both show a grand future becoming smaller but still real in limited places.,Some futures fail completely; others shrink into boring usefulness.,,
FV400_006,FV400_006,fullVoyageQuestions,Full Voyage,monkey-see|progress-not-regress|monkey-see-monkey-prototype,,4,400,A polished demo makes a product seem closer than it really is. Which older interface trick creates the same false readiness?,A skeleton screen before content loads,A done list after work ends,A done list records completed labor; it does not make an unfinished product look ready.,A Grand Tour itinerary,"A Grand Tour itinerary plans a journey, but it does not simulate a working product.",A road sign to a city,A road sign guides movement toward a place; it is not a fake preview of readiness.,"A skeleton screen shows the layout before the actual content arrives, creating a sense of progress before completion.",Both present a partial or staged version as if the real thing is almost ready.,Watch for previews that look like completion before the real substance arrives.,,
FV400_007,FV400_007,fullVoyageQuestions,Full Voyage,more-to-do|more-to-do-than-can-ever-be-listed,,4,400,A society trusts a number because it looks neutral. Which list-maker would understand the danger best?,Umberto Eco,Brian Eno,Brian Eno shaped airport ambience; his work manages mood more than measurement.,Frank Sinatra,"Frank Sinatra’s ending song helps think about closure, not numerical value.",Tom Hanks,"Tom Hanks’s airport role is about blocked admission, not metrics defining worth.","Umberto Eco treated lists as cultural forms, not neutral containers, so he would recognize how numbers carry values.",Both ask how lists and measurements decide what counts as meaningful.,Numbers and lists often look passive while quietly choosing what matters.,,
FV400_008,FV400_008,fullVoyageQuestions,Full Voyage,call-of-duty-free,,4,400,A traveler is physically present but not legally admitted. Which poem turns the welcome sign into a warning?,“Prospective Immigrants Please Note”,“Sea Fever”,"“Sea Fever” longs for motion and open travel, not legal exclusion.",“The Road Not Taken”,"“The Road Not Taken” turns choice into memory, not admission into a country.",“Sailing to Byzantium”,"“Sailing to Byzantium” imagines spiritual/artistic departure, not border rejection.",“Prospective Immigrants Please Note” warns that arrival may not become belonging.,Both separate being there from being accepted.,Physical arrival is weaker than real admission when a system controls the gate.,,
FV400_009,FV400_009,fullVoyageQuestions,Full Voyage,monkey-see|progress-not-regress|monkey-see-monkey-prototype,,4,400,A route is changed to reduce frustration without reducing the total wait. Which interface object uses the same emotional strategy?,A throbber,A Gini coefficient,A Gini coefficient measures inequality; it does not manage a person’s waiting experience.,A bucket list,"A bucket list organizes ambition, not moment-by-moment impatience.",A caretaker government,"A caretaker government preserves continuity during transition, not comfort during delay.","A throbber shows ongoing activity without promising an exact finish, which can make delay more tolerable.",Both reassure people that something is happening while they wait.,Movement or activity signals can make waiting feel less empty.,,
FV400_010,FV400_010,fullVoyageQuestions,Full Voyage,the-end-is-nearish|introductory-questions,,4,400,A crossing point matters before the collapse is visible. Which older idea gives that scientific warning a moral shape?,Point of no return,Bucket list,"A bucket list organizes desired experiences before death, not irreversible system change.",Grand Tour,"A Grand Tour turns travel into education and status, not threshold risk.",Done list,"A done list preserves completed work, not a crossing into irreversibility.",A point of no return marks the moment after which reversal becomes impossible or costly.,Both treat a threshold as decisive even when the consequences are not fully visible yet.,Thresholds often become clear only after the easy return has vanished.,,
FV400_011,FV400_011,fullVoyageQuestions,Full Voyage,theres-a-draft|more-to-do|more-to-do-than-can-ever-be-listed|theres-a-draft-in-here,,4,400,A cut song later finds an audience online. Which memory effect explains why unfinished material can keep calling people back?,The Zeigarnik Effect,The Hawthorne Effect,"The Hawthorne Effect concerns behavior changing under observation, not unfinished attention.",Hofstadter’s Law,"Hofstadter’s Law concerns tasks taking longer than expected, not mental return to a cut work.",Conway’s Law,"Conway’s Law links system design to organizational structure, not unfinished memory.",The Zeigarnik Effect explains why unfinished tasks or interrupted works remain active in memory.,Both keep attention attached to something that did not reach official completion.,Unfinishedness can become its own kind of visibility.,,
FV400_012,FV400_012,fullVoyageQuestions,Full Voyage,where-the-sidewalk-starts|more-to-do|more-to-do-than-can-ever-be-listed,,4,400,"A city adds more road capacity, but congestion can still get worse. Which productivity habit makes a similar promise and risk?",Adding more tasks to a list,Keeping a done list,"A done list restores evidence of completed work, which moves in the opposite direction.",Naming a successor late,"Naming a successor late manages political attention, not overload from added capacity.",Walking to baggage claim,"Walking to baggage claim changes perceived waiting, not system overload.",Adding more tasks to a list can turn a tool for control into another source of pressure.,Both show that adding more structure can backfire when the system is already overloaded.,More options or more structure do not automatically make a system work better.,,
FV400_013,FV400_013,fullVoyageQuestions,Full Voyage,introductory-questions|monkey-see|monkey-see-monkey-prototype,,4,400,A public building is designed to make waiting feel calmer instead of shorter. Which musical work shares that goal?,Music for Airports,The Four Horsemen,The Four Horsemen visualizes apocalypse; it intensifies dread rather than calming transit waiting.,Strawberry Fields Forever demo,"A Strawberry Fields demo shows creative process, not public waiting design.",The New Colossus,"The New Colossus frames immigration as welcome, not ambient comfort.","Music for Airports was designed for a public transit environment where people wait, worry, and pass through.",Both shape the emotional atmosphere of waiting rather than removing the wait.,Some art changes how a place feels before it changes what happens there.,,
FV400_014,FV400_014,fullVoyageQuestions,Full Voyage,the-end-is-nearish|theres-a-draft|theres-a-draft-in-here,,4,400,A system keeps functioning while real authority is between owners. Which creative process has the closest in-between status?,A rough draft before the final,A home demo before release,"A home demo is an early sound version, but it does not carry the same temporary authority over the whole work.",A rehearsal before performance,"A rehearsal prepares a performance, while the draft itself temporarily holds the work’s form.",A cut song after opening,A cut song survives outside the final product rather than holding the place of the final.,A rough draft keeps the work moving before the final version takes over.,Both occupy a temporary state where continuity matters but final authority has not arrived.,Temporary forms matter when they keep a system alive before the final version arrives.,,
FV400_015,FV400_015,fullVoyageQuestions,Full Voyage,progress-not-regress,,4,400,An old road still matters because later systems keep rebuilding around it. Which progress idea explains why invention is not enough?,Maintenance prevents regress,A done list records work,"A done list records labor, but it does not explain infrastructure survival.",A demo shows process,"A demo reveals an unfinished version, not the upkeep needed after completion.",A bucket list performs desire,"A bucket list displays aspiration, not the work of preserving a system.",Maintenance prevents regress because systems decay when no one keeps repairing them.,"Both show that survival depends on upkeep, not just the first act of creation.","Lasting progress usually depends on repeated care, not one dramatic invention.",,
FV400_016,FV400_016,fullVoyageQuestions,Full Voyage,home-and-wandering,,4,400,A person far from home feels home more intensely than when they lived there. Which airport situation echoes that distance from arrival?,A passenger stuck in transit,A tourist buying souvenirs,"A tourist buying souvenirs is consuming a place, not longing for an unreachable home.",A driver on Route 66,"A driver on Route 66 follows a nostalgic route, but the road itself does not block belonging.",A diner at a sidewalk café,"A sidewalk café creates public presence, not separation from home.",A passenger stuck in transit is near movement but blocked from actual arrival.,Both turn distance into emotional intensity: the desired place becomes more powerful because it cannot be fully reached.,Absence can make a place feel stronger than presence did.,,
FV400_017,FV400_017,fullVoyageQuestions,Full Voyage,theres-a-draft|monkey-see|theres-a-draft-in-here|monkey-see-monkey-prototype,,4,400,"A work looks finished enough to sell, but the substance is still missing. Which product label fits that risk?",Vaporware,Entrepôt,An entrepôt is a trade hub; it is not a false product promise.,Stroad,"A stroad is a road-street hybrid, not a missing product.",Throbber,"A throbber shows activity during loading, not a market promise that may never arrive.","Vaporware is announced or displayed as if it is coming soon, even when real delivery may not happen.",Both name a promise of arrival before the product is truly there.,Presentation can arrive long before the product does.,,
FV400_018,FV400_018,fullVoyageQuestions,Full Voyage,where-the-sidewalk-starts,,4,400,A city path appears where planners did not intend one. Which planning concept treats that informal movement as evidence?,Desire paths,Snout houses,"Snout houses show garages dominating street life, not informal paths.",Stroads,"Stroads mix street and road functions, but they are planned road types, not user-made evidence.",Wayfinding signs,Wayfinding signs guide official movement rather than reveal unofficial movement.,Desire paths reveal repeated human movement through grass or space before official design catches up.,Both value the route people actually take over the route designers expected.,Actual behavior can expose design truth better than a plan does.,,
FV400_019,FV400_019,fullVoyageQuestions,Full Voyage,call-of-duty-free,,4,400,"A host country welcomes people in poetry, but policy may refuse them in practice. Which index measures a similar inequality in movement?",Passport Index,Big Mac Index,"The Big Mac Index compares purchasing power, not border access.",Happiness Index,"The Happiness Index measures well-being, not legal mobility.",Labor Productivity,"Labor productivity measures output, not who can cross borders.",The Passport Index ranks how much mobility different passports allow.,Both show that movement is not equally available to everyone.,A promise of welcome means little if the paperwork decides otherwise.,,
FV400_020,FV400_020,fullVoyageQuestions,Full Voyage,introductory-questions|home-and-wandering,,4,400,"A series seems to end, then keeps returning with more closure. Which movie experience made that feeling famous?",The Return of the King,Back to the Future,"Back to the Future is about futurist time travel and roads, not repeated endings.",The Terminal,"The Terminal is about blocked admission, not multiple closings.",The Grand Budapest Hotel,"The Grand Budapest Hotel centers memory and hospitality, not false final scenes.",The Return of the King is famous for feeling as if it ends several times.,The shared issue is repeated near-closure: the audience feels the end before the story stops.,A story can make the end feel near several times before it truly arrives.,,
FV400_021,FV400_021,fullVoyageQuestions,Full Voyage,theres-a-draft|theres-a-draft-in-here,,4,400,A rehearsed conversation helps someone face a difficult moment before it happens. Which visual art practice works similarly?,A preparatory sketch,A passport stamp,"A passport stamp records movement already approved, not preparation.",A duty-free display,"A duty-free display sells goods in transit, not rehearsal.",A road atlas,"A road atlas guides travel, but it is not a trial version of an action.",A preparatory sketch lets an artist think through the final work in advance.,Both let someone test a version before the public or final act.,Practice versions matter because they shape what later looks finished.,,
FV400_022,FV400_022,fullVoyageQuestions,Full Voyage,introductory-questions|the-lovely-and-the-liminal,,4,400,"A place is neither starting point nor destination, but it becomes meaningful during the wait. Which public space best matches that logic?",Airport lounge,Finish line,"A finish line is an endpoint, not an in-between place.",Private bedroom,"A private bedroom is a home space, not a public transit pause.",National border fence,"A border fence marks separation, not a meaningful waiting environment.",An airport lounge is designed for people who are between departure and arrival.,Both make an in-between space into a lived experience rather than empty transit.,Some places matter precisely because they are not the destination.,,
FV400_023,FV400_023,fullVoyageQuestions,Full Voyage,where-the-sidewalk-starts|progress-not-regress,,4,400,A guide sign makes a confusing place easier to cross. Which interface tool does the same for a digital wait?,Progress bar,Passport index,"A passport index ranks travel freedom, not moment-by-moment orientation.",Doomsday Clock,"The Doomsday Clock signals danger, not practical navigation.",Bucket list,"A bucket list lists desires, not position inside a process.",A progress bar helps users understand movement toward completion during a digital task.,Both reduce uncertainty by showing where a person is within a process.,Good guidance gives uncertainty a visible shape.,,
FV400_024,FV400_024,fullVoyageQuestions,Full Voyage,call-of-duty-free,,4,400,"A hotel turns staying somewhere into status, memory, and identity. Which travel tradition made movement serve a similar social role?",The Grand Tour,The London-Calcutta bus,"The London-Calcutta bus emphasizes long-distance endurance, not elite self-fashioning.",A layover corridor,"A layover corridor is a transit path, not a social education tradition.",A desire path,"A desire path shows informal movement, not status travel.",The Grand Tour turned travel into a marker of elite formation and cultural identity.,"Both connect travel with education, status, and self-making.","Travel can be a social credential, not just a route.",,
FV400_025,FV400_025,fullVoyageQuestions,Full Voyage,monkey-see|monkey-see-monkey-prototype,,4,400,"A machine seems autonomous, but a hidden person is doing the work. Which modern technology worry echoes that disguise?",AI hiding human labor,Smart roads charging cars,"Smart roads charging cars automate infrastructure, but hidden human performance is not the key issue.",Moving sidewalks in airports,"Moving sidewalks reduce walking, not labor visibility.",Food pills replacing meals,"Food pills imagine replacing meals, not concealing workers.","AI systems can appear fully automated while relying on human labeling, moderation, or correction.",Both hide labor behind the appearance of smooth automation.,Automation questions often begin by asking whose work has disappeared from view.,,
FV400_026,FV400_026,fullVoyageQuestions,Full Voyage,the-end-is-nearish,,4,400,A doomed future image lets viewers rehearse collapse before collapse arrives. Which warning tool turns that rehearsal into a clock?,Doomsday Clock,Passport Index,"The Passport Index measures mobility power, not civilizational risk.",Big Mac Index,"The Big Mac Index compares purchasing power, not apocalypse.",Ivy Lee Method,"The Ivy Lee Method organizes daily tasks, not global danger.",The Doomsday Clock turns existential danger into a public image of nearness.,Both make possible catastrophe visible before it happens.,Some warnings make a future threat feel present.,,
FV400_027,FV400_027,fullVoyageQuestions,Full Voyage,going-pains|more-to-do|more-to-do-than-can-ever-be-listed,,4,400,A person keeps investing because quitting would make past effort feel wasted. Which travel plan has the same emotional trap?,Finishing a miserable bucket-list trip,Reading a done list,A done list records finished effort; it does not force bad continuation.,Using a skeleton screen,"A skeleton screen manages waiting, not commitment to a bad plan.",Naming a successor late,"Naming a successor late controls political attention, not sunk cost.",Finishing a miserable bucket-list trip keeps the plan alive because the person already paid or committed.,Both turn past investment into pressure to continue even when the experience no longer works.,Past effort can become a trap when it decides the future.,,
FV400_028,FV400_028,fullVoyageQuestions,Full Voyage,were-all-in-this|were-all-in-this-to-get-there,,4,400,"Observation changes behavior, making the measurement less neutral. Which classroom-style effect names that problem?",The Hawthorne Effect,Hofstadter’s Law,"Hofstadter’s Law is about underestimated time, not observation changing behavior.",Conway’s Law,"Conway’s Law links design to organization, not observed performance.",Illich’s Law,"Illich’s Law warns that too much effort can reduce productivity, not that observation alters behavior.",The Hawthorne Effect describes people changing behavior when they know they are being observed.,Both warn that measurement can change the thing being measured.,"When people know they are being measured, the measure may stop being neutral.",,
FV400_029,FV400_029,fullVoyageQuestions,Full Voyage,going-pains,,4,400,Too much work past a certain point makes output worse. Which productivity warning fits that curve?,Illich’s Law,Hawthorne Effect,"The Hawthorne Effect concerns observation, not overwork.",Conway’s Law,Conway’s Law concerns organizational structure shaping design.,Hofstadter’s Law,Hofstadter’s Law concerns schedules taking longer than expected.,Illich’s Law is often used to warn that productivity drops after too much continuous work.,Both warn that more effort can stop producing better results.,More effort is not always the same as more progress.,,
FV400_030,FV400_030,fullVoyageQuestions,Full Voyage,monkey-see|were-all-in-this|were-all-in-this-to-get-there|monkey-see-monkey-prototype,,4,400,A product’s structure reflects the team that built it. Which law makes that organizational footprint explicit?,Conway’s Law,Illich’s Law,Illich’s Law is about overwork reducing productivity.,Hawthorne Effect,The Hawthorne Effect is about behavior under observation.,Zeigarnik Effect,The Zeigarnik Effect is about unfinished tasks staying active in memory.,Conway’s Law says systems tend to mirror the communication structures of the organizations that create them.,Both show that hidden social structure can appear in the finished design.,Look at a design and you may also be seeing the organization behind it.,,
FV400_031,FV400_031,fullVoyageQuestions,Full Voyage,the-end-is-nearish,,4,400,"A prophecy fails, then believers reschedule the ending. Which software problem uses a similar delayed-near-end logic?",A release stuck in beta,A done list,"A done list points to completed work, not delayed prediction.",A duty-free corridor,"A duty-free corridor is commercial transit space, not postponed completion.",A sidewalk café,"A sidewalk café is a public social edge, not a rescheduled ending.",A release stuck in beta can look close to completion while remaining unfinished.,Both keep the promised finish alive after the expected endpoint fails.,Failed endings often survive by moving the finish line.,,
FV400_032,FV400_032,fullVoyageQuestions,Full Voyage,theres-a-draft|theres-a-draft-in-here,,4,400,A cultural object becomes more interesting because people can see the rough path behind it. Which painting pair works that way?,Despair and The Scream,The Last Judgment and Revelation,"The Last Judgment and Revelation connect source imagery to art, not draft-to-final process.",The New Colossus and Sea Fever,"The New Colossus and Sea Fever are poems about movement and welcome, not visual revision.",Doomsday Clock and Y2K,"The Doomsday Clock and Y2K are warning systems, not artwork drafts.",Despair helps show Munch working toward the emotional force of The Scream.,Both show how a rough or earlier version can reveal the route toward a famous final image.,A draft can reveal decisions that the final version hides.,,
FV400_033,FV400_033,fullVoyageQuestions,Full Voyage,call-of-duty-free,,4,400,An index ranks countries by travel freedom. Which immigration text asks the human version of that inequality?,“Prospective Immigrants Please Note”,“Sea Fever”,“Sea Fever” imagines open longing for the sea rather than unequal admission.,“The Road Not Taken”,"“The Road Not Taken” treats choice and memory, not border inequality.",“My Way”,"“My Way” narrates personal ending, not migration restriction.",“Prospective Immigrants Please Note” warns migrants that arrival may come with loss and exclusion.,Both question who can move freely and who meets barriers at arrival.,Mobility is never only about desire; it is also about permission.,,
FV400_034,FV400_034,fullVoyageQuestions,Full Voyage,call-of-duty-free,,4,400,A place sells luxury to people who are between countries. Which trade space uses the same between-status at a larger scale?,Free-trade zone,Sidewalk café,"A sidewalk café blurs public and private space, not customs law.",Snout house,A snout house shapes street life through garage design.,Regency council,"A regency council manages political authority, not trade status.",A free-trade zone changes normal customs and trade rules for goods moving through it.,Both use a special legal-economic zone between ordinary jurisdictions.,Some places make profit from being legally in-between.,,
FV400_035,FV400_035,fullVoyageQuestions,Full Voyage,introductory-questions|progress-not-regress,,4,400,"A child asks whether the destination has arrived, but the real issue is emotional time. Which design tool answers that feeling visually?",Progress bar,Passport Index,The Passport Index compares mobility rights across passports.,Caretaker government,"A caretaker government manages transition power, not impatience.",Grand Tour,The Grand Tour turns travel into education and status.,A progress bar turns waiting into a visible movement toward a finish.,Both give uncertain waiting a visible shape.,Waiting often needs a shape before it needs a faster clock.,,
FV400_036,FV400_036,fullVoyageQuestions,Full Voyage,progress-not-regress,,4,400,A famous line says history bends toward justice. Which physical law complicates that optimism?,Second Law of Thermodynamics,Hofstadter’s Law,"Hofstadter’s Law is about time estimates, not disorder.",Conway’s Law,Conway’s Law is about organizations shaping systems.,Hawthorne Effect,The Hawthorne Effect is about observation changing behavior.,"The Second Law suggests disorder increases in closed systems, which challenges easy faith in automatic progress.",Both contrast optimism about improvement with the tendency of systems to decay without work.,"Progress stories need maintenance, pressure, and repair.",,
FV400_037,FV400_037,fullVoyageQuestions,Full Voyage,roads-and-futures|where-were-going-well-still-need-them,,4,400,"A road trip sells freedom, but every mile depends on pavement, fuel, signs, and repair. Which movie fantasy hides that dependence most clearly?",Back to the Future,The Terminal,The Terminal focuses on blocked admission inside an airport.,The Return of the King,The Return of the King focuses on prolonged endings.,The Grand Budapest Hotel,The Grand Budapest Hotel uses memory and hospitality more than road dependence.,Back to the Future turns roads into symbols of future movement while still relying on infrastructure.,Both wrap freedom in motion while depending on roads and systems underneath.,Freedom stories often hide the systems that make movement possible.,,
FV400_038,FV400_038,fullVoyageQuestions,Full Voyage,progress-not-regress,,4,400,A public ranking can make a country look successful while hiding uneven lives inside it. Which social measure raises the clearest warning?,Gini coefficient,Big Mac Index,The Big Mac Index compares purchasing power through a product price.,Passport Index,The Passport Index compares travel access.,Labor productivity,"Labor productivity measures output per worker, not distribution of benefits.","The Gini coefficient focuses on inequality, so it challenges averages that hide unequal outcomes.",Both push against simple progress stories by asking how benefits are distributed.,A high number can still hide who is left out.,,
FV400_039,FV400_039,fullVoyageQuestions,Full Voyage,home-and-wandering,,4,400,A homecoming feels strange because the place is familiar but the person has changed. Which travel idea makes that mismatch easiest to see?,Return and homecoming,Grand Tour,"The Grand Tour is about formative outward travel, not the shock of return.",Duty-free shopping,Duty-free shopping is commerce during transit.,Moving sidewalk,"A moving sidewalk changes movement through space, not identity after return.",Return and homecoming focus on the emotional difference between coming back and simply arriving.,Both show that arrival back at the starting place is not the same as returning unchanged.,Returning can reveal that the journey changed the traveler.,,
FV400_040,FV400_040,fullVoyageQuestions,Full Voyage,where-the-sidewalk-starts,,4,400,A direct path through a city becomes dangerous because it tries to be a road and a street at once. Which urban form names that failed compromise?,Stroad,Desire path,A desire path is an unofficial route created by walkers.,Snout house,A snout house is a home design dominated by the garage.,Sidewalk café,A sidewalk café extends social life into public space.,"A stroad mixes high-speed road movement with local street access, often making both worse.",Both expose a design that combines functions badly rather than serving one purpose well.,Bad design often comes from trying to serve incompatible goals at once.,,
FV400_041,FV400_041,fullVoyageQuestions,Full Voyage,introductory-questions|the-end-is-nearish,,4,400,An image of apocalypse tells people where the saved and doomed end up. Which non-art object also turns danger into a visual scale?,Doomsday Clock,Passport Index,"The Passport Index visualizes mobility, not civilizational danger.",Ivy Lee list,"The Ivy Lee list organizes tasks, not catastrophe.",Skeleton screen,"A skeleton screen previews layout while content loads, not apocalypse.",The Doomsday Clock turns global risk into a visible distance from midnight.,Both translate danger and final outcomes into something viewers can see.,Visual tools can make abstract danger feel near.,,
FV400_042,FV400_042,fullVoyageQuestions,Full Voyage,theres-a-draft|theres-a-draft-in-here,,4,400,A performer repeats a scene before facing the audience. Which non-stage habit uses the same trial-before-final logic?,Practicing a difficult conversation,Collecting passport stamps,Collecting passport stamps records completed crossings.,Shopping duty-free,Shopping duty-free fills layover time but does not prepare a performance.,Reading a road sign,Reading a road sign guides movement rather than rehearses behavior.,Practicing a difficult conversation lets someone test language and emotion before the real encounter.,Both use rehearsal to reduce uncertainty before a high-stakes performance.,Rehearsal makes the future less unknown by creating a trial version of it.,,
FV400_043,FV400_043,fullVoyageQuestions,Full Voyage,theres-a-draft|home-and-wandering|theres-a-draft-in-here,,4,400,An object is valuable partly because it is not the final version. Which music example best shares that value?,A home demo sequence,A national anthem,A national anthem is an official finished symbol.,A duty-free jingle,"A duty-free jingle sells in transit, not creative process.",An airport announcement,"An airport announcement organizes passengers, not artistic revision.",A home demo sequence preserves a song before studio polish locks it into final form.,Both let people hear or see the unfinished route toward a later work.,Rough versions can matter because they show choices still in motion.,,
FV400_044,FV400_044,fullVoyageQuestions,Full Voyage,progress-not-regress|more-to-do|more-to-do-than-can-ever-be-listed,,4,400,A ranking asks whether a country has ‘arrived’ by choosing what counts as success. Which list tradition makes that choice feel less modern?,Inventories and ledgers,Done lists,"Done lists remember completed work, not national value.",Bucket lists,"Bucket lists display desired experiences, not institutional counting.",Cut musical numbers,"Cut musical numbers show creative exclusion, not social measurement.","Inventories and ledgers helped societies track what they valued, owned, or controlled.",Both show that counting is a cultural decision about what deserves attention.,Every metric begins by deciding what is worth counting.,,
FV400_045,FV400_045,fullVoyageQuestions,Full Voyage,call-of-duty-free,,4,400,"A traveler wants an authentic place, but attention and tourism change the thing being sought. Which museum-like problem matches that paradox?",Preserving ruins for visitors,Charging roads wirelessly,Wireless charging roads improve infrastructure rather than transform authenticity.,Releasing a cut demo,"Releasing a cut demo reveals unfinished art, not tourism’s effect on place.",Using a throbber,"A throbber signals loading activity, not authenticity under attention.",Preserving ruins for visitors can make the past visible while also turning it into a managed attraction.,Both risk changing the object by trying to preserve or experience it.,Looking for authenticity can become one of the forces that changes it.,,
FV400_046,FV400_046,fullVoyageQuestions,Full Voyage,were-all-in-this|the-end-is-nearish|were-all-in-this-to-get-there,,4,400,Which law would Berlin Brandenburg Airport least want printed above its entrance?,Hofstadter’s Law,Conway’s Law,"Conway’s Law would blame organizational structure, not the special irony of endless delay.",Illich’s Law,"Illich’s Law would warn about overwork reducing productivity, not schedules slipping again and again.",The Hawthorne Effect,"The Hawthorne Effect would focus on behavior under observation, not time estimates.",Hofstadter’s Law says work takes longer than expected even when delays are expected.,The joke works because the airport became a monument to delays lasting longer than expected.,Some projects do not just run late; they make lateness their identity.,,
FV400_047,FV400_047,fullVoyageQuestions,Full Voyage,theres-a-draft|theres-a-draft-in-here,,4,400,"If Munch had composed Despair instead of painting it, what would it most resemble?",A rough demo with the emotional core of a later hit,A calm ambient loop for a public terminal,Ambient public music shapes a space; it does not describe a rough version becoming a famous image.,A cut theater song restored decades later,"A restored cut song returns after exclusion, not as the direct early version of a later iconic work.",A polished cue written for a final film,"A polished film cue is already final, while Despair is valuable as visible creative process.",A rough demo with a later hit’s emotional core matches an unfinished version becoming a stronger final work.,Despair matters as an earlier form already carrying the emotional force later sharpened in The Scream.,Early versions can be powerful because they show the emotion before it becomes iconic.,,
FV400_048,FV400_048,fullVoyageQuestions,Full Voyage,call-of-duty-free,,4,400,Who would the protagonist of The Terminal understand best?,Saint Louis passengers denied safe arrival,Grand Tour travelers in Lyon,"Grand Tour travelers in Lyon are moving through education and status, not being legally trapped.",London-Calcutta bus passengers,"London-Calcutta bus passengers experience long-distance travel, not blocked admission.",Duty-free shoppers on layover,Duty-free shoppers use transit time commercially rather than facing denied admission.,Saint Louis passengers were prevented from reaching safe arrival despite the journey’s purpose.,The shared experience is blocked arrival: being near a destination does not mean being admitted.,Being present in a travel system is not the same as being allowed to arrive.,,
FV400_049,FV400_049,fullVoyageQuestions,Full Voyage,where-the-sidewalk-starts|monkey-see|monkey-see-monkey-prototype,,4,400,Which future would make a moving sidewalk feel like a prophecy that gave up?,Airport walkways replacing citywide dreams,Nuclear cars in every garage,Nuclear cars remain a fantasy of personal transport rather than a reduced version of moving sidewalks.,Food pills ending restaurants,"Food pills imagine replacing meals, not shrinking pedestrian infrastructure.",3D televisions replacing windows,"3D televisions belong to home entertainment, not the dream of effortless city movement.",Airport walkways preserve the idea but on a much smaller scale than the original dream.,The grand urban future shrinks into a narrow convenience used mostly in transit spaces.,A future can fail by becoming too ordinary to feel like the future.,,
FV400_050,FV400_050,fullVoyageQuestions,Full Voyage,progress-not-regress,,4,400,Which object would make a fake product launch look most honest?,A loading bar frozen at 99%,A passport full of stamps,"A stamped passport records completed crossings, not a stalled launch.",A done list on a desk,"A done list records finished labor, not an almost-ready promise.",A road sign at a junction,"A road sign guides movement, but it does not show fake nearness to completion.",A frozen near-complete loading bar captures the honest version of a product that keeps seeming close.,"Both admit the same thing visually: everything looks almost ready, but arrival has not happened.",Near-finished can be more misleading than clearly unfinished.,,
FV400_051,FV400_051,fullVoyageQuestions,Full Voyage,more-to-do|more-to-do-than-can-ever-be-listed,,4,400,Which visitor would Bluma Zeigarnik have the hardest time ignoring?,Someone leaving mid-song,Someone finishing a checklist,Finishing a checklist reduces mental pressure rather than creating it.,Someone entering a hotel lobby,Entering a hotel lobby starts an experience but does not necessarily interrupt one.,Someone buying a passport cover,"Buying a passport cover involves travel identity, not unfinished memory.",Someone leaving mid-song creates the unfinished pull that the Zeigarnik Effect describes.,Interrupted experience keeps attention active because the mind wants closure.,The unfinished piece is often louder than the completed one.,,
FV400_052,FV400_052,fullVoyageQuestions,Full Voyage,going-pains,,4,400,Which warning label belongs on a trophy awarded for suffering the longest?,Glorifying struggle,Sunk cost fallacy,"Sunk cost fallacy is about continuing because of past investment, not celebrating pain itself.",Hawthorne Effect,The Hawthorne Effect concerns behavior changing under observation.,Hofstadter’s Law,Hofstadter’s Law concerns time estimates running late.,Glorifying struggle rewards suffering as if suffering automatically meant growth.,"The trophy turns pain itself into proof of value, which is exactly the danger.","Pain can teach, but pain alone is not proof of progress.",,
FV400_053,FV400_053,fullVoyageQuestions,Full Voyage,home-and-wandering,,4,400,Which map would make Zeno keep sharpening his pencil?,A fog-of-war game map,A Route 66 diner map,"A Route 66 diner map is nostalgic travel imagery, not infinite divisibility.",A Grand Tour itinerary map,"A Grand Tour itinerary map lists stops, but it does not turn arrival into endless halves.",An airport duty-free map,"An airport duty-free map guides shopping and gates, not paradoxical motion.","A fog-of-war game map reveals progress gradually, making each advance create another partial distance.",The endlessly unfolding map matches the feeling that arrival keeps being divided into smaller steps.,Some journeys feel endless because each step creates another step to resolve.,,
FV400_054,FV400_054,fullVoyageQuestions,Full Voyage,progress-not-regress,,4,400,Which slogan would a placebo button whisper?,At least you did something,Everything is measured exactly,"Everything is measured exactly belongs to determinate progress, not fake control.",The work is already done,The work is already done removes the waiting problem entirely.,No one is waiting anymore,No one is waiting anymore denies the delay that makes the button useful.,At least you did something captures the feeling of agency even when the system may not change.,The button comforts by giving action without necessarily giving control.,Fake control works by making helpless time feel active.,,
FV400_055,FV400_055,fullVoyageQuestions,Full Voyage,introductory-questions|the-end-is-nearish,,4,400,Which ruler would most distrust a visible successor standing too close to the throne?,Elizabeth I,A caretaker prime minister,A caretaker prime minister accepts temporary authority rather than hiding a successor.,A lame-duck president,A lame-duck president has already lost some influence; the successor problem is not being prevented.,A regent for a child king,A regent governs for someone else rather than keeping succession unnamed.,Elizabeth I delayed naming an heir because a successor could become a rival focus of loyalty.,The issue is attention moving to the next ruler before the current one is finished.,Power can weaken before it formally ends when attention moves ahead.,,
FV400_056,FV400_056,fullVoyageQuestions,Full Voyage,the-end-is-nearish,,4,400,Which artwork turns a clock into a crowd’s nightmare?,The Doomsday Clock,Bedroom in Arles,"Bedroom in Arles explores repeated versions of a room, not shared apocalypse.",Dance (II),"Dance (II) develops a visual composition, not a countdown to collapse.",The Robie House,"The Robie House is architectural design, not a public warning symbol.",The Doomsday Clock translates civilizational danger into a visible distance from midnight.,The clock works like an image of collective fear: it makes an uncertain ending feel near.,An ending becomes more powerful when people can see it approaching.,,
FV400_057,FV400_057,fullVoyageQuestions,Full Voyage,more-to-do|more-to-do-than-can-ever-be-listed,,4,400,Which list would make a completed task feel less like it vanished?,Done list,Bucket list,A bucket list points toward desired future experiences.,To-do list,A to-do list keeps unfinished tasks visible.,Poetic list,A poetic list expands imagination rather than records completed labor.,A done list records finished work so effort does not disappear the moment it is crossed off.,The point is to preserve evidence of labor after completion.,Sometimes progress needs memory after the work is done.,,
FV400_058,FV400_058,fullVoyageQuestions,Full Voyage,the-lovely-and-the-liminal|monkey-see|monkey-see-monkey-prototype,,4,400,Which place would feel most like a sentence with no period?,An airport transit zone,A Renaissance piazza,"A Renaissance piazza is a civic gathering space, not an unresolved border state.",A sidewalk café,"A sidewalk café blurs public and private, but it is not normally a blocked transition.",A home kitchen,"A home kitchen is domestic arrival, not suspended movement.",An airport transit zone keeps people between departure and admission.,"The transit zone is built for passage, but people can get stuck inside its unfinished grammar.",Some places are designed as passages until someone cannot pass through.,,
FV400_059,FV400_059,fullVoyageQuestions,Full Voyage,monkey-see|monkey-see-monkey-prototype,,4,400,Which old promise sounds most like AI hype after the demo ends?,Vaporware,Roman roads,"Roman roads represent durable infrastructure, not overpromised software.",Grand Tour,"The Grand Tour is elite travel education, not technology hype.",The New Colossus,"The New Colossus is a welcome poem, not a product promise.",Vaporware names products advertised as coming soon without reliable delivery.,Both depend on a future-sounding promise that may outrun the delivered product.,Future language can make absence sound like arrival.,,
FV400_060,FV400_060,fullVoyageQuestions,Full Voyage,progress-not-regress,,4,400,Which road would a maintenance worker trust more than a futurist?,A repaired old road,A glowing concept road,A glowing concept road may look futuristic without proving durability.,A road in a movie poster,"A movie poster road symbolizes adventure, not reliable function.",A road on a souvenir map,"A souvenir map road sells memory, not upkeep.",A repaired old road proves that movement survives through maintenance.,The repaired road values upkeep over spectacle.,The most important future may be the one someone keeps repairing.,,
FV400_061,FV400_061,fullVoyageQuestions,Full Voyage,monkey-see|monkey-see-monkey-prototype,,4,400,Which traveler is closest to cargo in an entrepôt?,A passenger trapped in airport transit,A tourist on the Grand Tour,A Grand Tour tourist moves through chosen cultural stops.,A driver on Route 66,A Route 66 driver follows a nostalgic road journey.,A diner at a sidewalk café,"A sidewalk café diner occupies public-private city space, not a customs-like holding zone.",A passenger trapped in transit is handled by a system of movement but denied ordinary admission.,Both are present in a transfer space without being fully admitted into the destination.,Transit can make a person present without making them arrived.,,
FV400_062,FV400_062,fullVoyageQuestions,Full Voyage,home-and-wandering,,4,400,Which object would a homesick traveler overvalue?,A kitchen mug from home,A passport cover from travel,"A passport cover points to mobility and identity, not the emotional pull of home itself.",A duty-free receipt,A duty-free receipt marks transit consumption rather than belonging.,A road-construction plan,"A road-construction plan concerns infrastructure, not longing.",A kitchen mug from home can carry the place more powerfully than it did before departure.,Homesickness gives ordinary home details emotional weight from a distance.,Distance can make ordinary objects feel like proof of belonging.,,
FV400_063,FV400_063,fullVoyageQuestions,Full Voyage,concluding-questions,,4,400,Which official ending can arrive before people feel finished?,A school year closing date,A moving sidewalk ride,A moving sidewalk ride ends physically but carries little emotional or institutional closure.,A passport stamp,"A passport stamp records permission to enter, not an ending.",A hotel check-in time,A hotel check-in time starts a stay rather than closes one.,A school year closing date is an administrative finish that may not match how people feel.,The date can declare an ending even when emotional closure has not caught up.,Systems can end things before people are ready to call them over.,,
FV400_064,FV400_064,fullVoyageQuestions,Full Voyage,call-of-duty-free,,4,400,Which index would make a welcome poem nervous?,Passport Index,Happiness Index,"The Happiness Index measures well-being, not permission to cross borders.",Big Mac Index,The Big Mac Index compares purchasing power.,Labor Productivity,Labor productivity measures economic output.,The Passport Index shows that legal mobility depends heavily on nationality.,"The index exposes how unequal the ability to move can be, even when welcome is celebrated.",A welcome sounds different when mobility is not equally available.,,
FV400_065,FV400_065,fullVoyageQuestions,Full Voyage,progress-not-regress|theres-a-draft|theres-a-draft-in-here,,4,400,Which scene would make a progress bar look like theater?,A fake demo running on hidden work,A done list after a long day,A done list records work already completed.,A road sign before a turn,A road sign guides direction rather than performs progress.,A hotel lobby at check-in,"A hotel lobby begins a stay, but it is not staged technical readiness.",A fake demo can perform readiness while hiding the fragile or unfinished reality behind it.,Both can make progress visible before the underlying system is truly working.,Visible progress can be a performance when the system behind it is not ready.,,
FV400_066,FV400_066,fullVoyageQuestions,Full Voyage,where-the-sidewalk-starts,,4,400,Which sign would a stroad ignore?,Slow down and stay awhile,Merge fast and keep moving,Merge fast and keep moving sounds like the road function a stroad already privileges.,Shop here before flying,Shop here before flying belongs to airport commerce rather than street life.,Welcome back for dinner,"Welcome back for dinner points toward homecoming, not the street-road conflict.",Slow down and stay awhile matches the street function a stroad often undermines.,A stroad fails because it cannot fully behave like a street where people comfortably linger.,Bad urban design often fails by making incompatible behaviors share one space.,,
FV400_067,FV400_067,fullVoyageQuestions,Full Voyage,introductory-questions|the-lovely-and-the-liminal,,4,400,Which journey ends by changing the traveler’s status more than the map?,A rite of passage,A moving walkway,A moving walkway changes effort through space.,A duty-free loop,A duty-free loop changes shopping opportunity.,A baggage-claim walk,A baggage-claim walk changes the feeling of waiting.,"A rite of passage changes identity or status, not just location.",The journey matters because the person becomes socially different after crossing it.,"Some arrivals are social transformations, not places.",,
FV400_068,FV400_068,fullVoyageQuestions,Full Voyage,roads-and-futures|where-the-sidewalk-starts|where-were-going-well-still-need-them,,4,400,Which future promise would disappoint a city planner but still help an airport?,Moving sidewalks,Nuclear-powered cars,Nuclear cars would not especially help airports as pedestrian infrastructure.,Food pills,"Food pills concern eating, not moving through terminals.",3D televisions,"3D televisions belong to entertainment, not urban movement.","Moving sidewalks did not transform cities, but they became useful in airports.",The dream of effortless city movement narrowed into a practical transit convenience.,Reduced futures often survive where the use case is narrow enough.,,
FV400_069,FV400_069,fullVoyageQuestions,Full Voyage,more-to-do|more-to-do-than-can-ever-be-listed,,4,400,Which method admits that not everything can be done today?,Ivy Lee Method,Doomsday Clock,The Doomsday Clock measures global danger.,Passport Index,The Passport Index measures mobility power.,Mechanical Turk,The Mechanical Turk disguises human labor as machine intelligence.,The Ivy Lee Method focuses attention on a few tasks rather than an endless list.,The method forces a small daily priority list instead of pretending time is unlimited.,Prioritization is often the art of choosing what not to do.,,
FV400_070,FV400_070,fullVoyageQuestions,Full Voyage,home-and-wandering,,4,400,Which empire painting would feel at home beside a failed future forecast?,The Course of Empire: Destruction,The Triumph of Death,"The Triumph of Death shows mortality and catastrophe, but not the same rise-and-collapse arc of empire.",The Last Judgment,"The Last Judgment imagines final judgment, not a civilization’s progress failing over time.",The Great Day of His Wrath,"The Great Day of His Wrath visualizes catastrophe, but not the full historical cycle of progress and destruction.",The Course of Empire: Destruction shows a civilization’s progress turning into ruin.,Both question the assumption that history keeps moving upward.,Progress stories become fragile when decline is also part of the cycle.,,
FV400_071,FV400_071,fullVoyageQuestions,Full Voyage,progress-not-regress,,4,400,Which phrase would least comfort someone staring at a throbber?,"It is doing something, probably",It is exactly 87 percent done,Exactly 87 percent done belongs to determinate progress.,It is finished now,Finished now removes the need for a loading indicator.,It was never loading,Never loading turns the signal into failure rather than uncertainty.,"It is doing something, probably captures the weak reassurance a throbber provides.","A throbber offers only ongoing activity, not exact measurement.",Activity signals help most when exact progress is unavailable.,,
FV400_072,FV400_072,fullVoyageQuestions,Full Voyage,more-to-do|more-to-do-than-can-ever-be-listed,,4,400,Which case would make a bucket list look less like joy and more like performance?,Posting every item for proof,Keeping a private done list,A private done list remembers work without turning aspiration into display.,Forgetting an unfinished tune,Forgetting an unfinished tune relates to interrupted memory.,Repairing an old road,"Repairing an old road relates to maintenance, not performative desire.",Posting every item for proof makes the list perform identity for an audience.,Public proof turns desired experience into evidence of having lived correctly.,Aspirations change when they become proof for other people.,,
FV400_073,FV400_073,fullVoyageQuestions,Full Voyage,more-to-do|more-to-do-than-can-ever-be-listed,,4,400,Which tool would a person use to make invisible work harder to erase?,Done list,Splash screen,A splash screen fills waiting time before an app opens.,Doomsday Clock,The Doomsday Clock visualizes global risk.,Free-trade zone,A free-trade zone changes customs rules for goods.,A done list keeps completed effort visible instead of letting it vanish when crossed off.,The tool preserves evidence of work after it would normally disappear from attention.,Work that is not recorded can feel like it never happened.,,
FV400_074,FV400_074,fullVoyageQuestions,Full Voyage,where-the-sidewalk-starts,,4,400,Which urban object would Jane Jacobs trust more than a snout house?,A lively sidewalk,A private garage door,A private garage door pulls attention away from public life.,A highway ramp,"A highway ramp moves cars, not neighborhood interaction.",A blank wall,A blank wall removes social exchange from the street edge.,"A lively sidewalk keeps eyes, movement, and social contact on the street.",The lively sidewalk supports public presence and informal social life.,"Streets work better when they invite people, not only vehicles.",,
FV400_075,FV400_075,fullVoyageQuestions,Full Voyage,roads-and-futures|where-were-going-well-still-need-them,,4,400,Which traveler would a compass help most directly?,A sailor needing direction at sea,A tourist choosing a hotel,"A tourist choosing a hotel needs preference and location, not magnetic direction.",A shopper crossing duty-free,A duty-free shopper is already inside a managed corridor.,A teenager awaiting adulthood,"A teenager awaiting adulthood faces social transition, not navigation.",A sailor at sea needs direction when the open environment offers few visible paths.,The compass solves orientation when landmarks and routes are uncertain.,Some tools answer the oldest travel question: which way are we going?,,
FV400_076,FV400_076,fullVoyageQuestions,Full Voyage,more-to-do|more-to-do-than-can-ever-be-listed,,4,400,A tiny unfinished chore keeps shouting in your head while finished chores disappear from memory. What got control?,The Zeigarnik Effect,A done list,"A done list preserves finished work; it answers a different problem, the disappearance of completed effort.",The Ivy Lee Method,The Ivy Lee Method ranks daily priorities; it does not explain why one unfinished task keeps intruding.,A bucket list,A bucket list organizes desired life experiences; it is not about short-term memory pressure from unfinished work.,Choose The Zeigarnik Effect here; unfinished tasks remain louder in memory than completed ones.,The situation hides the pressure of unfinished work staying mentally active after action stops.,Unfinished work can keep acting even when no one is actively working on it.,,
FV400_077,FV400_077,fullVoyageQuestions,Full Voyage,introductory-questions,,4,400,"The final award is over, but speeches, tributes, and music keep making the night feel unfinished. What is happening?",False endings and near-endings,Point of no return,"Point of no return focuses on irreversibility after a threshold, not repeated emotional closure.",Last-chance psychology,"Last-chance psychology involves urgency before time runs out, not an ending that keeps restarting.",Caretaker government,"Caretaker government is temporary authority between regimes, not a staged sequence of almost-endings.",False endings fit because the audience keeps feeling closure before the event has really settled.,"The ceremony keeps offering closure, then pulling it away again.",An ending can be felt several times before it actually arrives.,,
FV400_078,FV400_078,fullVoyageQuestions,Full Voyage,the-end-is-nearish,,4,400,"Midnight is coming, and every choice suddenly feels heavier than it did five minutes earlier. What pressure is taking over?",Last-chance psychology,The Doomsday Clock,The Doomsday Clock measures civilizational risk; it does not explain one person’s deadline panic.,Climate tipping points,"Climate tipping points involve ecological thresholds, not a social countdown shaping immediate choices.",Lame-duck power,"Lame-duck power describes fading influence after attention moves on, not urgency before a cutoff.",The pattern belongs to Last-chance psychology: perceived finality sharpens attention and can distort judgment.,The approaching deadline changes behavior before the deadline itself arrives.,A deadline can begin changing decisions before it has actually arrived.,,
FV400_079,FV400_079,fullVoyageQuestions,Full Voyage,introductory-questions|progress-not-regress,,4,400,"A bus is still late, but the moving dot on the screen makes people stop pacing. What is the screen doing?",A progress display,A placebo button,A placebo button gives a sense of control through pressing; the screen is showing movement instead.,A skeleton screen,A skeleton screen previews layout before content arrives; this situation tracks a delayed process.,A throbber,A throbber only signals activity; the moving bus dot suggests progress toward an endpoint.,A progress display carries the same logic: it gives delay a visible shape and makes completion feel closer.,"The display turns waiting into visible movement, even when real arrival is unchanged.",Visible movement can calm people even before real arrival changes.,,
FV400_080,FV400_080,fullVoyageQuestions,Full Voyage,call-of-duty-free,,4,400,A museum exit quietly leads every visitor through the shop before daylight. What kind of design is doing the work?,A duty-free-style route,A desire path,A desire path is made by people ignoring official routes; the museum route is designed from above.,A sidewalk café,A sidewalk café invites public life to linger; it does not funnel movement toward buying.,A stroad,A stroad mixes road and street functions; it is not mainly about routing people through retail.,This points toward A duty-free-style route: the space makes shopping part of the path out.,The path turns movement into a commercial opportunity before the visitor leaves.,A route can sell without ever announcing itself as an advertisement.,,
FV400_081,FV400_081,fullVoyageQuestions,Full Voyage,progress-not-regress,,4,400,"Every morning repeats, but the person inside the repetition slowly changes. Which model fits best?",Cyclical progress,Linear progress,Linear progress would move steadily forward; this situation loops instead of advancing in a straight line.,A progress bar,"A progress bar implies visible movement toward a fixed endpoint, which the repeating day hides.",The moral arc,"The moral arc imagines justice over historical time, not personal change through repeated cycles.",Cyclical progress is the cleanest answer: repetition becomes the structure through which change happens.,The situation repeats in circles while change accumulates inside the person.,Not every movement toward change looks like a straight line.,,
FV400_082,FV400_082,fullVoyageQuestions,Full Voyage,next-year-in-futurism|where-the-sidewalk-starts,,4,400,First it was promised as a revolution; years later it survives as a tiny convenience people barely notice. What happened?,Moving sidewalks,Nuclear-powered cars,Nuclear-powered cars did not become a quiet everyday convenience; they remained mostly unrealized fantasy.,Food pills,Food pills did not replace meals; the promise failed rather than settling into a common niche.,3D televisions,3D televisions had a consumer fad but did not become a durable infrastructure convenience.,Moving sidewalks fit because a citywide travel dream became mostly a limited airport convenience.,"The promised future did arrive, but only in a smaller and more ordinary form.",A future can arrive in a much smaller form than its original promise.,,
FV400_083,FV400_083,fullVoyageQuestions,Full Voyage,the-end-is-nearish,,4,400,A royal drama avoids showing the next heir because the current ruler would instantly look temporary. What tactic does that echo?,Elizabeth I delaying an heir,A lame-duck president,A lame-duck president has already lost attention to the future; this tactic tries to prevent that shift.,A caretaker government,A caretaker government accepts temporary limits; it does not hide succession to preserve personal authority.,A regency,"A regency manages power for someone not ready to rule, rather than hiding the next ruler.",Elizabeth I delaying an heir captures the pattern: naming the successor would pull attention toward the next reign.,The tactic protects present authority by keeping the successor out of view.,Succession can weaken authority before any formal transfer happens.,,
FV400_084,FV400_084,fullVoyageQuestions,Full Voyage,theres-a-draft|monkey-see|theres-a-draft-in-here|monkey-see-monkey-prototype,,4,400,"The rehearsal gets applause, so everyone forgets there is still no working product. What trap has opened?",Fake demos and vaporware,Rough demos,Rough demos show process honestly; they usually reveal unfinishedness rather than hide it.,Prototype testing,Prototype testing checks an early model; this situation mistakes performance for delivery.,Rehearsal psychology,"Rehearsal psychology is about practice preparing behavior, not selling an illusion of completion.",Fake demos and vaporware fit because smooth presentation can make an unfinished product seem real.,A polished performance is being mistaken for actual readiness.,Polish can create a false sense that something is ready.,,
FV400_085,FV400_085,fullVoyageQuestions,Full Voyage,introductory-questions|the-lovely-and-the-liminal,,4,400,"A child walks across a stage, receives a certificate, and everyone treats them as changed. What kind of arrival is this?",A rite of passage,A Grand Tour,A Grand Tour is travel for education and status; it is not a single ceremony marking transition.,A homecoming,A homecoming returns someone to a place; the stage scene changes how others classify them.,A pilgrimage,A pilgrimage gives sacred meaning to travel; the certificate marks a social threshold.,"A rite of passage explains the situation: the crossing changes social status, not just location.",The ceremony makes a social transition visible and official.,Some arrivals matter because a community agrees the person has changed.,,
FV400_086,FV400_086,fullVoyageQuestions,Full Voyage,the-end-is-nearish,,4,400,A mural of ruins makes people argue about their own century more than about the last day of the world. What is the image doing?,Apocalyptic aesthetics,Doomsday prediction,A doomsday prediction gives a date or claim about the end; the mural works through mood and imagery.,Climate tipping point,A climate tipping point is a scientific threshold; the mural is an artistic rehearsal of collapse.,Doomsday Clock,The Doomsday Clock visualizes risk numerically; the mural makes fear into a scene.,Apocalyptic aesthetics fit because ruins and destruction become a way to rehearse cultural anxiety.,The image uses imagined ending to make present fears visible.,Images of endings often reveal what the present is afraid of.,,
FV400_087,FV400_087,fullVoyageQuestions,Full Voyage,progress-not-regress,,4,400,A country ranking looks neutral until people notice it quietly decides what counts as a good life. What is at work?,Progress as a measurement problem,Moral and social progress,"Moral and social progress concerns rights, backlash, and uneven benefit, not the value choices inside a ranking.",Personal progress is non-linear,"Personal progress is non-linear deals with plateaus and setbacks in growth, not national measurement.",Entropy and maintenance,"Entropy and maintenance warn that systems decay without upkeep, not that numbers define values.",Progress as a measurement problem carries the same logic: metrics define the goal while pretending only to report it.,The ranking does not only measure value; it chooses which values count.,A number can look neutral while carrying a theory of what matters.,,
FV400_088,FV400_088,fullVoyageQuestions,Full Voyage,home-and-wandering,,4,400,Only the ground already crossed becomes visible; every step turns the future into a partial map. What structure does this resemble?,A fog-of-war map,A Route 66 diner map,"A Route 66 diner map remembers a road already made meaningful, not a future gradually becoming visible.",A Grand Tour itinerary,A Grand Tour itinerary plans the route in advance; it does not hide the route until movement occurs.,An airport shopping map,An airport shopping map directs customers through known space rather than revealing uncertainty step by step.,This points toward A fog-of-war map: space is revealed only as the traveler explores it.,The map makes knowledge arrive gradually through movement.,Some maps do not just show movement; they decide when the world becomes knowable.,,
FV400_089,FV400_089,fullVoyageQuestions,Full Voyage,the-lovely-and-the-liminal,,4,400,"The traveler has arrived somewhere, but the lobby makes life feel paused rather than settled. What space is this?",A liminal space,A homecoming,A homecoming restores connection to a place; the lobby keeps the traveler suspended.,A sidewalk café,A sidewalk café creates public social life; the lobby creates temporary in-betweenness.,A Grand Tour stop,"A Grand Tour stop is part of educational travel, not mainly a pause between identities.","A liminal space is the cleanest answer: the traveler is between states: no longer outside, not yet settled.","The place works as a threshold, not a destination with full belonging.",Some places are defined by being between one state and another.,,
FV400_090,FV400_090,fullVoyageQuestions,Full Voyage,more-to-do|more-to-do-than-can-ever-be-listed,,4,400,Ten extreme activities are posted online less for joy than to prove the life was properly lived. What has the list become?,A bucket list as performance,A done list,"A done list records completed work, usually to preserve effort rather than display identity.",A practical to-do list,A practical to-do list organizes duties; the extreme activities are about aspiration and self-image.,A poetic list,A poetic list expands imagination; this situation is about performing completion for others.,The clue points to A bucket list as performance: the experiences become public evidence of a life well lived.,The list turns desire into identity proof for an audience.,A list can become a performance of who someone wants to be.,,
FV400_091,FV400_091,fullVoyageQuestions,Full Voyage,where-the-sidewalk-starts,,4,400,"The official path is paved, but the grass shows where people actually want to go. What is the grass path saying?",Desire path,Wayfinding sign,A wayfinding sign tells people where to go; the grass path shows what they do without being told.,Sidewalk café,A sidewalk café invites lingering in public space; the grass path reveals preferred movement.,Snout house,"A snout house prioritizes the garage face; it is about car-centered home design, not informal routing.",A desire path captures the pattern: repeated footsteps expose the route people actually choose.,The worn route reveals behavior that the planned route failed to anticipate.,Real movement often audits official design better than a plan does.,,
FV400_092,FV400_092,fullVoyageQuestions,Full Voyage,theres-a-draft|theres-a-draft-in-here,,4,400,"One more revision makes the work smoother, but the original energy starts disappearing. What tension is showing?",Draft versus final version,Fake demo,A fake demo hides unreadiness; this situation is about real revision changing the work’s feel.,Unfinished masterpiece,"An unfinished masterpiece gains meaning from incompletion, but the stem focuses on revision toward polish.",Rehearsal,Rehearsal prepares performance; it does not describe the tradeoff between draft energy and final smoothness.,Choose Draft versus final version here; revision can improve clarity while changing what the work originally carried.,The situation weighs polish against the revealing force of the unfinished version.,A final version can gain polish while losing something visible in the draft.,,
FV400_093,FV400_093,fullVoyageQuestions,Full Voyage,call-of-duty-free,,4,400,"The voyage is over, but the passengers are not allowed into the promised harbor. What kind of arrival failed?",The Saint Louis passengers,The Grand Tour,"The Grand Tour is educational elite travel, not a journey blocked at the point of refuge.",The London-Calcutta bus,"The London-Calcutta bus emphasizes long-distance passage, not denial after reaching the desired endpoint.",A pilgrimage,A pilgrimage gives sacred meaning to arrival; it does not center on political refusal of admission.,The Saint Louis passengers fit because physical travel did not become safe arrival or accepted admission.,The failure is not movement; it is admission at the destination.,Arrival can fail even after the route has been completed.,,
FV400_094,FV400_094,fullVoyageQuestions,Full Voyage,roads-and-futures|where-were-going-well-still-need-them,,4,400,"The sci-fi city promised flying freedom, but the future still needs lanes, chargers, repairs, and rules. What did the fantasy forget?",Roads as hidden foundation,Smart roads,"Smart roads add technology to infrastructure, but the stem asks what the fantasy forgot underneath everything.",Charging roads,"Charging roads imagine powering vehicles while they move; they are one upgrade, not the basic forgotten condition.",Flying-car posters,Flying-car posters sell the dream; they do not explain the infrastructure that still has to support it.,Roads as hidden foundation fit because even futuristic travel depends on maintained infrastructure.,The fantasy ignored the ordinary systems that make movement possible.,A future of movement still needs boring systems beneath the dream.,,
FV400_095,FV400_095,fullVoyageQuestions,Full Voyage,roads-and-futures|where-were-going-well-still-need-them,,4,400,The souvenir makes the road feel more legendary than the trip itself. What has taken over?,Route 66 nostalgia,Grand Tour education,"Grand Tour education used travel to build elite cultural status, not roadside memory branding.",Pilgrimage ritual,Pilgrimage ritual makes travel sacred; the souvenir road is more about nostalgia and identity.,Dark tourism,"Dark tourism focuses on tragedy and difficult history, not a romanticized road myth.",Route 66 nostalgia carries the same logic: the road survives as a cultural symbol and souvenir of travel freedom.,Memory and branding have become more important than the route as transportation.,A route can become more powerful as memory than as infrastructure.,,
FV400_096,FV400_096,fullVoyageQuestions,Full Voyage,introductory-questions,,4,400,"The paperwork says the conflict is over, but people still act as if the ending never reached them. What kind of ending is that?",An administrative ending,A point of no return,A point of no return marks lost reversibility; the issue here is official closure without emotional closure.,A last-chance deadline,"A last-chance deadline creates urgency before time runs out, not disagreement after closure is declared.",A caretaker transition,"A caretaker transition keeps authority moving temporarily, but the stem concerns whether an ending has really been felt.",This points toward An administrative ending: a system can declare closure before people experience it as finished.,The formal finish and the human finish do not arrive at the same time.,A declared ending is not always the same as a lived ending.,,
FV400_097,FV400_097,fullVoyageQuestions,Full Voyage,introductory-questions,,4,400,"The restaurant gives diners a little game while food is delayed; the kitchen is not faster, but the wait feels filled. What is this most like?",Auxiliary loading games,A progress bar,A progress bar makes movement toward completion visible; the game distracts from the wait rather than measuring it.,A placebo button,"A placebo button gives fake control; the diner is being entertained, not invited to control the kitchen.",A done list,A done list preserves completed labor; it does not manage the feeling of waiting.,Auxiliary loading games fit because they fill waiting time with play instead of speeding the process.,The wait is not shortened; attention is redirected into a small side activity.,A process can feel shorter when attention has somewhere else to go.,,
FV400_098,FV400_098,fullVoyageQuestions,Full Voyage,call-of-duty-free,,4,400,A passport score turns freedom of movement into a number on a leaderboard. What has been measured?,Passport Index,Gini Coefficient,"Gini Coefficient measures income inequality, not freedom to cross borders.",Human Development Index,"Human Development Index combines health, education, and income, not passport mobility.",Big Mac Index,"Big Mac Index compares purchasing power through burger prices, not travel access.",The clue points to Passport Index: it measures travel access and visa-free mobility across borders.,The number ranks how much mobility a passport can unlock.,Numbers can turn freedom into a ranked comparison.,,
FV400_099,FV400_099,fullVoyageQuestions,Full Voyage,home-and-wandering,,4,400,"The old bedroom is still there, but returning feels like visiting a museum of someone else. What changed?",Homecoming,Homesickness,Homesickness is longing from far away; the stem describes the discomfort of actually returning.,The Grand Tour,"The Grand Tour is educational travel, not the altered feeling of coming back.",Duty-free shopping,"Duty-free shopping happens in transit commerce, not in the emotional return to a former home.","Homecoming captures the pattern: arrival back home can feel unfamiliar after time, growth, or distance.",The return exposes that the traveler and the home have both changed.,Coming back is not always the same as recovering the old home.,,
FV400_100,FV400_100,fullVoyageQuestions,Full Voyage,call-of-duty-free,,4,400,A memorial tour sells postcards before visitors have processed the tragedy. What danger appears?,Dark tourism commercialization,Authentic tourism,Authentic tourism seeks contact with local life; the danger here is selling tragedy as a product.,Grand Tour education,"Grand Tour education used travel for cultural formation, not visiting sites of disaster or grief.",Route 66 nostalgia,"Route 66 nostalgia romanticizes a road myth, not the consumption of painful history.",Choose Dark tourism commercialization here; sites of suffering can be packaged for visitors.,The tragedy risks becoming an experience to consume before it is understood.,Travel can turn memory into merchandise if it is not handled carefully.,,
FV400_101,FV400_101,fullVoyageQuestions,Full Voyage,were-all-in-this|were-all-in-this-to-get-there,,4,400,"Everyone works harder once the observers arrive, but the work culture has not really changed. What effect is at work?",The Hawthorne Effect,The Zeigarnik Effect,"The Zeigarnik Effect concerns unfinished tasks staying active in memory, not behavior under observation.",The sunk cost fallacy,"The sunk cost fallacy keeps people committed because of past investment, not because observers arrived.",Hofstadter’s Law,"Hofstadter’s Law explains delays lasting longer than expected, not improved effort under observation.",The Hawthorne Effect explains the situation: observation itself can alter performance.,The behavior changes because people know they are being watched.,Observation can change behavior without solving the underlying system.,,
FV400_102,FV400_102,fullVoyageQuestions,Full Voyage,home-and-wandering|where-the-sidewalk-starts,,4,400,"A new road is added to reduce traffic, and everyone somehow gets home later. What lesson fits?",Braess’s Paradox,Illich’s Law,"Illich’s Law warns that too much effort can reduce productivity, not that networks worsen after added capacity.",Conway’s Law,"Conway’s Law links system design to organization structure, not traffic route choice.",Hofstadter’s Law,"Hofstadter’s Law explains schedule delays, not road networks becoming slower after expansion.",The pattern belongs to Braess’s Paradox: adding a road can increase congestion in a network.,The added route changes everyone’s choices and makes the whole network worse.,More infrastructure is not always better if the network reacts badly.,,
FV400_103,FV400_103,fullVoyageQuestions,Full Voyage,introductory-questions,,4,400,"Someone buys the trip because it is supposed to make them cultured, not because the destination matters alone. What old pattern returned?",The Grand Tour,A pilgrimage,A pilgrimage is shaped by sacred purpose; the stem emphasizes culture and social formation.,A bucket list,A bucket list collects desired experiences; it does not necessarily carry the same educational status logic.,A layover,"A layover is a pause between flights, not a journey designed to transform status.",The Grand Tour carries the same logic: elite travel was meant to produce cultural polish and status.,The journey is treated as education and social formation.,"Some journeys are meant to produce a kind of person, not just reach a place.",,
FV400_104,FV400_104,fullVoyageQuestions,Full Voyage,theres-a-draft|theres-a-draft-in-here,,4,400,Visitors love the half-finished building partly because completion would end the story they came to see. What kind of value is this?,Unfinished masterpiece,Rough demo,A rough demo is an early version on the way to something else; the building’s incompletion is being valued in itself.,Fake demo,A fake demo pretends readiness; this building is openly unfinished.,Prototype,A prototype tests a future design; the stem focuses on aesthetic and cultural value in incompletion.,This points toward An unfinished masterpiece: not being complete can become central to the work’s power.,The work’s incompletion becomes part of its meaning and appeal.,Some unfinished things matter because they never fully close.,,
FV400_105,FV400_105,fullVoyageQuestions,Full Voyage,the-lovely-and-the-liminal,,4,400,A community ceremony makes a slow change official: the child is no longer treated as a child. What has the ceremony done?,Marked a rite of passage,Created homesickness,Homesickness is longing for home from elsewhere; the ceremony is about social transition.,Started a Grand Tour,"A Grand Tour is educational travel, not a local ritual declaring a new status.",Opened a duty-free zone,"A duty-free zone changes customs rules for goods, not social status for a person.",Marking a rite of passage is the cleanest answer: the group publicly recognizes a change in status.,The ceremony turns gradual growth into a recognized social crossing.,A ritual can make a slow personal change visible to everyone.,,
FV400_106,FV400_106,fullVoyageQuestions,Full Voyage,the-lovely-and-the-liminal,,4,400,"A sitcom character walks into the kitchen, freezes, and asks why he came in. What just happened?",Doorway effect,Zeigarnik effect,"Unfinished tasks stay mentally active, but the scene is about forgetting an intention after changing rooms.",Hawthorne effect,"Observation can change behavior, but nobody is acting differently because they are being watched here.",Endowed progress effect,"A head start can increase motivation, but no artificial progress has been given in this scene.","Crossing into a new room can reset attention, making the original purpose suddenly harder to retrieve.",A change of physical context can interrupt the mental thread that carried the original intention.,"When a location change breaks a thought, think doorway effect.",,
FV400_107,FV400_107,fullVoyageQuestions,Full Voyage,more-to-do|more-to-do-than-can-ever-be-listed,,4,400,"A café song cuts off before the chorus, and the missing ending bothers you all afternoon. What explains the itch?",Zeigarnik effect,Doorway effect,"A doorway can disrupt memory, but nothing here depends on entering a new space.",Hawthorne effect,"Being observed can change behavior, but the problem here is an unfinished pattern.",Sunk cost fallacy,"Sunk cost keeps people attached to past investment, not to an interrupted ending.",The unfinished song stays active because the mind keeps trying to complete what was interrupted.,The mind gives extra attention to unfinished patterns and unresolved tasks.,Unfinished things often become louder than finished ones.,,
FV400_108,FV400_108,fullVoyageQuestions,Full Voyage,the-end-is-nearish,,4,400,A stadium has promised to open next spring for six springs in a row. Which law is laughing?,Hofstadter’s Law,Brooks’ Law,"Adding workers to a late project can make it later, but the stem focuses on repeated bad time estimates.",Conway’s Law,"Organization shape can affect design, but the problem here is duration, not structure.",Putt’s Law,"Hierarchy can hide competence, but the joke is about schedules that keep slipping.","The repeated promise of a near opening works the joke that work takes longer than expected, even when delay is already expected.",Some projects keep taking longer than expected even after everyone starts expecting delay.,"When the calendar keeps losing to reality, think Hofstadter.",,
FV400_109,FV400_109,fullVoyageQuestions,Full Voyage,were-all-in-this|were-all-in-this-to-get-there,,4,400,"A late software team doubles its staff, then spends the week coordinating meetings instead of shipping. Which law did they forget?",Brooks’ Law,Hofstadter’s Law,"Bad time estimates matter here, but the key mistake is adding people to solve lateness.",Conway’s Law,"Team structure can shape the product, but the stem focuses on staffing and coordination drag.",Laborit’s Law,"Avoiding unpleasant tasks can delay work, but the added meetings come from extra coordination.",Adding people to a late software project can make the project slower because communication costs grow.,More people can create more coordination work instead of faster completion.,More help is not always less delay.,,
FV400_110,FV400_110,fullVoyageQuestions,Full Voyage,were-all-in-this|were-all-in-this-to-get-there,,4,400,"A group has three committees, and its final slideshow looks like three separate projects glued together. Which law predicted it?",Conway’s Law,Brooks’ Law,"Extra workers can slow a project, but the clue is the product copying the organization.",Putt’s Law,"Hierarchy can distort competence, but the visible issue is structural mirroring.",Illich’s Law,"Over-effort can become harmful, but the problem here is the shape of the team becoming the shape of the product.","The divided slideshow mirrors the divided team, which is exactly the kind of pattern Conway’s Law describes.",The structure of the group can appear inside the structure of what it produces.,"When the output looks like the organization, think Conway.",,
FV400_111,FV400_111,fullVoyageQuestions,Full Voyage,going-pains|the-lovely-and-the-liminal,,4,400,"After four hours of revision, every extra hour makes the essay worse. Which warning fits?",Illich’s Law,Hawthorne effect,"Observation changes behavior, but nobody is being watched into changing their work.",90-90 rule,"The 90-90 rule jokes about unfinished work expanding, not about overwork damaging quality.",Endowed progress effect,"Artificial head starts can motivate, but the scene is about effort becoming counterproductive.",The essay gets worse because extra work has passed the point where effort still helps.,"Past a certain point, more effort can create less useful output.",More work can become less progress when energy collapses.,,
FV400_112,FV400_112,fullVoyageQuestions,Full Voyage,introductory-questions|progress-not-regress,,4,400,"A hotel elevator has a close-door button that makes guests feel calmer, but it is not connected. What is it?",Placebo button,Progress bar,"A bar makes progress visible, but the clue is a fake control.",Skeleton screen,"A skeleton layout previews missing content, but the scene is about pressing a useless control.",Splash screen,"A splash screen covers loading with branding, not with a fake button.",The button gives a feeling of control without actually controlling the door.,A control can reduce frustration even when it does not change the system.,A fake control can still change how waiting feels.,,
FV400_113,FV400_113,fullVoyageQuestions,Full Voyage,introductory-questions|progress-not-regress,,4,400,A news page loads grey boxes where headlines and images will soon appear. What is the page using?,Skeleton screen,Throbber,A throbber only signals activity; it does not preview the page layout.,Console output,"Console output shows lines of process text, not placeholder blocks for content.",Splash screen,A splash screen hides the interface at launch rather than sketching the missing content.,"The grey placeholders preview the layout, making the page feel partly present before it is fully loaded.",A page can reduce waiting stress by showing the shape of missing content before the content arrives.,"When the empty layout appears before the content, think skeleton screen.",,
FV400_114,FV400_114,fullVoyageQuestions,Full Voyage,progress-not-regress,,4,400,"If a bubble-tea index compared the same drink in cities around the world, what would it probably estimate?",Purchasing power parity,Income inequality,"Income inequality compares distribution within a society, not the price of one product across currencies.",Labor productivity,"Labor productivity measures output per worker or hour, not local buying power through a product price.",Balance of trade,"Balance of trade compares imports and exports, not what the same drink costs in different places.",Comparing the same drink across cities would work like a playful price-based estimate of purchasing power.,A familiar product can become a rough tool for comparing currency value across places.,A single-product index usually points toward purchasing power.,,
FV400_115,FV400_115,fullVoyageQuestions,Full Voyage,introductory-questions,,4,400,"A cartoon shows a vacation photo captioned, “This is not the trip.” Which artwork would understand the joke?",The Treachery of Images,The Persistence of Memory,"Melting clocks question time and memory, but the joke is about representation.","Rain, Steam and Speed","Mist and motion create speed, but the cartoon is not about movement.",The Triumph of Death,"Death and collapse dominate that work, not the difference between object and image.",The joke depends on the gap between an image and the reality it represents.,A representation can point to something without being the thing itself.,"When an image refuses to be the thing it shows, think Magritte.",,
FV400_116,FV400_116,fullVoyageQuestions,Full Voyage,theres-a-draft|theres-a-draft-in-here,,4,400,A rough painting already contains the panic that will later become a famous scream. Which work is it closest to?,Despair,The Last Judgment,"The Last Judgment stages final judgment, not a personal emotional draft.",Migration,"Migration focuses on movement and displacement, not a draft evolving into panic.",The Great Day of His Wrath,"The Great Day of His Wrath imagines catastrophe on a grand scale, not a precursor to a scream.",Despair works as a rough emotional predecessor to the later image of panic.,"An earlier version can carry the emotional core of a later, more famous work.",A draft can already contain the feeling that the final work makes famous.,,
FV400_117,FV400_117,fullVoyageQuestions,Full Voyage,roads-and-futures|where-were-going-well-still-need-them,,4,400,"A painter wants smoke, mist, and blurred motion to make speed visible. Which work fits best?","Rain, Steam and Speed",The Course of Empire: Destruction,"Destruction shows collapse, not speed made visible through mist and steam.",The Persistence of Memory,"Melting clocks distort time, but the clue is physical speed and atmosphere.",The Mystical Nativity,"The Mystical Nativity is spiritual and symbolic, not a study of modern motion.","Rain, Steam and Speed uses atmosphere and a train to make movement feel visible.","Motion can be shown through atmosphere, blur, and machinery rather than through a diagram.","Speed can be painted as weather, energy, and blur.",,
FV400_118,FV400_118,fullVoyageQuestions,Full Voyage,introductory-questions|monkey-see|monkey-see-monkey-prototype,,4,400,A composer writes music meant to calm strangers in a terminal without demanding their attention. What is it closest to?,Music for Airports,Waiting for Godot,"Waiting for Godot centers on endless expectation, but it is not music designed for a public terminal.",Sea Fever,"Sea Fever expresses the pull of travel, not a calm soundscape for waiting.",The Road Not Taken,"The Road Not Taken is about choice and retrospective meaning, not ambient public sound.",Music for Airports is built around ambient calm in a space of waiting and transit.,Sound can be designed as an atmosphere for waiting rather than as a performance to follow.,Some music is designed to change the space around the listener.,,
FV400_119,FV400_119,fullVoyageQuestions,Full Voyage,introductory-questions,,4,400,"Two figures keep saying they will leave, but they stay and wait for someone who never arrives. Which work is closest?",Waiting for Godot,The Odyssey,"The Odyssey involves long travel and return, not a static wait for a missing arrival.",Sea Fever,"Sea Fever longs for departure, while the scene is trapped in waiting.",The Road Not Taken,"The Road Not Taken reflects on choice, not on waiting for a person who never arrives.",Waiting for Godot centers on characters whose lives are organized around someone who never comes.,The situation turns waiting itself into the main action.,"When waiting becomes the whole plot, Godot is nearby.",,
FV400_120,FV400_120,fullVoyageQuestions,Full Voyage,the-lovely-and-the-liminal,,4,400,"A traveler sleeps under fluorescent lights after landing, but the border still says he has not really arrived. What kind of space is this?",Liminal space,Entrepôt,"An entrepôt stores and transfers goods, while the scene is about a person stuck between statuses.",Stroad,"A stroad mixes street and road functions, but this is not a car corridor problem.",Snout house,"A snout house centers a garage, not a human being suspended between arrival and admission.",The airport floor becomes an in-between space where arrival is physical but not fully legal or social.,The person is physically present but still between statuses.,Being somewhere is not always the same as being admitted.,,
FV400_121,FV400_121,fullVoyageQuestions,Full Voyage,call-of-duty-free|the-lovely-and-the-liminal,,4,400,A traveler buys perfume after passport control but before entering the next city. Which place makes that purchase possible?,Duty-free zone,Grand Hotel lobby,"A hotel lobby hosts travelers, but it does not create the same tax-and-border shopping condition.",Entrepôt port,"An entrepôt moves goods through trade networks, not retail perfume for passengers after passport control.",Pilgrimage hostel,"A pilgrimage hostel supports religious travel, not airport shopping between borders.",Duty-free shopping exists in a border-like commercial space between departure and arrival.,Some travel spaces turn border crossing into a special shopping condition.,Some border spaces turn transit into consumption.,,
FV400_122,FV400_122,fullVoyageQuestions,Full Voyage,where-the-sidewalk-starts,,4,400,People keep cutting across the grass until the city finally paves their diagonal route. What did planners learn from?,Desire path,Wayfinding sign,"A wayfinding sign guides people, but the route here is created by repeated use.",Stroad,"A stroad mixes traffic functions, while the clue is a pedestrian shortcut.",Moving sidewalk,"A moving sidewalk carries people mechanically, not through an informal path worn into the ground.",The diagonal track shows where people naturally go before official design catches up.,Repeated human movement can reveal the route people actually need.,Sometimes the real map is drawn by feet first.,,
FV400_123,FV400_123,fullVoyageQuestions,Full Voyage,where-the-sidewalk-starts,,4,400,A public bench is built with metal dividers so no one can lie down. What design logic is at work?,Hostile architecture,Placemaking,"Placemaking tries to make public space more welcoming, while the bench restricts use.",Wayfinding,"Wayfinding helps people navigate, but the bench is about controlling behavior.",Shared space,"Shared space reduces hard divisions between users, while this design adds physical limits.",The bench is designed to exclude certain uses while still looking like ordinary public furniture.,A public object can quietly control who is allowed to use a space comfortably.,Public design can include hidden rules about who belongs.,,
FV400_124,FV400_124,fullVoyageQuestions,Full Voyage,monkey-see|where-the-sidewalk-starts|monkey-see-monkey-prototype,,4,400,The revolution became a short corridor that mostly helps tired passengers between gates. Which old promise shrank that way?,Moving sidewalks,Nuclear-powered cars,Nuclear cars largely remained fantasy rather than becoming a quiet airport convenience.,Food pills,"Food pills represent a reduced idea of meals, not a corridor-based travel convenience.",3D television,"3D television reached consumers as entertainment, not as a movement system in public space.","Moving sidewalks were once imagined as a broader urban future, but they mostly survive as limited transit infrastructure.","Some imagined futures arrive only in a narrow, practical, reduced form.","A future can arrive, but smaller than promised.",,
FV400_125,FV400_125,fullVoyageQuestions,Full Voyage,roads-and-futures|where-were-going-well-still-need-them,,4,400,"An inventor sees global wireless messages coming, but money and infrastructure fail before the tower proves it. Which case fits?",Wardenclyffe Tower,Space elevator,"A space elevator is a proposed megastructure, but the clue is a wireless communication tower.",Q-Day,"Q-Day concerns future cryptographic risk, not an unfinished wireless infrastructure project.",Graphene batteries,"Graphene batteries concern material innovation, not a failed tower for global messages.","Wardenclyffe shows a future-facing communication idea collapsing because support, timing, and infrastructure did not line up.",A prediction can point in the right direction and still fail as a project.,Being early can still look like failure.,,
FV400_126,FV400_126,fullVoyageQuestions,Full Voyage,monkey-see|monkey-see-monkey-prototype,,4,400,"A chess machine wins applause, but a hidden person inside makes every move. Which old performance is being replayed?",Mechanical Turk,Wizard of Oz testing,"Wizard of Oz testing can use hidden human support, but the historic chess-machine performance is more exact.",Vaporware reveal,"Vaporware promises an absent product, while the machine here performs through a concealed operator.",Minimum viable product,"A minimum viable product is a real early version, not a hoax powered by someone inside.",The hidden chess player is the central trick: apparent automation depends on concealed human skill.,A machine can appear intelligent while human labor is hidden inside the performance.,"If the intelligence is secretly human, look behind the machine.",,
FV400_127,FV400_127,fullVoyageQuestions,Full Voyage,monkey-see|home-and-wandering|monkey-see-monkey-prototype,,4,400,A prototype chatbot is secretly answered by staff so designers can test reactions before building the system. What method is this?,Wizard of Oz testing,Minimum viable product,"A minimum viable product is a real usable version, not a human-operated simulation.",Proof of concept,"A proof of concept shows feasibility, but it does not necessarily simulate a full user experience.",Lean manufacturing,"Lean manufacturing reduces waste in production, not hidden human support in a fake interface.",Hidden staff make the unfinished system feel real so designers can learn from user reactions.,A product experience can be simulated before the actual system exists.,"A fake interface can be a test, but it must be handled carefully.",,
FV400_128,FV400_128,fullVoyageQuestions,Full Voyage,monkey-see|theres-a-draft|theres-a-draft-in-here|monkey-see-monkey-prototype,,4,400,"A robot walks onstage, waves, and then the costume wrinkles at the elbow. What kind of launch is this?",Staged tech demo,Paper prototype,"A paper prototype is openly rough and low-cost, not a stage performance pretending to be advanced.",User testing session,"User testing watches real reactions, but the scene is about public hype and staged readiness.",Proof of concept,"A proof of concept tests feasibility, while the wrinkle exposes performance instead of proof.",The reveal sells readiness through theater rather than through a working autonomous product.,A product can be performed as ready before it is technically ready.,A demo can become theater when readiness is only performed.,,
FV400_129,FV400_129,fullVoyageQuestions,Full Voyage,monkey-see|monkey-see-monkey-prototype,,4,400,A phone launch fails because nobody watched ordinary buyers struggle through the first setup screen. What was missing?,User testing,Storyboarding,"Storyboarding can map an experience before building it, but the clue is untested real users.",Lean manufacturing,"Lean manufacturing improves production flow, not the first-use experience of buyers.",Quality control,"Quality control catches defects, but the setup problem comes from usability being missed.",The failure comes from not observing how ordinary people actually use the product.,Watching real users can reveal problems designers do not notice from inside the project.,A product can work technically and still fail in human hands.,,
FV400_130,FV400_130,fullVoyageQuestions,Full Voyage,more-to-do|more-to-do-than-can-ever-be-listed,,4,400,"After a day of tiny errands, a worker writes down what finished so the labor does not vanish. What is that list doing?",Making completed work visible,Ranking urgent work first,"Urgency ranking belongs to prioritization systems, not to remembering completed labor.",Turning wishes into status,"Aspirational lists can perform identity, but this list records finished effort.",Keeping unfinished tasks active,"Unfinished tasks can stay mentally loud, but this list protects completed work from disappearing.",The list preserves evidence of work that would otherwise be forgotten once finished.,Completed effort can disappear emotionally unless it is deliberately recorded.,A done list changes what the mind counts as evidence.,,
FV400_131,FV400_131,fullVoyageQuestions,Full Voyage,call-of-duty-free,,4,400,"A wealthy young traveler crosses Europe to collect manners, languages, art, and social polish. What tradition is closest?",Grand Tour,Mass tourism,"Mass tourism involves broad access and scale, not elite formation through European travel.",Dark tourism,"Dark tourism centers on death or tragedy, not education and social polish.",Package holiday,"A package holiday organizes leisure travel, not a status-forming educational route.","The journey is about becoming socially and culturally polished, which works the Grand Tour tradition.","Travel can be used as education, status-building, and cultural formation.","Some travel is designed to produce identity, not just movement.",,
FV400_132,FV400_132,fullVoyageQuestions,Full Voyage,introductory-questions,,4,400,"A guided trip sells visits to prisons, battlefields, and disaster sites as its main attraction. What kind of tourism is it?",Dark tourism,Niche tourism,"Niche tourism can be specialized, but the specific focus here is tragedy.",Mass tourism,"Mass tourism describes scale and accessibility, not the emotional subject of the destination.",Authentic tourism,"Authentic tourism seeks real local experience, while this trip centers on difficult historical sites.","The itinerary is built around places associated with suffering, disaster, or death.",Some travel turns tragedy and death into the central destination.,The type of tourism depends on what kind of experience is being sold.,,
FV400_133,FV400_133,fullVoyageQuestions,Full Voyage,home-and-wandering,,4,400,"A person only understands what home meant after months of missing its smells, routines, and voices. What feeling is strongest?",Homesickness,Nostalgia,"Nostalgia looks back at the past, but the clue is longing for a home left behind.",Homecoming,"Homecoming is the return itself, while the person is still away.",Pilgrimage,"Pilgrimage is purposeful sacred travel, not longing for familiar routines and voices.",The feeling is tied to absence: distance makes ordinary home details feel painfully meaningful.,Home can become more emotionally visible when someone is separated from it.,Distance can make home more vivid than presence did.,,
FV400_134,FV400_134,fullVoyageQuestions,Full Voyage,the-lovely-and-the-liminal,,4,400,"A young heir sings as if the crown is already his, while everyone else hears a child rehearsing adulthood. What state is he in?",Liminality,Nostalgia,"Nostalgia looks backward, while the scene pushes impatiently toward a future role.",Sunk cost,"Sunk cost means staying because of past investment, not being between identities.",Retrofuturism,"Retrofuturism imagines futures through old styles, not a child rehearsing authority.",The scene works because the character is suspended between what he is and what he wants to become.,"The character is between identities: not a child exactly, but not ready for the role he imagines.",A transition can feel like wanting the destination before becoming ready for it.,,
FV400_135,FV400_135,fullVoyageQuestions,Full Voyage,the-end-is-nearish,,4,400,"A leader still has the office, but cameras, donors, and rivals are already looking past him. What period has begun?",Lame-duck period,Caretaker government,"A caretaker government temporarily manages transition with limited authority, but the clue is a weakening outgoing leader.",Regency,"A regency governs for someone unable to rule, not for a leader losing influence near the end.",Succession delay,"Succession delay hides the next ruler, while the scene shows everyone already looking beyond the current one.","The leader still holds office, but political power has already started shifting to the next phase.",Authority on paper can survive after real attention has moved elsewhere.,Power can end socially before it ends legally.,,
FV500_REAL_001,FV500_REAL_001,fullVoyageQuestions,Full Voyage,progress-not-regress,,5,500,"In Groundhog Day, Phil Connors relives February 2 again and again; the calendar barely moves, but his character slowly changes. What does his loop best illustrate?",Cyclical progress,False ending,"False ending deals with closure arriving too early, not growth through repetition.",Placebo progress,Placebo progress makes waiting feel active without proving real change.,Caretaker power,"Caretaker power describes temporary authority, not repeated personal growth.","The repeated day creates change through cycles, not through a straight line forward.",The outside story makes progress happen through repetition rather than straight movement forward.,Progress can circle back and still change someone.,,https://en.wikipedia.org/wiki/Groundhog_Day_(film)
FV500_REAL_002,FV500_REAL_002,fullVoyageQuestions,Full Voyage,home-and-wandering,,5,500,"In The Truman Show, Truman Burbank discovers that his hometown, job, and neighbors were staged for an audience long before he noticed. What is the sharpest reading of that setup?",Staged authenticity,Homesickness,"Homesickness is about longing for home, not discovering that home was a set.",Done list,A done list preserves finished work; it does not expose a staged world.,Moral arc,"The moral arc concerns justice over time, not a manufactured reality.",Truman’s town feels authentic until the machinery of performance is exposed.,The outside story turns normal life into a performance that only looked authentic.,"When reality is arranged for display, authenticity becomes unstable.",,https://en.wikipedia.org/wiki/The_Truman_Show
FV500_REAL_003,FV500_REAL_003,fullVoyageQuestions,Full Voyage,more-to-do|more-to-do-than-can-ever-be-listed,,5,500,"In Memento, Leonard Shelby uses notes, photos, and tattoos so his future self can keep acting despite short-term memory loss. What idea does that tool kit most resemble?",Externalized memory,Done list,"A done list records completed work, while this system preserves instructions for future action.",Bucket list,"A bucket list turns desire into a life inventory, not a memory aid for survival.",False ending,A false ending makes closure unstable; memory failure is the real pressure here.,The notes and tattoos move memory outside the mind so action can continue.,The outside story turns memory into a visible system that carries tasks across time.,"A list can become a substitute for memory, not just a reminder.",,https://en.wikipedia.org/wiki/Memento_(film)
FV500_REAL_004,FV500_REAL_004,fullVoyageQuestions,Full Voyage,introductory-questions,,5,500,"At the end of Inception, Cobb watches a spinning top that may or may not fall, leaving viewers unsure whether the final world is real. What kind of ending is being created?",Unstable ending,Point of no return,Point of no return is about crossing a threshold that cannot be undone.,Last-chance pressure,"Last-chance pressure changes decisions under urgency, not under ambiguity.",Linear progress,"Linear progress assumes a clear forward line, which the ending refuses.",The spinning top gives closure and uncertainty at the same time.,The outside scene makes closure arrive without settling the reality of the ending.,An ending can close the story while leaving the answer open.,,https://en.wikipedia.org/wiki/Inception
FV500_REAL_005,FV500_REAL_005,fullVoyageQuestions,Full Voyage,introductory-questions,,5,500,"In The Matrix, Neo takes the red pill and can no longer return to the comfortable illusion he lived in before. What kind of threshold has he crossed?",Point of no return,False ending,"False ending concerns premature closure, not an irreversible awakening.",Waiting effect,Waiting effect is about anticipation changing experience before arrival.,Done list,A done list records completed labor; it does not describe irreversible choice.,The red pill makes return impossible; knowledge changes the available path.,"The outside scene is a threshold: after the choice, the old world cannot simply be restored.",A threshold matters when crossing it changes every later option.,,https://en.wikipedia.org/wiki/The_Matrix
FV500_REAL_006,FV500_REAL_006,fullVoyageQuestions,Full Voyage,home-and-wandering,,5,500,"At the end of The Wizard of Oz, Dorothy realizes the place she wanted was tied to belonging and family all along. What has she learned about arrival?",Home as meaning,Homesickness,Homesickness is longing from far away; the scene is about understanding what home means after return.,Duty-free transit,"Duty-free transit is movement through commercial limbo, not a return to belonging.",Grand Tour polish,"Grand Tour polish turns travel into education and status, not homecoming.","Dorothy learns that home depends on belonging, not only on reaching a place.",The outside story treats home as emotional belonging rather than just a location on a map.,Home can be a meaning someone recognizes only after leaving.,,https://en.wikipedia.org/wiki/The_Wizard_of_Oz
FV500_REAL_007,FV500_REAL_007,fullVoyageQuestions,Full Voyage,home-and-wandering,,5,500,"In Cast Away, Chuck Noland survives years away, returns alive, and finds that the life he imagined waiting for him has moved on. What kind of return is this?",Changed homecoming,Homesickness,"Homesickness names longing while away, but the hard part here is return after absence.",Wayfinding signs,"Wayfinding signs solve navigation, not the emotional mismatch of homecoming.",Airport lounge,"An airport lounge is a waiting space, not a changed return.","Chuck returns physically, but the life he imagined has already changed.",The outside story separates physical return from emotional restoration.,Arrival can be real while homecoming remains incomplete.,,https://en.wikipedia.org/wiki/Cast_Away
FV500_REAL_008,FV500_REAL_008,fullVoyageQuestions,Full Voyage,monkey-see|monkey-see-monkey-prototype,,5,500,"Fyre Festival sold paradise through polished promotion, then guests arrived to broken logistics and missing basics. What does the disaster most resemble?",Vaporware promise,Reduced future,"Reduced future describes a promise that survives in smaller form, not a collapse on arrival.",Auxiliary game,An auxiliary game distracts people while they wait; it does not sell a fake destination.,Skeleton screen,"A skeleton screen simulates loading, while the festival sold a whole fake experience.",The promotion sold a finished paradise before the real system existed.,The outside event sold an arrival before the real system could support it.,A beautiful promise can arrive before the infrastructure behind it.,,https://en.wikipedia.org/wiki/Fyre_Festival
FV500_REAL_009,FV500_REAL_009,fullVoyageQuestions,Full Voyage,monkey-see|monkey-see-monkey-prototype,,5,500,"Theranos presented the Edison device as if it already worked, while the real technology was far less ready. What kind of prototype problem is on display?",Fake demo,Rough draft,A rough draft openly shows unfinished work; the problem here is pretending the work is ready.,Done list,"A done list records completed labor, not a device that performs readiness.",Grand Tour,"The Grand Tour is travel as education and status, not technology readiness.",The display of readiness hides the gap between presentation and working reality.,The outside case turns a promise of readiness into a performance before the system can deliver.,A demo becomes dangerous when it performs completion instead of proving it.,,https://en.wikipedia.org/wiki/Theranos
FV500_REAL_010,FV500_REAL_010,fullVoyageQuestions,Full Voyage,the-end-is-nearish,,5,500,The Sagrada Família began in the 1880s and kept inviting new completion timelines long after its original builders were gone. Which law would be least surprised?,Hofstadter's Law,Conway's Law,"Conway's Law links designs to the organizations that make them, not to repeated schedule slippage.",Hawthorne Effect,"The Hawthorne Effect changes behavior through observation, not through expanding deadlines.",Zeigarnik Effect,"The Zeigarnik Effect keeps unfinished tasks mentally active, but it is not a scheduling law.",The project keeps outlasting every expectation about when completion should arrive.,The outside project makes delayed completion feel almost built into the schedule itself.,Some projects make time estimates part of the problem.,,https://en.wikipedia.org/wiki/Sagrada_Fam%C3%ADlia
FV500_REAL_011,FV500_REAL_011,fullVoyageQuestions,Full Voyage,the-end-is-nearish,,5,500,"Duke Nukem Forever spent years being announced, redesigned, delayed, and joked about before finally appearing. Which law would have warned the developers?",Hofstadter's Law,Conway's Law,"Conway's Law explains how organizations shape designs, not why a release keeps slipping.",Hawthorne Effect,The Hawthorne Effect is about behavior changing under observation.,Doorway Effect,"The Doorway Effect is a memory lapse tied to crossing spaces, not a delayed project.",Every new deadline becomes part of the delay it was supposed to end.,The outside case turns a release date into a moving target.,A delayed launch can become famous for the delay itself.,,https://en.wikipedia.org/wiki/Duke_Nukem_Forever
FV500_REAL_012,FV500_REAL_012,fullVoyageQuestions,Full Voyage,roads-and-futures|where-were-going-well-still-need-them,,5,500,"The Segway was announced as the future of city movement, then mostly became a niche tool instead of transforming daily life. What happened to the promise?",Reduced future,Pure vaporware,Pure vaporware would mean the promise never meaningfully arrived at all.,Ritual ending,"A ritual ending is a declared closure, not a disappointed technology future.",Done list,"A done list records finished work, not a future that shrank.","The promised revolution survives as a smaller, less world-changing convenience.",The outside case did not vanish; it shrank from revolution into limited use.,"Some futures arrive, but much smaller than advertised.",,https://en.wikipedia.org/wiki/Segway
FV500_REAL_013,FV500_REAL_013,fullVoyageQuestions,Full Voyage,roads-and-futures|where-were-going-well-still-need-them,,5,500,"Google Glass launched as a glimpse of everyday augmented life, then survived mostly in narrower professional uses. What happened to that future?",Reduced future,False ending,"False ending is about closure that arrives too early, not a future that shrinks.",Bucket list,A bucket list turns desire into an inventory of experiences.,Caretaker power,"Caretaker power is temporary political authority, not technology adoption.",The product shrinks from public future to narrower professional tool.,"The outside case shows a futuristic promise that does not disappear, but becomes much narrower.",A future can fail as a revolution while surviving as a tool.,,https://en.wikipedia.org/wiki/Google_Glass
FV500_REAL_014,FV500_REAL_014,fullVoyageQuestions,Full Voyage,theres-a-draft|theres-a-draft-in-here,,5,500,"Banksy’s Girl with Balloon was sold at auction, then partly shredded itself and became a different finished object. What kind of final version did the sale create?",Unstable final version,Apocalyptic landscape,"An apocalyptic landscape turns destruction into a moral image, but this event is about finality and revision.",Grand Tour memory,"Grand Tour memory concerns travel and cultural education, not a changing artwork.",Passport ranking,"Passport ranking measures mobility, not artistic completion.",The auction turns a supposedly finished object into a new unfinished-afterlife version.,The outside event makes the finished artwork turn back into process at the moment of sale.,A final form can become unstable when process returns in public.,,https://en.wikipedia.org/wiki/Love_Is_in_the_Bin
FV500_REAL_015,FV500_REAL_015,fullVoyageQuestions,Full Voyage,the-end-is-nearish,,5,500,"Picasso’s Guernica turns the bombing of a town into fractured bodies, panic, and moral accusation. What role is the painting playing?",Apocalyptic aesthetics,Staged authenticity,"Staged authenticity deals with performed realness, not an image of violent collapse.",Draft revision,"Draft revision is about changing versions before completion, not disaster imagery.",Route nostalgia,Route nostalgia romanticizes travel memory rather than confronting catastrophe.,The painting makes destruction visible as a moral and emotional landscape.,The outside artwork makes catastrophe visible so viewers can confront it as more than a report.,Art can make slow or distant disaster emotionally visible.,,https://en.wikipedia.org/wiki/Guernica_(Picasso)
FV500_REAL_016,FV500_REAL_016,fullVoyageQuestions,Full Voyage,the-lovely-and-the-liminal,,5,500,"Eagles’ Hotel California imagines a hotel where leaving sounds possible, but escape never really happens. What kind of threshold is the hotel?",Trapped threshold,Homesickness,"Homesickness is longing for home, not being unable to exit a strange place.",Done list,A done list records completed work; it does not trap a traveler.,Linear progress,Linear progress assumes forward movement toward a clear endpoint.,"The hotel looks like a passage, but it functions as a trap.",The outside song turns a place of arrival into a space that refuses release.,Some places feel transitional until they stop letting people leave.,,https://en.wikipedia.org/wiki/Hotel_California
FV500_REAL_017,FV500_REAL_017,fullVoyageQuestions,Full Voyage,the-end-is-nearish,,5,500,"At the Times Square New Year’s Eve ball drop, the city counts down to midnight, then treats one second as the end of a whole era. What is the countdown doing to time?",Narrated ending,False prototype,A false prototype is about unfinished technology pretending to be ready.,Wayfinding system,"A wayfinding system helps navigation, not symbolic closure.",Sunk cost,Sunk cost keeps people committed because of past investment.,The crowd gives one second the power to close one year and open another.,The outside event turns a calendar change into a public emotional ending.,Some endings become real because people perform them together.,,https://en.wikipedia.org/wiki/Times_Square_Ball
FV500_REAL_018,FV500_REAL_018,fullVoyageQuestions,Full Voyage,progress-not-regress,,5,500,"In Black Mirror: Nosedive, every social interaction receives a rating until a person’s number starts deciding access, status, and future. What is the number doing to people?",Measuring human worth,Progress bar design,"Progress bar design measures task completion, not social ranking.",Homecoming,"Homecoming deals with return and belonging, not score-based access.",Rough demo,A rough demo shows an early version before a final form.,The rating stops reporting status and starts controlling access to life.,The outside story turns a human life into a visible score that controls opportunity.,A metric becomes powerful when people start living inside it.,,https://en.wikipedia.org/wiki/Nosedive_(Black_Mirror)
FV500_REAL_019,FV500_REAL_019,fullVoyageQuestions,Full Voyage,where-the-sidewalk-starts,,5,500,"IKEA guides shoppers through a long preset showroom path, making wandering feel like choosing. What is the layout quietly doing?",Infrastructure shapes behavior,Homesickness,"Homesickness is emotional distance from home, not a designed shopping route.",False ending,"A false ending makes closure unstable, not navigation controlled.",Apocalyptic art,"Apocalyptic art visualizes collapse, not consumer movement.","The showroom path quietly organizes what shoppers see, miss, and do next.",The outside situation shows a route quietly steering choices while still feeling optional.,A path can guide behavior without announcing that it is doing so.,,https://en.wikipedia.org/wiki/IKEA
FV500_REAL_020,FV500_REAL_020,fullVoyageQuestions,Full Voyage,introductory-questions,,5,500,"Disney-style amusement-park queues give visitors story details, objects, and scenes before the ride begins. What is the queue doing to the wait?",Occupied waiting,Passport power,"Passport power measures international mobility, not a designed line.",Moral arc,"The moral arc concerns justice over time, not waiting design.",Caretaker power,Caretaker power is temporary authority during transition.,The queue turns delay into part of the entertainment instead of empty time.,The outside situation fills waiting time with activity so delay feels less empty.,Waiting feels different when the wait is given something to do.,,https://en.wikipedia.org/wiki/Queue_area
FV500_REAL_021,FV500_REAL_021,fullVoyageQuestions,Full Voyage,introductory-questions,,5,500,"During the Olympic torch relay, the flame’s journey becomes a public ceremony across many places before it reaches the cauldron. What is the flame’s journey doing?",Ritualized arrival,Vaporware promise,"Vaporware promise sells something not ready, rather than ceremonial movement.",Doorway memory,Doorway memory concerns forgetting after crossing a boundary.,Snout house,A snout house is an architectural pattern centered on garages.,"The flame’s journey makes arrival feel public, gradual, and ceremonial.",The outside ceremony turns arrival into a process people witness before the endpoint.,Ceremony can make the road to arrival part of the arrival.,,https://en.wikipedia.org/wiki/Olympic_flame
FV500_REAL_022,FV500_REAL_022,fullVoyageQuestions,Full Voyage,progress-not-regress,,5,500,"In The Good Place, characters keep rebooting into the same test world, but moral learning slowly survives the resets. What kind of progress survives the loops?",Nonlinear progress,Fixed destination,A fixed destination would make progress depend only on reaching one endpoint.,Duty-free transit,Duty-free transit is commercial movement through a border zone.,Fake demo,A fake demo performs readiness before the thing works.,Moral growth survives through resets instead of moving in a clean straight line.,"The outside story makes improvement survive loops, setbacks, and repeated failure.",Repeated failure can still be part of real growth.,,https://en.wikipedia.org/wiki/The_Good_Place
FV500_REAL_023,FV500_REAL_023,fullVoyageQuestions,Full Voyage,more-to-do|more-to-do-than-can-ever-be-listed,,5,500,"In Up, Carl Fredricksen ties balloons to his house to fulfill an old adventure dream that life kept postponing. What pressure finally sends the house flying?",Bucket-list pressure,Hawthorne Effect,The Hawthorne Effect changes behavior when people know they are being observed.,Caretaker authority,"Caretaker authority manages power during transition, not personal aspiration.",Big Mac measure,A Big Mac measure compares economic purchasing power.,The flight turns a postponed dream into proof that the adventure still matters.,The outside story turns an unfinished life desire into a concrete mission before time runs out.,A dream can become a checklist when time feels finite.,,https://en.wikipedia.org/wiki/Up_(2009_film)
FV500_REAL_024,FV500_REAL_024,fullVoyageQuestions,Full Voyage,roads-and-futures|where-were-going-well-still-need-them,,5,500,"In The Great Gatsby, the green light keeps promising a future Gatsby can see, but never truly reach. What does the green light keep producing?",Delayed arrival,Done list,"A done list preserves completed labor, not an unreachable future.",Throbber,A throbber shows ongoing activity without exact progress.,Lame duck,A lame duck holds office while losing influence.,The green light keeps the future visible but never truly reachable.,The outside symbol makes the future visible while keeping it out of reach.,A visible goal can be powerful precisely because it remains unreachable.,,https://en.wikipedia.org/wiki/The_Great_Gatsby
FV500_REAL_025,FV500_REAL_025,fullVoyageQuestions,Full Voyage,more-to-do|more-to-do-than-can-ever-be-listed,,5,500,"In Tetris, falling blocks keep arriving faster than they can be cleared, so order becomes harder the longer the game continues. What problem does the game turn into?",Overload by accumulation,Grand Tour polish,"Grand Tour polish is travel as education and status, not accumulation pressure.",Homecoming,Homecoming concerns returning and belonging.,Moral arc,"The moral arc imagines justice across history, not piling tasks.",The system meant for order becomes harder as unfinished pieces accumulate.,The outside game turns sorting and clearing into a battle against endless accumulation.,A system for order can become another source of pressure when items never stop arriving.,,https://en.wikipedia.org/wiki/Tetris
FV500_REAL_026,FV500_REAL_026,fullVoyageQuestions,Full Voyage,theres-a-draft|theres-a-draft-in-here,,5,500,"Taylor Swift re-recorded older albums as Taylor’s Version, so the same songs returned with a new ownership status. What kind of return is she creating?",Return with revision,Homesickness,"Homesickness is longing for home, not reclaiming older work.",False doomsday,False doomsday predicts an ending that does not arrive.,Road network,"A road network is physical infrastructure, not artistic return.","The songs return with changed ownership, so repetition becomes revision.","The outside case makes return an act of revision, not simple repetition.",Returning to an old work can change what the work now means.,,https://en.wikipedia.org/wiki/Taylor_Swift_masters_dispute
FV500_REAL_027,FV500_REAL_027,fullVoyageQuestions,Full Voyage,theres-a-draft|theres-a-draft-in-here,,5,500,"During Jaws, the mechanical shark barely worked, so Spielberg showed less of it and let absence create suspense. What did the broken shark become?",Constraint becomes method,Passport index,"A passport index ranks mobility, not production constraints.",Caretaker rule,Caretaker rule limits temporary power during transition.,Duty-free loop,"A duty-free loop turns transit into shopping, not suspense.",The technical weakness becomes part of the film’s suspense method.,The outside production problem turns an unfinished tool into a stronger artistic technique.,A flaw in process can become part of the final effect.,,https://en.wikipedia.org/wiki/Jaws_(film)
FV500_REAL_028,FV500_REAL_028,fullVoyageQuestions,Full Voyage,introductory-questions,,5,500,"When a rocket launch is scrubbed at the last moment, the countdown still made everyone feel the mission had almost begun. What does the scrubbed countdown create?",Near-ending pressure,Nostalgia tourism,"Nostalgia tourism romanticizes remembered places, not a delayed start.",Bucket list,A bucket list turns life desires into a checklist.,Snout house,A snout house is a house dominated by its garage.,The countdown creates almost-arrival even when the launch never happens.,The outside event shows how a countdown can create emotional arrival before the action actually happens.,A countdown can make “almost” feel like an event of its own.,,https://en.wikipedia.org/wiki/Launch_status_check
FV500_REAL_029,FV500_REAL_029,fullVoyageQuestions,Full Voyage,introductory-questions,,5,500,"Love-lock bridges became famous not for where they lead, but because couples attach locks there to perform permanence. What are the locks doing to the bridge?",Performed belonging,Airport lounge,"An airport lounge is a waiting space, not a ritualized place of attachment.",Console output,"Console output reports technical process, not emotional belonging.",Moral arc,The moral arc is a story about justice over time.,The locks make the bridge meaningful through repeated public gestures of attachment.,The outside practice turns a passage structure into a ritual site for identity and memory.,People can turn infrastructure into a symbolic destination.,,https://en.wikipedia.org/wiki/Love_lock
FV500_REAL_030,FV500_REAL_030,fullVoyageQuestions,Full Voyage,call-of-duty-free,,5,500,"In the Mona Lisa gallery at the Louvre, visitors often photograph the painting first, while the crowd and glass change the experience of seeing it. What is the crowd doing to authenticity?",Authenticity under attention,Hofstadter schedule,A Hofstadter schedule is about time estimates taking longer than expected.,Caretaker power,Caretaker power is temporary political authority.,Done list,A done list preserves evidence of completed work.,The crowd and cameras change the experience they came to preserve.,The outside situation shows how trying to capture an authentic encounter can alter the encounter itself.,Attention can damage the authenticity it came to find.,,https://en.wikipedia.org/wiki/Mona_Lisa
FV500_REAL_056,FV500_REAL_056,fullVoyageQuestions,Full Voyage,progress-not-regress,,5,500,"In Parasite, the Kim family climbs back down into flooded streets after leaving the Park house above them. What social measurement does that image attack most directly?",Vertical inequality,Passport mobility,"Passport mobility measures how freely people cross borders, not how unequal life feels inside one city.",Done-list pride,"Done-list pride is about remembering completed work, not measuring social distance.",Auxiliary play,Auxiliary play distracts people during waiting; it does not expose class hierarchy.,The climb downward makes inequality physical: one family lives above the disaster while another returns to it.,"The film turns class difference into literal height, distance, and flooding.",A number like inequality becomes easier to grasp when a story turns it into space.,,https://en.wikipedia.org/wiki/Parasite_(2019_film)
FV500_REAL_057,FV500_REAL_057,fullVoyageQuestions,Full Voyage,introductory-questions,,5,500,"In Toy Story 3, Andy gives his toys away and the story feels complete, yet the franchise later continues. What kind of ending did that moment become?",A false ending,A point of no return,A point of no return blocks reversal after a threshold; this case is about closure being reopened.,A done list,A done list preserves completed work; it does not describe a story that resumes after farewell.,A stroad,A stroad blends street and road functions; it has no narrative closure problem.,"The farewell works like an ending, but the later continuation turns that closure into a near-ending.",The movie creates emotional closure that later stops being final once the story continues.,A powerful ending can feel final even when the larger system keeps going.,,https://en.wikipedia.org/wiki/Toy_Story_3
FV500_REAL_058,FV500_REAL_058,fullVoyageQuestions,Full Voyage,theres-a-draft|theres-a-draft-in-here,,5,500,"Banksy’s Girl with Balloon shredded itself at Sotheby’s in 2018, then became even more famous. What did destruction unexpectedly create?",Unfinishedness as value,Scheduled apocalypse,Scheduled apocalypse gives fear a date; the auction event changed an artwork’s status.,Linear progress,Linear progress moves forward cleanly; this value came from rupture and surprise.,Airport wayfinding,Airport wayfinding directs movement through space; it does not explain damaged art gaining meaning.,The shredded version became meaningful because the interruption became part of the work itself.,The event turned damage into part of the artwork’s public life rather than a simple loss.,A work can become more powerful when the “mistake” becomes part of its story.,,https://en.wikipedia.org/wiki/Love_Is_in_the_Bin
FV500_REAL_059,FV500_REAL_059,fullVoyageQuestions,Full Voyage,where-the-sidewalk-starts,,5,500,"During the 2021 Suez Canal blockage, the Ever Given stopped one ship but disrupted trade far beyond it. What structure does that reveal?",Network dependence,Nostalgic travel,Nostalgic travel looks backward with longing; the canal blockage exposed dependency in the present.,Poetic listing,Poetic listing expands meaning through abundance; it does not explain a blocked trade route.,Dark tourism,Dark tourism visits places of tragedy; the Suez event was a logistics failure.,The blockage mattered because a single stuck point disrupted a much larger movement system.,One blocked passage exposed how many distant routes depended on a single chokepoint.,A system can look flexible until one chokepoint freezes the whole route.,,https://en.wikipedia.org/wiki/2021_Suez_Canal_obstruction
FV500_REAL_060,FV500_REAL_060,fullVoyageQuestions,Full Voyage,introductory-questions,,5,500,"At the 2017 Oscars, La La Land was announced before Moonlight was confirmed as Best Picture. What kind of arrival happened too early?",Administrative false ending,Cyclical progress,Cyclical progress repeats to create change; the Oscars moment was a mistaken finish.,Grand Tour education,Grand Tour education treats travel as formation; no educational journey is being tested here.,Skeleton loading,Skeleton loading previews content during a wait; the ceremony announced the wrong result.,The wrong announcement created a public ending that had to be undone seconds later.,The ceremony declared a finish before the result was actually settled in public.,A system can declare an ending before the truth has finished arriving.,,https://en.wikipedia.org/wiki/89th_Academy_Awards#Best_Picture_announcement_error
FV500_REAL_061,FV500_REAL_061,fullVoyageQuestions,Full Voyage,the-end-is-nearish,,5,500,"In the 2018 Hawaii false missile alert, people lived through the end before learning it was a mistake. What did the warning manufacture?",Last-chance urgency,Done-list evidence,"Done-list evidence records completed work; the alert created panic, not accomplishment.",Retrofuturist comfort,Retrofuturist comfort looks back at old futures; the alert was immediate fear.,Linguistic drift,Linguistic drift changes language over time; this case changed behavior through urgency.,"The false alert compressed time into crisis, making every choice feel final for a short period.",The alert made a possible ending feel immediate and forced people into emergency thinking.,A countdown or alert can change reality before the danger is even confirmed.,,https://en.wikipedia.org/wiki/2018_Hawaii_false_missile_alert
FV500_REAL_062,FV500_REAL_062,fullVoyageQuestions,Full Voyage,monkey-see|monkey-see-monkey-prototype,,5,500,"The Fyre Festival trailer promised luxury, escape, and status, but the event collapsed into tents and chaos. What was sold before it existed?",Performed arrival,Maintenance culture,Maintenance culture protects working systems; Fyre Festival lacked the system in the first place.,Caretaker restraint,Caretaker restraint limits temporary power; it does not explain a luxury promise collapsing.,Cyclical progress,Cyclical progress changes through repetition; Fyre was a staged arrival without support.,The event was marketed as an achieved lifestyle before the basic conditions were built.,The promotion made the destination feel socially real before the infrastructure existed.,A polished promise can make arrival look complete before anything is ready.,,https://en.wikipedia.org/wiki/Fyre_Festival
FV500_REAL_063,FV500_REAL_063,fullVoyageQuestions,Full Voyage,monkey-see|monkey-see-monkey-prototype,,5,500,"In 2019, Apple canceled AirPower after years of promising it as an upcoming wireless charger. What kind of future did it become?",Canceled tech promise,Completed task record,Completed task records preserve work already done; AirPower is remembered for non-arrival.,Tragic-site tourism,Tragic-site tourism visits places marked by suffering; this case is a canceled product promise.,Rite-of-passage marker,Rite-of-passage markers show transition; AirPower never crossed into release.,AirPower stayed public as an upcoming device until cancellation replaced release.,The product stayed publicly anticipated but never became a delivered consumer object.,"Some futures stay visible only as promises, prototypes, or announcements.",,https://en.wikipedia.org/wiki/AirPower_(Apple)
FV500_REAL_064,FV500_REAL_064,fullVoyageQuestions,Full Voyage,theres-a-draft|theres-a-draft-in-here,,5,500,"During Tesla’s 2019 Cybertruck reveal, the supposedly unbreakable window cracked onstage. What did the demonstration accidentally reveal?",Prototype fragility,Poetic abundance,Poetic abundance expands meaning through lists; the window crack exposed material weakness.,Homesick memory,Homesick memory is about longing for home; the demo was about technological readiness.,Duty-free browsing,Duty-free browsing redirects waiting into shopping; the reveal failed under testing.,The cracked glass turned the reveal into evidence that the product was still not as ready as promised.,The stage demo meant to prove readiness instead exposed a weakness in public.,A demo can become more revealing when it fails than when it works.,,https://en.wikipedia.org/wiki/Tesla_Cybertruck#Announcement
FV500_REAL_065,FV500_REAL_065,fullVoyageQuestions,Full Voyage,progress-not-regress,,5,500,"In 1985, New Coke was introduced as an improvement, then quickly reversed after public backlash. What did the launch misunderstand?",Progress as value conflict,Liminal architecture,Liminal architecture concerns in-between spaces; the launch was a value conflict around a product.,Zeigarnik memory,Zeigarnik memory keeps unfinished tasks active; New Coke was a rejected redesign.,Airport boredom,"Airport boredom concerns waiting; the backlash came from perceived loss, not delay.",New Coke treated change as improvement while consumers judged value through attachment and tradition.,"The product changed measurable taste while underestimating memory, identity, and loyalty.",Calling something improved does not mean people will experience it as progress.,,https://en.wikipedia.org/wiki/New_Coke
FV500_REAL_066,FV500_REAL_066,fullVoyageQuestions,Full Voyage,introductory-questions,,5,500,"In Apollo 13, the mission goal changed from landing on the Moon to bringing the crew home alive. What did the journey become?",A detour with a new destination,A bucket list performance,A bucket list performs desired experiences; Apollo 13 abandoned the planned achievement.,A fake progress display,A fake progress display stages movement; the mission faced a real emergency.,A Grand Tour itinerary,A Grand Tour itinerary plans cultural formation; Apollo 13 became crisis navigation.,Apollo 13 shows a route change so serious that the destination itself had to be redefined.,The original endpoint stopped being the measure of success once survival became the goal.,"A detour can change what success means, not just how someone gets there.",,https://en.wikipedia.org/wiki/Apollo_13
FV500_REAL_067,FV500_REAL_067,fullVoyageQuestions,Full Voyage,introductory-questions,,5,500,"In The Matrix, Neo takes the red pill and cannot return to ordinary ignorance afterward. What kind of crossing is that?",Point of no return,False ending,"False ending describes closure that later reopens; Neo’s choice is a threshold, not a fake finale.",Done list,A done list records completed work; the red pill changes what can still be unknown.,Moving sidewalk,"A moving sidewalk is reduced futurist infrastructure, not an irreversible decision.","The red pill works as an irreversible threshold: once Neo sees the truth, returning is no longer simple.",The choice creates knowledge that cannot be undone and changes every later decision.,Some crossings matter because they remove the option of going back unchanged.,,https://en.wikipedia.org/wiki/Red_pill_and_blue_pill
FV500_REAL_068,FV500_REAL_068,fullVoyageQuestions,Full Voyage,monkey-see|monkey-see-monkey-prototype,,5,500,Marcel Duchamp’s Fountain became art partly because a urinal was moved into an art context. What changed first?,Institutional framing,Thermal disorder,Thermal disorder explains decay in closed systems; Duchamp’s work concerns artistic status.,Airport transit,Airport transit concerns being physically present without admission; Fountain concerns art-world recognition.,Lame-duck power,Lame-duck power separates office from influence; Fountain separates object from art status.,Fountain shows that meaning can be granted by framing before the object itself changes.,The object’s status changed because the institution and context changed how it was read.,"Sometimes “arrival” depends on who recognizes the object, not what the object is.",,https://en.wikipedia.org/wiki/Fountain_(Duchamp)
FV500_REAL_069,FV500_REAL_069,fullVoyageQuestions,Full Voyage,theres-a-draft|theres-a-draft-in-here,,5,500,Claude Monet painted Rouen Cathedral again and again as light changed across the day. What kind of progress does that suggest?,Variation through repetition,One-way completion,One-way completion treats progress as a straight line; the paintings return to the same subject.,Administrative closure,Administrative closure is declared by rules; Monet’s work develops through repeated seeing.,Airport retail,Airport retail redirects waiting into shopping; it does not explain repeated artistic variation.,Monet’s series makes repetition productive: the same cathedral becomes different through changing conditions.,"The repeated subject changes because perception, light, and time keep changing around it.",Repeating the same route can still reveal something new.,,https://en.wikipedia.org/wiki/Rouen_Cathedral_(Monet_series)
FV500_REAL_070,FV500_REAL_070,fullVoyageQuestions,Full Voyage,the-lovely-and-the-liminal,,5,500,Yayoi Kusama’s Infinity Mirror Rooms feel endless even though visitors stand inside a bounded gallery room. What is being engineered?,Simulated boundlessness,Caretaker legitimacy,"Caretaker legitimacy depends on temporary restraint; Kusama’s work changes perception, not authority.",Food-pill futurism,Food-pill futurism imagines reduced future convenience; the mirror room expands perceived space.,Lame-duck decline,Lame-duck decline concerns power fading before office ends; the gallery room concerns spatial illusion.,"The room’s physical boundary remains small, but reflection makes the experience feel unlimited.",The installation uses mirrors to make a limited room feel like an endless space.,A space can feel larger than its physical limits when design changes perception.,,https://en.wikipedia.org/wiki/Yayoi_Kusama
FV500_REAL_071,FV500_REAL_071,fullVoyageQuestions,Full Voyage,home-and-wandering,,5,500,"In Beyoncé’s Homecoming, a concert becomes a staged return to history, school culture, and collective pride. What kind of arrival is being performed?",Cultural homecoming,Vaporware launch,Vaporware launch promises a product that never arrives; this performance centers return and identity.,Doorway forgetting,Doorway forgetting concerns memory disrupted by crossing spaces; Homecoming builds memory deliberately.,Stroad confusion,Stroad confusion mixes road and street functions; it does not describe cultural return.,Homecoming becomes more than going back; it stages belonging as a collective cultural arrival.,"The performance turns return into a public act of memory, belonging, and cultural recognition.","A return can be a public performance of identity, not just a movement backward.",,https://en.wikipedia.org/wiki/Homecoming_(2019_film)
FV500_REAL_072,FV500_REAL_072,fullVoyageQuestions,Full Voyage,the-lovely-and-the-liminal,,5,500,"In Harry Potter and the Deathly Hallows, Platform 9¾ is a hidden threshold inside an ordinary train station. What does that doorway do?",Turns transit into passage,Measures national income,National income measures economic output; the platform is about crossing worlds.,Preserves finished labor,Preserving finished labor describes done lists; the platform changes access and belonging.,Stages product readiness,Product readiness concerns launch status; Platform 9¾ is a hidden passage.,Platform 9¾ makes a transit place into a threshold where identity and destination change at once.,A normal station becomes a crossing point between ordinary space and another world.,A threshold can hide inside a familiar place and still change everything after it.,,https://en.wikipedia.org/wiki/Harry_Potter
FV500_REAL_073,FV500_REAL_073,fullVoyageQuestions,Full Voyage,progress-not-regress,,5,500,"In Avengers: Endgame, the heroes go back to earlier moments because the present cannot be fixed by moving forward alone. What shape does progress take?",Recursive repair,Straight-line improvement,Straight-line improvement would keep moving ahead; Endgame goes backward to repair the present.,Customs-free shopping,Customs-free shopping belongs to transit commerce; it does not explain temporal repair.,Architectural prairie style,"Prairie style is an architectural language, not a model of progress through return.","The time heist treats progress as repair through return, not simple forward movement.",The plot makes repair depend on returning to earlier points rather than advancing in a clean line.,Moving forward sometimes requires revisiting what was already passed.,,https://en.wikipedia.org/wiki/Avengers:_Endgame
FV500_REAL_074,FV500_REAL_074,fullVoyageQuestions,Full Voyage,more-to-do|more-to-do-than-can-ever-be-listed,,5,500,"In The Bear, the kitchen ticket printer keeps spitting out orders faster than the crew can finish them. What pressure takes over?",Endless task accumulation,Passport privilege,Passport privilege measures cross-border mobility; the kitchen pressure comes from too many tasks.,Retrofuturist nostalgia,Retrofuturist nostalgia looks back at old futures; the printer creates immediate overload.,Caretaker restraint,Caretaker restraint limits temporary authority; the kitchen scene is about task accumulation.,The tickets turn work into a growing list that overwhelms the people meant to complete it.,The visible queue of tasks becomes a source of panic instead of control.,A list can stop organizing work once it becomes the thing causing the panic.,,https://en.wikipedia.org/wiki/The_Bear_(TV_series)
FV500_REAL_075,FV500_REAL_075,fullVoyageQuestions,Full Voyage,home-and-wandering,,5,500,"In WALL-E, humans ride floating chairs while screens guide every movement on the Axiom. What has infrastructure quietly done?",Designed away agency,Restored completed labor,Restoring completed labor is done-list logic; WALL-E shows systems replacing effort.,Delayed naming an heir,Delaying an heir controls succession; the Axiom controls movement and attention.,Preserved poetic lists,Poetic lists create abundance of meaning; the ship narrows human agency through design.,"The Axiom’s design turns convenience into dependence, guiding bodies before they decide anything.",The ship’s systems make daily movement so automatic that choice nearly disappears.,Infrastructure can guide behavior so smoothly that people stop noticing the guidance.,,https://en.wikipedia.org/wiki/WALL-E
FV500_REAL_076,FV500_REAL_076,fullVoyageQuestions,Full Voyage,home-and-wandering,,5,500,"In Inside Out, Riley returns home physically, but her real arrival happens only when she can share sadness with her parents. What kind of return is this?",Emotional homecoming,Airport transit,Airport transit is movement through a space without admission; Riley is dealing with belonging at home.,GDP ranking,GDP ranking measures economic output; Inside Out concerns emotional return.,Console output,Console output shows process text; it does not explain homecoming.,Riley’s return matters only when emotional belonging catches up with physical arrival.,The story separates being back in the house from actually feeling at home again.,Coming back is not always the same as feeling returned.,,https://en.wikipedia.org/wiki/Inside_Out_(2015_film)
FV500_REAL_077,FV500_REAL_077,fullVoyageQuestions,Full Voyage,introductory-questions,,5,500,"In La La Land’s final montage, Mia imagines a life that could have happened but did not. What does the sequence turn into?",An alternate-route memory,A customs corridor,A customs corridor manages travel flow; the montage explores memory and possibility.,A productivity method,A productivity method sorts tasks; the sequence imagines an unlived life.,A caretaker cabinet,A caretaker cabinet manages transition; the montage is a private counterfactual journey.,"The imagined life works like a route not taken, giving emotional weight to an unreal destination.",The montage shows a route that exists emotionally even though it never became real.,A journey that never happened can still shape how arrival feels.,,https://en.wikipedia.org/wiki/La_La_Land
FV500_REAL_078,FV500_REAL_078,fullVoyageQuestions,Full Voyage,introductory-questions,,5,500,"In The Lord of the Rings, Gollum reaches the Ring at the end and loses himself in the same instant. What does arrival become?",A destructive destination,A done-list reward,A done-list reward recognizes finished work; Gollum’s ending turns success into ruin.,A throbber signal,A throbber signal shows activity during loading; this scene concerns the cost of reaching the goal.,A transit lounge,A transit lounge is an in-between space; Mount Doom becomes a fatal endpoint.,Gollum gets what he wants and is destroyed by the arrival itself.,"The object of the journey is reached, but reaching it completes the character’s ruin.",Reaching the destination does not guarantee that the destination was good.,,https://en.wikipedia.org/wiki/Gollum
FV500_REAL_079,FV500_REAL_079,fullVoyageQuestions,Full Voyage,the-lovely-and-the-liminal,,5,500,"In Kafka’s The Castle, K. keeps trying to reach authority that remains present, distant, and unreachable. What kind of arrival is being denied?",Administrative admission,Airport entertainment,Airport entertainment fills waiting time; Kafka’s problem is blocked legitimacy.,Moving-sidewalk convenience,Moving-sidewalk convenience reduces effort; The Castle denies access through bureaucracy.,Poetic list abundance,Poetic abundance expands lists; The Castle traps the character in unreachable authority.,"K. can pursue the Castle endlessly, but the authority he seeks never grants real access.",The character is near the system but never truly accepted by it.,Being near a system is not the same as being admitted by it.,,https://en.wikipedia.org/wiki/The_Castle_(novel)
FV500_REAL_080,FV500_REAL_080,fullVoyageQuestions,Full Voyage,introductory-questions,,5,500,"In The Great Gatsby, Gatsby’s green light is visible across the bay but never truly reachable as a life. What does the light become?",A symbolic destination,A maintenance schedule,A maintenance schedule prevents decay; Gatsby’s light is about longing and projection.,A loading screen game,A loading screen game distracts during delay; the green light organizes desire.,A food pill,A food pill is a reduced futurist convenience; the light is an unreachable symbolic goal.,The green light turns desire into a visible endpoint that reality cannot fully deliver.,The light is close enough to see but too symbolic to reach as a complete future.,Some destinations matter because they are imagined more than reached.,,https://en.wikipedia.org/wiki/The_Great_Gatsby
FV500_REAL_081,FV500_REAL_081,fullVoyageQuestions,Full Voyage,progress-not-regress,,5,500,"In Spider-Man: Into the Spider-Verse, Miles becomes ready through repeated failed jumps, not a single clean success. What kind of progress is shown?",Nonlinear learning,Customs exemption,Customs exemption concerns travel rules and taxes; Miles is learning through repeated attempts.,Doomsday scheduling,Doomsday scheduling gives fear a date; the film shows skill developing unevenly.,Lame-duck decline,Lame-duck decline describes fading political influence; Miles is gaining readiness.,"Miles grows through setbacks, practice, and one breakthrough that only makes sense after failure.",The film treats failed attempts as part of becoming ready rather than proof of failure.,Growth can look like failure until the earlier attempts finally connect.,,https://en.wikipedia.org/wiki/Spider-Man:_Into_the_Spider-Verse
FV500_REAL_082,FV500_REAL_082,fullVoyageQuestions,Full Voyage,introductory-questions,,5,500,"In 127 Hours, Aron Ralston survives only by making a terrible irreversible choice. What kind of threshold does the story force?",Costly no-return decision,Poetic list expansion,Poetic list expansion creates abundance; 127 Hours centers a single irreversible act.,Airport shopping delay,Airport shopping delay redirects waiting; the story is about survival and irreversible cost.,Staged authenticity,Staged authenticity concerns performance; Ralston’s threshold is physical and final.,The choice saves him by closing off every easier return to the previous situation.,Survival depends on crossing a line that cannot be undone afterward.,A threshold becomes moral and practical when every option has a cost.,,https://en.wikipedia.org/wiki/127_Hours
FV500_REAL_083,FV500_REAL_083,fullVoyageQuestions,Full Voyage,more-to-do|more-to-do-than-can-ever-be-listed,,5,500,"In the 2023 Barbenheimer release weekend, two very different films became one shared cultural event. What did the public create?",A combined itinerary,A caretaker government,A caretaker government manages transition; Barbenheimer was a fan-made cultural route.,A Gini coefficient,A Gini coefficient measures inequality; the weekend measured participation through experience.,A skeleton screen,"A skeleton screen previews loading content; Barbenheimer was a social plan, not an interface.",Barbenheimer became a public itinerary: watching both films signaled participation in a shared moment.,Audiences turned two separate releases into a planned experience people could perform socially.,"People can turn media consumption into a route, a checklist, and a social identity.",,https://en.wikipedia.org/wiki/Barbenheimer
FV500_REAL_084,FV500_REAL_084,fullVoyageQuestions,Full Voyage,introductory-questions,,5,500,Dolly Parton’s 9 to 5 turns the workday into a repeated grind where motion does not feel like advancement. What is being questioned?,Movement without arrival,Airport admission,Airport admission concerns legal access; the song is about labor and stagnation.,Prototype testing,Prototype testing checks unfinished products; 9 to 5 questions repetitive work.,Apocalyptic imagery,Apocalyptic imagery visualizes endings; the song focuses on everyday non-arrival.,"The workday keeps moving, but the singer’s life does not feel closer to a fair destination.",The song makes daily effort feel circular rather than meaningfully progressive.,Busy motion can hide the fact that nothing has truly changed.,,https://en.wikipedia.org/wiki/9_to_5_(Dolly_Parton_song)
FV500_REAL_085,FV500_REAL_085,fullVoyageQuestions,Full Voyage,home-and-wandering,,5,500,"In David Bowie’s Space Oddity, Major Tom reaches space but becomes more isolated the farther he goes. What happens to arrival?",Distance becomes alienation,A list becomes culture,Lists as culture explain what societies count; Space Oddity centers isolation after arrival.,A button gives control,A placebo button gives a feeling of control; Major Tom loses connection instead.,A road invites stopping,A road inviting stopping concerns travel spaces; the song turns distance into loneliness.,"Major Tom reaches the destination, but the achievement leaves him more detached, not more complete.",The song turns a successful journey outward into separation rather than fulfillment.,Arrival can increase distance from home instead of resolving the journey.,,https://en.wikipedia.org/wiki/Space_Oddity
FV500_REAL_086,FV500_REAL_086,fullVoyageQuestions,Full Voyage,introductory-questions,,5,500,"In Bruce Springsteen’s Born to Run, escape is imagined before any destination is secure. What powers the song?",Anticipated departure,Completed labor,Completed labor belongs to done lists; Born to Run is driven by wanting to leave.,Measured poverty,Measured poverty uses indicators; the song is about escape and possibility.,Caretaker restraint,Caretaker restraint limits temporary authority; the song is about restless departure.,"The energy comes from the promise of departure, not from a guaranteed endpoint.",The song makes leaving feel meaningful before arrival has any clear shape.,Sometimes the imagined road matters before the destination exists.,,https://en.wikipedia.org/wiki/Born_to_Run_(Bruce_Springsteen_song)
FV500_REAL_087,FV500_REAL_087,fullVoyageQuestions,Full Voyage,monkey-see|monkey-see-monkey-prototype,,5,500,"In Casablanca, Rick lets Ilsa leave because the meaningful ending is not the one he wants personally. What kind of ending is chosen?",Sacrificed closure,Retail waiting,Retail waiting turns delay into shopping; Casablanca ends through sacrifice.,Console output,Console output shows process text; the scene is about moral closure.,Food-pill convenience,Food-pill convenience compresses eating into futurist efficiency; the scene is about letting go.,Rick accepts an ending that hurts him because the larger moral route matters more.,The final departure closes the story by choosing duty over the desired romantic endpoint.,An ending can be right without being personally satisfying.,,https://en.wikipedia.org/wiki/Casablanca_(film)
FV500_REAL_088,FV500_REAL_088,fullVoyageQuestions,Full Voyage,the-end-is-nearish,,5,500,"In the 1986 Challenger launch, a national spectacle of technological progress became disaster seconds after takeoff. What collapsed?",Performed confidence,Poetic listing,Poetic listing creates abundance of meaning; Challenger concerns public risk and failed confidence.,Homecoming nostalgia,Homecoming nostalgia is about return and belonging; Challenger was a failed launch spectacle.,Duty-free identity,Duty-free identity concerns consumption in transit; Challenger exposed technological vulnerability.,The disaster broke the public performance of technological certainty almost immediately after launch.,"The launch was staged as national achievement, then exposed hidden risk in real time.",Progress staged for public confidence can collapse when hidden fragility appears.,,https://en.wikipedia.org/wiki/Space_Shuttle_Challenger_disaster
FV500_REAL_089,FV500_REAL_089,fullVoyageQuestions,Full Voyage,the-end-is-nearish,,5,500,"The Berlin Wall fell in 1989, but reunification and its consequences continued long afterward. What does the fall show about endings?",Symbolic ending before full change,A throbber replacing measurement,A throbber shows activity without progress measurement; the Wall is a historical transition.,A bucket list becoming identity,A bucket list performs desired experiences; reunification is not a personal checklist.,A moving sidewalk shrinking,"A moving sidewalk shrinking describes a reduced future convenience, not a political ending.","The wall’s fall was a visible endpoint, but the political and social transition continued after it.",A powerful symbol of ending arrived before the slower work of transformation was complete.,A visible ending can arrive long before the consequences finish unfolding.,,https://en.wikipedia.org/wiki/Fall_of_the_Berlin_Wall
FV500_REAL_090,FV500_REAL_090,fullVoyageQuestions,Full Voyage,progress-not-regress,,5,500,"In Les Misérables, the barricade looks like a step toward revolution, but it becomes a site of sacrifice and loss. What kind of progress is questioned?",Moral progress as uneven,Airport walking as comfort,Airport walking reduces complaint during waiting; the barricade concerns political sacrifice.,Done list as memory,Done lists preserve completed work; the barricade leaves unfinished moral work behind.,Console output as proof,Console output shows system activity; the barricade tests whether struggle equals progress.,"The struggle points toward justice, but the outcome refuses a simple upward story of progress.",The barricade turns the hope of justice into a scene where advancement costs lives and remains unfinished.,A fight for justice can matter even when it does not become a clean victory.,,https://en.wikipedia.org/wiki/Les_Mis%C3%A9rables_(musical)
FV500_REAL_091,FV500_REAL_091,fullVoyageQuestions,Full Voyage,progress-not-regress,,5,500,"In Arrival, Louise understands the alien language and begins experiencing time nonlinearly. What does language change?",The shape of time,The price of burgers,Burger prices belong to index measurement; Arrival concerns perception and time.,The length of customs,Customs length concerns transit systems; the film changes temporal understanding.,The speed of elevators,Elevator speed concerns placebo buttons or movement; Arrival changes cognition.,"Louise’s learning changes her experience of sequence, making time feel less like a straight line.","The new language changes how time itself is perceived, not just how words are translated.",A new system of meaning can change the route by changing how time is understood.,,https://en.wikipedia.org/wiki/Arrival_(film)
FV500_REAL_092,FV500_REAL_092,fullVoyageQuestions,Full Voyage,progress-not-regress,,5,500,"In Squid Game, the players advance through rounds, but each stage measures survival rather than human worth. What is the game exposing?",Measurement without humanity,Homesickness as longing,Homesickness concerns distance from home; Squid Game concerns brutal measurement.,Moving sidewalks as failure,Moving sidewalks show reduced futurism; the game is a system of value and elimination.,Drafts as rehearsal,Drafts as rehearsal make process visible; Squid Game turns survival into a metric.,"Progress through the game is measurable, but the measurement strips people of dignity.","The game reduces lives to scores, rounds, and eliminations while hiding human value.",A system can measure advancement while refusing to measure what matters most.,,https://en.wikipedia.org/wiki/Squid_Game
FV500_REAL_093,FV500_REAL_093,fullVoyageQuestions,Full Voyage,introductory-questions,,5,500,"In Up, Carl finally reaches Paradise Falls, but the trip matters most after he lets go of the house and starts caring for Russell. What is being revised?",The meaning of arrival,The function of a passport,A passport controls mobility across borders; Up focuses on emotional arrival.,The speed of a progress bar,A progress bar measures task movement; Carl’s journey changes what arrival means.,The role of a splash screen,A splash screen covers loading time; Up revises the value of the destination.,"Paradise Falls is reached, but the emotional destination changes once Carl’s attachments change.",The planned destination becomes less important than the change that happens on the way.,Getting there can matter less than discovering what “there” was supposed to mean.,,https://en.wikipedia.org/wiki/Up_(2009_film)
FV500_REAL_094,FV500_REAL_094,fullVoyageQuestions,Full Voyage,the-lovely-and-the-liminal,,5,500,"In Severance, workers cross a threshold and lose access to another version of their own life. What does the doorway control?",Divided identity,Airport boredom,Airport boredom describes waiting; Severance uses a threshold to divide identity.,Food-pill efficiency,Food-pill efficiency imagines compressed convenience; Severance controls consciousness.,Tourist nostalgia,Tourist nostalgia romanticizes travel; the show turns crossing into identity separation.,The elevator crossing controls which self is awake and what memories are available.,"The transition does more than move a body; it splits memory, identity, and agency.",A threshold can change who someone is allowed to be on the other side.,,https://en.wikipedia.org/wiki/Severance_(TV_series)
FV500_REAL_095,FV500_REAL_095,fullVoyageQuestions,Full Voyage,introductory-questions,,5,500,"In The Last of Us, Joel reaches the hospital that could save humanity, then chooses Ellie over the promised cure. What breaks at the destination?",The agreed goal,The duty-free loop,The duty-free loop turns transit into shopping; the hospital ending is an ethical rupture.,The hotel lobby,A hotel lobby is a liminal social space; the hospital forces a choice about the goal itself.,The throbber icon,A throbber icon shows ongoing activity; the ending questions whether the goal should be reached.,"The hospital should complete the mission, yet Joel rejects the goal the journey was built around.","The journey reaches its expected endpoint, but the meaning of success collapses under moral conflict.",A destination can stop being the right destination at the moment it is reached.,,https://en.wikipedia.org/wiki/The_Last_of_Us
FV500_REAL_ADD_001,FV500_REAL_ADD_001,fullVoyageQuestions,Full Voyage,progress-not-regress,,5,500,"In Pixar’s Toy Story 2 production, deleted files were reportedly saved because a backup copy existed outside the main system. What lesson does that survival teach?",Maintenance keeps progress alive,Polished demos prove readiness,A polished demo can still hide an unfinished product.,Rankings define social worth,"Rankings decide what counts as value, not whether a system survives damage.",Nostalgia makes travel real,"Nostalgia can reshape memory, but it does not protect a damaged production system.",Progress survived because the backup system had been maintained outside the broken workflow.,The production crisis turns hidden upkeep into the condition for keeping creative progress alive.,Progress often depends on quiet systems nobody praises until they fail.,,https://en.wikipedia.org/wiki/Toy_Story_2#Production
FV500_REAL_ADD_002,FV500_REAL_ADD_002,fullVoyageQuestions,Full Voyage,progress-not-regress,,5,500,NASA’s Mars Climate Orbiter was lost after metric and imperial units were mixed in mission calculations. What did the failure expose?,Measurement choices steer outcomes,Rehearsal removes every risk,"Rehearsal can reduce risk, but this failure came from incompatible measurement systems.",Authenticity improves under crowds,"Crowds can change authenticity, but the probe was lost through a technical measurement mismatch.",Succession solves weak power,"Succession problems concern authority moving between leaders, not units in a spacecraft calculation.",The wrong unit did not just describe the mission badly; it helped send the mission to failure.,"The spacecraft loss makes measurement look like a design choice with real consequences, not a neutral detail.",Measurement is not just reporting reality; it can help create the outcome.,,https://en.wikipedia.org/wiki/Mars_Climate_Orbiter
FV500_REAL_ADD_003,FV500_REAL_ADD_003,fullVoyageQuestions,Full Voyage,where-the-sidewalk-starts,,5,500,"When the Ever Given blocked the Suez Canal in 2021, ships around the world had to wait or reroute. What did one stuck vessel reveal?",One blockage reshapes the network,A list settles every task,"Lists organize tasks, but they do not explain a physical bottleneck in global shipping.",A souvenir preserves belonging,"Souvenirs can preserve identity, but the canal crisis was about blocked movement.",A countdown guarantees action,"Countdowns create urgency, but the main issue was network dependence.",One stopped ship affected routes far beyond itself because the network depended on that passage.,The canal blockage makes a whole movement system visible through one point of failure.,Networks are easiest to see when a single link breaks.,,https://en.wikipedia.org/wiki/2021_Suez_Canal_obstruction
FV500_REAL_ADD_004,FV500_REAL_ADD_004,fullVoyageQuestions,Full Voyage,introductory-questions,,5,500,"At the 2017 Oscars, La La Land was announced before Moonlight was revealed as the real Best Picture winner. What happened to the ending?",Public closure was reversed,A detour improved the route,"A detour can redirect a route, but the Oscars mistake was about an ending declared too early.",A metric hid inequality,"A metric can distort value, but the envelope mistake was not a ranking-method problem.",A prototype became culture,"A prototype can gain cultural life, but this was a mistaken final announcement.",The first announcement gave the audience closure before the real result had been settled publicly.,"The ceremony created a public ending, then forced everyone to watch that ending collapse in real time.",An ending can feel real before it has actually become final.,,https://en.wikipedia.org/wiki/89th_Academy_Awards#Best_Picture_announcement_error
FV500_REAL_ADD_005,FV500_REAL_ADD_005,fullVoyageQuestions,Full Voyage,monkey-see|monkey-see-monkey-prototype,,5,500,"Fyre Festival sold luxury images online, then collapsed into a badly organized event. What did the advertising do?",Promotion outran reality,Maintenance saved progress,"Maintenance protects systems, but the festival problem was overpromising before building.",Cycles replaced growth,"Cycles can show repeated progress, but the disaster came from a gap between image and delivery.",A border softened arrival,"Borders shape admission, but the festival failed through staged readiness.",The online promise arrived before the real event could support it.,The festival’s image campaign made the destination look finished before the infrastructure existed.,A shiny promise can arrive much earlier than the thing it claims to sell.,,https://en.wikipedia.org/wiki/Fyre_Festival
FV500_REAL_ADD_006,FV500_REAL_ADD_006,fullVoyageQuestions,Full Voyage,theres-a-draft|theres-a-draft-in-here,,5,500,"When Banksy’s Girl with Balloon partly shredded itself at auction, the sale did not simply end; the event became part of the artwork’s story. What changed?",Completion became performance,Waiting became measurable,"Measuring waiting is about progress displays, not an artwork changing through a public act.",Authority stayed temporary,"Temporary authority describes political restraint, not an auction performance.",A ranking defined value,"Rankings can create value, but the central twist was completion becoming action.",The artwork did not just remain an object; its partial destruction became the next stage of the work.,The shredding turned the supposedly finished sale into a new public act of making meaning.,Sometimes the ending of a work becomes another part of the work.,,https://en.wikipedia.org/wiki/Love_Is_in_the_Bin
FV500_REAL_ADD_007,FV500_REAL_ADD_007,fullVoyageQuestions,Full Voyage,introductory-questions,,5,500,"At the end of Inception, Cobb watches the spinning top, but the cut arrives before certainty does. What does the ending withhold?",Closure on purpose,Home through distance,Longing for home is not the main puzzle of the spinning top.,Progress through upkeep,"Upkeep prevents systems from regressing, but the scene is about withheld certainty.",Travel through nostalgia,"Nostalgia reshapes travel memory, but the top creates unresolved closure.",The cut makes the ending active because viewers must keep deciding what the top means.,The film leaves the audience inside uncertainty instead of confirming the final state.,An ending can be powerful because it refuses to finish the question.,,https://en.wikipedia.org/wiki/Inception
FV500_REAL_ADD_008,FV500_REAL_ADD_008,fullVoyageQuestions,Full Voyage,more-to-do|more-to-do-than-can-ever-be-listed,,5,500,"In Memento, Leonard uses Polaroids, notes, and tattoos to hold together a life his memory cannot hold. What are those tools doing?",Memory moves outside the mind,Crowds manufacture authenticity,"Crowds can damage authenticity, but Leonard’s problem is memory loss.",Doomsday dates organize fear,"Doomsday dates give fear a schedule, not a usable memory system.",Infrastructure reduces freedom,"Infrastructure can constrain movement, but the tattoos are personal memory tools.","Leonard survives by outsourcing memory to objects, marks, and written instructions.",The notes and tattoos turn memory into a visible system that Leonard can consult.,A list can become a substitute for memory when memory cannot be trusted.,,https://en.wikipedia.org/wiki/Memento_(film)
FV500_REAL_ADD_009,FV500_REAL_ADD_009,fullVoyageQuestions,Full Voyage,going-pains,,5,500,"In The Office episode “Stress Relief,” Dwight stages a fake fire drill so badly that panic takes over. What did urgency become?",A manufactured emergency,A visible progress cue,Progress cues calm waiting; the fake drill does the opposite.,A homecoming ritual,"Homecoming rituals return people to belonging, not panic.",A neutral measurement,Neutral measurement is not the issue; emotional pressure is.,People react as if the danger is real because the situation has been staged to feel immediate.,The fake emergency shows how urgency can be created and then escape control.,"Urgency can focus people, but it can also make them behave worse.",,https://en.wikipedia.org/wiki/Stress_Relief_(The_Office)
FV500_REAL_ADD_010,FV500_REAL_ADD_010,fullVoyageQuestions,Full Voyage,where-the-sidewalk-starts,,5,500,IKEA stores often guide shoppers through a long showroom path before checkout. What is the layout quietly doing?,Designing the route for behavior,Turning failure into suspense,"Suspense can grow from production limits, but IKEA’s path is a behavioral design.",Scheduling fear with dates,"Scheduled fear belongs to doomsday prediction, not store navigation.",Preserving a finished task,"Finished tasks can be preserved by done lists, but the showroom controls movement.",The path makes browsing feel natural while steering people through selected rooms and products.,The store layout shapes movement before shoppers feel they are making independent choices.,Spaces can guide decisions without announcing that they are doing it.,,https://en.wikipedia.org/wiki/IKEA#Store_layout
FV500_REAL_ADD_011,FV500_REAL_ADD_011,fullVoyageQuestions,Full Voyage,more-to-do|more-to-do-than-can-ever-be-listed,,5,500,Spotify Wrapped turns private listening habits into shareable annual graphics. What does that annual ritual create?,A public inventory of identity,A legal border at arrival,"Legal borders decide admission, not musical self-presentation.",A temporary transfer of power,"Temporary power belongs to transition politics, not listening summaries.",A prototype mistaken for final,Prototype confusion is about unfinished products appearing ready.,Private listening becomes something people post to show who they are.,The listening report turns personal behavior into a public display of taste and self-image.,A list can become a performance of identity.,,https://en.wikipedia.org/wiki/Spotify_Wrapped
FV500_REAL_ADD_012,FV500_REAL_ADD_012,fullVoyageQuestions,Full Voyage,home-and-wandering,,5,500,Taylor Swift re-recorded older albums as Taylor’s Version so the same songs could return under a changed ownership status. What kind of return is this?,Return changes control,Drafts hide labor,"Drafts reveal labor, but the re-recordings are about control over released work.",Metrics become goals,"Metrics becoming goals describes measurement pressure, not song ownership.",Borders erase movement,"Borders can block arrival, but the albums returned through rights and control.",The same music comes back with a different relationship to ownership and authority.,"The songs return sounding familiar, but the legal and symbolic status has changed.",Returning to the same material can still change who controls the destination.,,https://en.wikipedia.org/wiki/Taylor_Swift_masters_dispute
FV500_REAL_ADD_013,FV500_REAL_ADD_013,fullVoyageQuestions,Full Voyage,home-and-wandering,,5,500,"In The Wizard of Oz, Dorothy clicks the ruby slippers and says there is no place like home. What does the scene make home depend on?","Meaning, not just location","Tasks, not memory","Tasks and memory describe lists, not Dorothy’s longing.","Transit, not admission",Transit and admission belong to border or airport problems.,"Polish, not rehearsal","Polish and rehearsal describe performance readiness, not home.","Dorothy’s return matters because Kansas carries attachment, not because it is merely a destination.",The scene treats home as emotional belonging rather than a simple point on a map.,Home is not only where someone arrives; it is what the arrival means.,,https://en.wikipedia.org/wiki/The_Wizard_of_Oz_(1939_film)
FV500_REAL_ADD_014,FV500_REAL_ADD_014,fullVoyageQuestions,Full Voyage,progress-not-regress,,5,500,"In The Social Network, early Facebook scenes turn social life into rankings, profiles, and visible status. What danger appears?",Metrics turn people into value,Waiting becomes entertainment,"Entertainment can distract waiting, but the issue here is social measurement.",Detours protect the route,"Detours can protect a route, but rankings are not route changes.",Repairs make damage beautiful,"Visible repair changes damaged objects, not social status systems.","When people become comparable data, the measurement starts shaping their social value.","The story shows social life being transformed into numbers, profiles, and status signals.","Once people are measured, the measurement can start deciding what they are worth.",,https://en.wikipedia.org/wiki/The_Social_Network
FV500_REAL_ADD_015,FV500_REAL_ADD_015,fullVoyageQuestions,Full Voyage,theres-a-draft|theres-a-draft-in-here,,5,500,"During Jaws, the mechanical shark often failed, so Spielberg showed it less and built suspense around what viewers could not see. What did the limitation become?",Constraint strengthened suspense,Progress proved completion,"A progress sign can imply completion, but the shark problem was a creative constraint.",A list finished culture,"Lists can organize culture, but the film’s suspense came from what was hidden.",A treaty froze authority,"Frozen authority belongs to political transition, not monster design.",The technical failure became a creative method instead of only a production problem.,"The broken prop forced a less visible shark, and that absence made the fear stronger.",A broken tool can sometimes improve the final work by changing the method.,,https://en.wikipedia.org/wiki/Jaws_(film)#Production
FV500_REAL_ADD_016,FV500_REAL_ADD_016,fullVoyageQuestions,Full Voyage,theres-a-draft|theres-a-draft-in-here,,5,500,Barcelona’s Sagrada Família has remained unfinished for generations while becoming central to its identity. What has incompletion become?,Part of the monument’s meaning,Proof that speed is progress,Speed is not the point of a project famous for long duration.,A way to shorten waiting,Shortening waiting belongs to interface or queue design.,A measure of national wealth,"Wealth metrics measure economies, not architectural incompletion.",The unfinished state helps define the monument’s story across generations.,The building’s long incompletion is not just a delay; it has become part of how people understand it.,Some works become meaningful partly because they are not yet finished.,,https://en.wikipedia.org/wiki/Sagrada_Fam%C3%ADlia
FV500_REAL_ADD_017,FV500_REAL_ADD_017,fullVoyageQuestions,Full Voyage,theres-a-draft|theres-a-draft-in-here,,5,500,"At the Louvre, many visitors crowd around the Mona Lisa to photograph it instead of slowly looking at it. What is the crowd doing?",Turning attention into performance,Making rehearsal unnecessary,"Rehearsal concerns preparation, not museum spectatorship.",Ending political authority,"Political endings belong to leadership transitions, not museum behavior.",Creating exact progress data,"Exact progress data belongs to measurement tools, not crowd attention.","The visit becomes partly about proving presence, not only seeing the work.",The crowd makes the artwork a social performance as much as an encounter with the painting.,Attention can change the thing it came to admire.,,https://en.wikipedia.org/wiki/Mona_Lisa
FV500_REAL_ADD_018,FV500_REAL_ADD_018,fullVoyageQuestions,Full Voyage,the-end-is-nearish,,5,500,Black Friday websites often use countdown clocks and limited-stock messages to push shoppers toward checkout. What is being manufactured?,Urgency before reflection,Belonging after return,"Belonging after return describes homecoming, not online shopping pressure.",Maintenance after collapse,"Maintenance after collapse describes system upkeep, not checkout urgency.",Movement without route,"Movement without route describes wandering, not countdown-driven purchase pressure.",The pressure is built into the interface as a sales tactic.,The countdown makes time feel scarce so shoppers act before thinking slowly.,Scarcity can be designed into a screen.,,https://en.wikipedia.org/wiki/Black_Friday_(shopping)
FV500_REAL_ADD_019,FV500_REAL_ADD_019,fullVoyageQuestions,Full Voyage,where-the-sidewalk-starts,,5,500,Amazon’s one-click buying removes steps between wanting and purchasing. What does the design reduce?,Friction before action,Distance before homesickness,"Homesickness grows from distance and longing, not checkout design.",Chaos before apocalypse,Apocalyptic chaos is not the problem in a purchase shortcut.,Drafting before performance,"Drafting before performance concerns creative preparation, not buying friction.",The design makes completion easier by removing pauses that might invite reconsideration.,The purchase path is shortened so the decision can become action almost immediately.,Design can make action feel almost automatic.,,https://en.wikipedia.org/wiki/1-Click
FV500_REAL_ADD_020,FV500_REAL_ADD_020,fullVoyageQuestions,Full Voyage,introductory-questions,,5,500,"After Apollo 13’s oxygen tank exploded, the mission changed from landing on the Moon to bringing the crew home safely. What did the failed route become?",A survival detour,A polished launch,A polished launch hides readiness problems; Apollo 13 changed course after a crisis.,A public ranking,"Public rankings measure value, not emergency rerouting.",A souvenir road,"Souvenir roads preserve memory, not spacecraft survival.",The detour was not wasted movement; it became the only way to reach a different kind of success.,"The mission’s original destination became impossible, so the route changed into survival.",A detour can replace the destination with a more urgent goal.,,https://en.wikipedia.org/wiki/Apollo_13
FV500_REAL_ADD_021,FV500_REAL_ADD_021,fullVoyageQuestions,Full Voyage,where-the-sidewalk-starts,,5,500,TikTok’s endless scroll can make a user keep moving through videos without choosing a real stopping point. What has the interface created?,Movement without arrival,A restored done list,"A done list preserves completed work, while the feed keeps adding more.",A legal threshold,"A legal threshold changes admission or reversibility, not scrolling.",A stable homecoming,Homecoming gives return meaning; endless scrolling avoids return.,"The user keeps going, but the movement does not naturally arrive anywhere.",The feed produces constant motion without a clear destination or completion point.,Some systems keep movement alive by removing the finish line.,,https://en.wikipedia.org/wiki/TikTok
FV500_REAL_ADD_022,FV500_REAL_ADD_022,fullVoyageQuestions,Full Voyage,call-of-duty-free,,5,500,"Museum gift shops often turn an exhibition visit into posters, mugs, and postcards on the way out. What happens to memory there?",It becomes something to buy,It becomes impossible to measure,"Some values resist measurement, but the gift shop is about buying memory.",It becomes temporary authority,Temporary authority belongs to political transition.,It becomes exact progress,"Exact progress belongs to indicators, not souvenirs.","The experience continues as merchandise, not only as recollection.",The visit is converted into objects that let people purchase a portable memory.,Memory can be packaged into objects.,,https://en.wikipedia.org/wiki/Gift_shop
FV500_REAL_ADD_023,FV500_REAL_ADD_023,fullVoyageQuestions,Full Voyage,introductory-questions,,5,500,"In The Matrix, Neo takes the red pill and can no longer return to ordinary ignorance. What has the choice done?",Closed the way back,Made waiting measurable,Measurable waiting belongs to progress displays.,Listed unfinished work,Unfinished work staying active belongs to task memory.,Ranked public happiness,"Public happiness rankings measure society, not irreversible awakening.","Neo crosses into knowledge, and that crossing cannot simply be reversed.",The choice changes what can still be undone; the old reality is no longer available in the same way.,A threshold matters because the old route may close behind it.,,https://en.wikipedia.org/wiki/Red_pill_and_blue_pill
FV500_REAL_ADD_024,FV500_REAL_ADD_024,fullVoyageQuestions,Full Voyage,introductory-questions,,5,500,The viral debate over The Dress made people argue over the same photo as if they were seeing different objects. What did the image expose?,Visible evidence can split reality,Progress bars can end waiting,"Progress bars shape waiting, but the dress debate was about perception.",Homecoming can repair identity,"Homecoming concerns return and belonging, not rival visual realities.",Demos can prove readiness,"Demos can mislead about readiness, but the dress was not a product launch.",The debate showed that seeing the same thing does not guarantee agreeing on what is real.,"The same image produced different perceived realities, making visibility less stable than it seemed.",Seeing is not always a shared answer.,,https://en.wikipedia.org/wiki/The_dress
FV500_REAL_ADD_025,FV500_REAL_ADD_025,fullVoyageQuestions,Full Voyage,going-pains,,5,500,"At the 2020 Tokyo Olympics, Simone Biles withdrew from several events after experiencing the twisties. What did the decision challenge?",Glorifying struggle at any cost,Ranking countries by income,"Income rankings measure economies, not athletic risk.",Turning travel into nostalgia,"Travel nostalgia reshapes memory, not bodily danger.",Declaring a project finished,"Declaring completion too early is about false endings, not competing while unsafe.","Stopping became a safety decision, not a failure of courage.",The withdrawal challenged the idea that pushing through danger is always the noblest form of growth.,Not every struggle deserves to be celebrated as progress.,,https://en.wikipedia.org/wiki/Simone_Biles#2020_Summer_Olympics
